Date,CDU/CSU,SPD,GRÜNE,FDP,LINKE,AfD,FW,BSW,Sonstige,N Polled,institute,mode
2026-08-21,22.5,13.0,13.0,6.0,11.0,27.5,0.0,0.0,7.0,1039.0,allensbach,FF
2026-07-23,24.0,13.0,13.0,5.5,10.0,26.5,0.0,0.0,8.0,1040.0,allensbach,FF
2026-06-24,24.0,12.5,13.0,5.5,10.0,28.0,0.0,0.0,7.0,1047.0,allensbach,FF
2026-06-24,24.0,13.5,13.0,5.0,9.5,27.0,0.0,0.0,8.0,1010.0,allensbach,FF
2026-05-11,25.0,12.5,14.0,4.5,10.0,26.0,0.0,0.0,8.0,1015.0,allensbach,FF
2026-04-17,26.0,14.0,13.0,4.0,10.0,25.0,0.0,0.0,8.0,1057.0,allensbach,FF
2026-03-21,28.0,16.0,11.5,4.0,10.0,23.0,0.0,0.0,7.5,1045.0,allensbach,FF
2026-03-02,27.0,16.0,12.0,4.0,10.0,24.0,0.0,0.0,7.0,1052.0,allensbach,FF
2026-01-31,27.0,15.0,11.5,3.5,10.0,25.0,0.0,0.0,8.0,1077.0,allensbach,FF
2025-12-11,27.0,14.0,12.5,4.5,9.0,25.0,0.0,3.0,5.0,1029.0,allensbach,FF
2025-11-14,27.0,15.5,11.0,3.5,10.0,24.0,0.0,4.0,5.0,1011.0,allensbach,FF
2025-10-17,26.0,15.0,11.0,3.0,11.0,25.0,0.0,4.0,5.0,1044.0,allensbach,FF
2025-09-24,27.0,15.0,11.0,4.0,11.0,24.0,0.0,3.0,5.0,1013.0,allensbach,FF
2025-08-21,28.0,16.0,11.0,4.0,10.0,22.5,0.0,4.0,4.5,1051.0,allensbach,FF
2025-07-19,29.0,15.0,12.0,4.0,9.0,23.0,0.0,3.5,4.5,1054.0,allensbach,FF
2025-06-20,29.0,16.0,11.0,4.0,9.0,23.0,0.0,4.0,4.0,1054.0,allensbach,FF
2025-05-24,28.0,17.0,11.0,3.0,10.0,22.5,0.0,4.0,4.5,1032.0,allensbach,FF
2025-04-19,27.0,16.0,12.0,3.0,10.0,23.5,0.0,4.0,4.5,1048.0,allensbach,FF
2025-03-27,29.5,16.0,11.5,3.0,10.0,21.0,0.0,4.0,5.0,1031.0,allensbach,FF
2025-02-21,32.0,14.5,12.0,4.5,7.5,20.0,0.0,4.5,5.0,1064.0,allensbach,FF
2025-02-13,32.0,15.0,13.0,5.0,6.0,20.0,0.0,4.0,5.0,1021.0,allensbach,FF
2025-01-23,34.0,17.0,13.5,4.0,0.0,20.0,0.0,5.0,6.5,1015.0,allensbach,FF
2024-12-20,36.0,16.0,12.0,4.0,0.0,18.0,0.0,6.0,8.0,1006.0,allensbach,FF
2024-11-22,37.0,15.0,10.0,4.0,0.0,17.0,0.0,7.5,9.5,1049.0,allensbach,FF
2024-10-18,36.0,15.0,10.5,4.5,0.0,16.0,0.0,9.0,9.0,1041.0,allensbach,FF
2024-09-19,35.5,16.0,10.0,4.0,0.0,17.0,0.0,9.0,8.5,1017.0,allensbach,FF
2024-08-22,34.0,16.0,11.5,5.0,3.0,16.0,0.0,7.0,7.5,1051.0,allensbach,FF
2024-07-25,32.0,16.5,11.5,6.0,0.0,17.0,0.0,8.0,9.0,1003.0,allensbach,FF
2024-06-20,32.0,16.0,13.0,6.0,3.0,15.0,0.0,7.0,8.0,1084.0,allensbach,FF
2024-05-24,32.5,17.5,13.0,6.0,3.0,14.0,0.0,8.0,6.0,1093.0,allensbach,FF
2024-04-26,32.5,16.0,15.0,6.0,3.0,16.0,0.0,7.0,4.5,1041.0,allensbach,FF
2024-03-21,34.0,15.0,14.0,5.0,3.0,16.0,0.0,7.0,6.0,1027.0,allensbach,FF
2024-02-22,32.0,15.0,14.0,6.0,3.0,18.0,0.0,7.0,5.0,1053.0,allensbach,FF
2024-01-25,34.0,15.0,13.5,6.0,4.0,19.5,3.0,0.0,5.0,1018.0,allensbach,FF
2023-12-21,34.0,17.0,15.0,5.0,3.5,18.0,3.0,0.0,4.5,1013.0,allensbach,FF
2023-11-23,32.0,17.0,13.5,6.0,3.5,19.0,4.0,0.0,5.0,1047.0,allensbach,FF
2023-10-25,34.0,17.0,13.0,5.0,3.0,19.0,4.0,0.0,5.0,1010.0,allensbach,FF
2023-09-21,30.0,18.0,14.0,7.0,5.0,19.0,0.0,0.0,7.0,1030.0,allensbach,FF
2023-08-23,29.0,19.0,14.0,7.0,5.0,19.0,0.0,0.0,7.0,1026.0,allensbach,FF
2023-07-27,29.0,19.0,16.0,7.0,4.0,18.0,0.0,0.0,7.0,1011.0,allensbach,FF
2023-06-29,31.0,19.0,15.0,8.0,4.0,17.0,0.0,0.0,6.0,1039.0,allensbach,FF
2023-05-18,32.0,18.0,16.0,8.0,5.0,15.0,0.0,0.0,6.0,1001.0,allensbach,FF
2023-04-26,31.0,20.0,15.0,7.5,5.0,16.0,0.0,0.0,5.5,1007.0,allensbach,FF
2023-03-23,31.0,21.0,16.0,6.5,4.5,15.0,0.0,0.0,6.0,1101.0,allensbach,FF
2023-02-15,30.0,22.5,16.0,7.5,4.0,14.0,0.0,0.0,6.0,1088.0,allensbach,FF
2023-01-26,31.0,21.0,17.0,6.0,4.5,14.0,0.0,0.0,6.5,1023.0,allensbach,FF
2022-12-21,30.0,22.0,18.0,7.5,4.5,12.0,0.0,0.0,6.0,1035.0,allensbach,FF
2022-11-24,29.5,20.0,20.0,7.0,4.0,14.0,0.0,0.0,5.5,1042.0,allensbach,FF
2022-10-20,30.5,19.0,19.0,7.0,5.0,14.0,0.0,0.0,5.5,1021.0,allensbach,FF
2022-09-16,30.0,20.0,19.0,7.0,5.5,13.0,0.0,0.0,5.5,1030.0,allensbach,FF
2022-08-24,29.0,19.5,21.0,8.0,5.0,12.0,0.0,0.0,5.5,1038.0,allensbach,FF
2022-07-27,27.5,22.0,22.0,7.0,5.0,11.0,0.0,0.0,5.5,1006.0,allensbach,FF
2022-06-22,27.0,23.0,22.0,8.0,4.5,10.0,0.0,0.0,5.5,1046.0,allensbach,FF
2022-05-27,29.0,24.0,20.5,8.0,4.5,9.0,0.0,0.0,5.0,1118.0,allensbach,FF
2022-04-13,24.0,28.0,17.0,9.0,6.0,9.0,0.0,0.0,7.0,1075.0,allensbach,FF
2022-03-24,25.0,25.0,17.0,10.5,5.0,10.0,0.0,0.0,7.5,1041.0,allensbach,FF
2022-02-24,27.0,25.0,15.0,10.5,6.0,10.0,0.0,0.0,6.5,1033.0,allensbach,FF
2022-01-26,23.0,27.5,14.5,12.5,5.5,10.0,0.0,0.0,7.0,1090.0,allensbach,FF
2021-12-22,24.0,26.0,15.0,13.0,5.0,10.5,0.0,0.0,6.5,1069.0,allensbach,FF
2021-11-18,23.0,27.0,15.0,14.0,5.5,9.5,0.0,0.0,6.0,1016.0,allensbach,FF
2021-10-20,21.0,28.0,15.0,14.0,5.0,9.5,0.0,0.0,7.5,1045.0,allensbach,FF
2021-09-24,25.0,26.0,16.0,10.5,5.0,10.0,0.0,0.0,7.5,1554.0,allensbach,FF
2021-09-08,25.0,27.0,15.5,9.5,6.0,11.0,0.0,0.0,6.0,1258.0,allensbach,FF
2021-08-28,26.0,24.0,17.0,10.5,6.0,10.5,0.0,0.0,6.0,1038.0,allensbach,FF
2021-08-19,27.5,19.5,17.5,11.0,7.5,11.0,0.0,0.0,6.0,1018.0,allensbach,FF
2021-07-28,30.0,16.0,19.5,12.0,7.0,9.5,0.0,0.0,6.0,1243.0,allensbach,FF
2021-07-20,31.5,16.5,18.0,12.0,6.5,9.5,0.0,0.0,6.0,1028.0,allensbach,FF
2021-06-16,29.5,17.0,21.5,11.0,7.0,9.0,0.0,0.0,5.0,1070.0,allensbach,FF
2021-05-19,27.5,16.0,24.0,10.0,6.5,10.0,0.0,0.0,6.0,1027.0,allensbach,FF
2021-04-21,28.0,16.5,23.0,10.0,7.5,9.5,0.0,0.0,5.5,1051.0,allensbach,FF
2021-03-24,28.5,18.0,21.5,8.5,8.5,10.0,0.0,0.0,5.0,1006.0,allensbach,FF
2021-02-25,37.0,15.0,20.0,7.0,7.0,9.5,0.0,0.0,4.5,1082.0,allensbach,FF
2021-01-28,37.0,16.0,20.0,6.5,7.5,9.0,0.0,0.0,4.0,1080.0,allensbach,FF
2020-12-16,37.0,16.5,19.0,7.0,7.0,9.0,0.0,0.0,4.5,1022.0,allensbach,FF
2020-11-18,37.0,17.0,18.0,6.5,7.5,9.5,0.0,0.0,4.5,1286.0,allensbach,FF
2020-10-23,35.5,17.0,20.0,6.0,7.0,10.0,0.0,0.0,4.5,1045.0,allensbach,FF
2020-09-22,37.0,17.0,19.5,6.0,7.0,9.0,0.0,0.0,4.5,1043.0,allensbach,FF
2020-08-27,38.0,17.0,19.0,5.5,7.0,9.0,0.0,0.0,4.5,1231.0,allensbach,FF
2020-07-22,38.0,15.5,20.0,5.5,7.5,9.0,0.0,0.0,4.5,1237.0,allensbach,FF
2020-06-18,40.0,16.0,18.5,4.5,7.0,9.5,0.0,0.0,4.5,1314.0,allensbach,FF
2020-05-22,38.0,15.5,19.0,5.5,7.0,9.0,0.0,0.0,6.0,1013.0,allensbach,FF
2020-04-24,38.0,16.0,19.0,6.0,7.0,9.0,0.0,0.0,5.0,1152.0,allensbach,FF
2020-03-25,29.0,16.5,23.0,7.0,8.0,11.5,0.0,0.0,5.0,1219.0,allensbach,FF
2020-02-19,27.5,14.5,23.0,8.0,9.5,13.0,0.0,0.0,4.5,1262.0,allensbach,FF
2020-01-29,28.5,14.0,23.5,8.0,8.0,13.0,0.0,0.0,5.0,1273.0,allensbach,FF
2019-12-19,28.5,15.0,21.0,7.0,8.5,15.0,0.0,0.0,5.0,1270.0,allensbach,FF
2019-11-19,29.5,14.0,21.5,7.5,8.0,14.5,0.0,0.0,5.0,1298.0,allensbach,FF
2019-10-16,29.5,16.0,23.5,6.5,7.0,13.0,0.0,0.0,4.5,1238.0,allensbach,FF
2019-09-17,29.0,15.0,22.0,7.0,8.0,14.0,0.0,0.0,5.0,1255.0,allensbach,FF
2019-08-21,29.5,13.5,24.0,7.0,8.0,12.5,0.0,0.0,5.5,1262.0,allensbach,FF
2019-07-24,29.5,14.5,23.0,7.0,8.5,11.5,0.0,0.0,6.0,1228.0,allensbach,FF
2019-06-21,29.0,12.0,25.0,8.0,8.0,12.0,0.0,0.0,6.0,1273.0,allensbach,FF
2019-05-23,30.0,17.5,17.0,9.0,8.5,13.0,0.0,0.0,5.0,1283.0,allensbach,FF
2019-04-18,30.0,18.5,18.0,9.0,8.0,12.5,0.0,0.0,4.0,1305.0,allensbach,FF
2019-03-27,30.0,18.0,19.0,8.5,8.5,12.0,0.0,0.0,4.0,1198.0,allensbach,FF
2019-02-19,30.0,18.0,18.5,8.0,8.0,13.5,0.0,0.0,4.0,1222.0,allensbach,FF
2019-01-23,31.5,16.5,18.0,8.5,8.5,13.0,0.0,0.0,4.0,1249.0,allensbach,FF
2018-12-20,29.0,16.5,19.0,8.5,9.0,14.0,0.0,0.0,4.0,1295.0,allensbach,FF
2018-11-30,28.0,17.0,19.0,9.5,9.0,13.5,0.0,0.0,4.0,1242.0,allensbach,FF
2018-10-18,29.0,19.0,15.0,8.5,9.0,15.0,0.0,0.0,4.5,1259.0,allensbach,FF
2018-09-18,31.5,19.5,12.5,8.5,9.0,15.0,0.0,0.0,4.0,1258.0,allensbach,FF
2018-08-15,31.0,20.0,12.5,9.0,9.0,14.5,0.0,0.0,4.0,1295.0,allensbach,FF
2018-07-17,30.5,20.0,12.0,9.5,9.0,15.0,0.0,0.0,4.0,1295.0,allensbach,FF
2018-06-20,33.0,21.0,11.0,9.5,9.5,13.0,0.0,0.0,3.0,1279.0,allensbach,FF
2018-05-17,34.0,20.0,11.0,9.0,10.0,11.5,0.0,0.0,4.5,1253.0,allensbach,FF
2018-04-25,34.0,20.5,11.0,10.0,9.0,12.0,0.0,0.0,3.5,1279.0,allensbach,FF
2018-03-21,34.0,19.0,11.0,10.0,10.0,12.5,0.0,0.0,3.5,1256.0,allensbach,FF
2018-02-23,32.0,17.5,12.0,11.0,9.5,13.0,0.0,0.0,5.0,1271.0,allensbach,FF
2018-01-25,34.0,21.0,10.5,10.0,8.5,12.0,0.0,0.0,4.0,1221.0,allensbach,FF
2017-12-21,34.0,21.0,11.5,10.0,9.0,11.0,0.0,0.0,3.5,1443.0,allensbach,FF
2017-11-30,33.0,21.5,11.0,10.0,9.0,11.0,0.0,0.0,4.5,1299.0,allensbach,FF
2017-10-25,33.0,20.5,9.5,12.0,9.0,12.0,0.0,0.0,4.0,1454.0,allensbach,FF
2002-09-20,37.0,37.5,7.5,9.5,4.5,0.0,0.0,0.0,4.0,,allensbach,FF
2002-09-17,37.3,37.0,7.2,10.1,4.4,0.0,0.0,0.0,4.0,2000.0,allensbach,FF
2002-09-11,37.0,37.0,7.3,10.1,4.9,0.0,0.0,0.0,3.7,2000.0,allensbach,FF
2002-09-08,38.2,35.2,7.2,11.2,4.9,0.0,0.0,0.0,3.3,,allensbach,FF
2002-09-04,39.1,34.2,7.0,11.6,4.9,0.0,0.0,0.0,3.2,,allensbach,FF
2002-08-28,40.1,32.9,6.5,11.6,5.1,0.0,0.0,0.0,3.8,,allensbach,FF
2002-08-25,39.8,32.8,6.6,11.7,5.0,0.0,0.0,0.0,4.1,,allensbach,FF
2002-08-21,39.7,31.9,6.7,12.8,5.6,0.0,0.0,0.0,3.3,,allensbach,FF
2002-08-14,39.7,33.0,6.2,12.5,5.6,0.0,0.0,0.0,3.0,,allensbach,FF
2002-08-02,38.8,34.2,6.9,12.1,5.6,0.0,0.0,0.0,2.4,,allensbach,FF
2002-07-03,38.3,33.4,6.9,13.1,5.7,0.0,0.0,0.0,1.4,1000.0,allensbach,FF
2002-06-12,39.0,32.2,7.1,12.4,6.2,0.0,0.0,0.0,3.1,,allensbach,FF
2002-05-15,38.2,33.2,6.4,12.8,6.2,0.0,0.0,0.0,1.4,,allensbach,FF
2002-04-17,37.0,34.5,6.5,11.9,6.9,0.0,0.0,0.0,1.6,,allensbach,FF
2002-03-20,37.3,34.0,6.6,11.9,6.6,0.0,0.0,0.0,3.6,,allensbach,FF
2002-02-20,36.1,34.1,6.5,13.2,6.6,0.0,0.0,0.0,2.2,,allensbach,FF
2002-01-30,35.8,34.9,6.6,11.1,6.7,0.0,0.0,0.0,4.9,,allensbach,FF
2001-12-19,35.1,35.4,6.6,11.5,6.6,0.0,0.0,0.0,2.2,,allensbach,FF
2001-11-14,34.5,36.7,7.4,10.6,6.4,0.0,0.0,0.0,2.9,,allensbach,FF
2001-10-17,35.7,36.8,7.4,10.9,5.7,0.0,0.0,0.0,2.0,,allensbach,FF
2001-09-19,35.7,35.9,8.0,10.9,6.0,0.0,0.0,0.0,1.8,,allensbach,FF
2001-08-14,34.0,36.1,7.8,11.0,6.4,0.0,0.0,0.0,3.9,,allensbach,FF
2001-07-25,33.0,37.2,7.7,10.8,6.7,0.0,0.0,0.0,2.4,,allensbach,FF
2001-06-20,33.4,37.1,7.9,11.1,6.0,0.0,0.0,0.0,2.9,,allensbach,FF
2001-05-16,33.6,38.1,7.9,10.2,5.7,0.0,0.0,0.0,2.5,,allensbach,FF
2001-04-18,32.9,39.2,7.7,10.2,5.7,0.0,0.0,0.0,2.5,,allensbach,FF
2001-03-14,32.4,39.3,7.5,10.0,6.2,0.0,0.0,0.0,2.3,,allensbach,FF
2001-02-14,32.8,38.7,8.0,9.6,6.1,0.0,0.0,0.0,2.5,,allensbach,FF
2001-01-24,33.1,39.1,7.3,9.7,6.3,0.0,0.0,0.0,3.4,,allensbach,FF
2000-12-20,35.2,38.1,7.4,9.6,6.0,0.0,0.0,0.0,2.6,,allensbach,FF
2000-11-15,33.8,37.8,7.4,9.6,6.1,0.0,0.0,0.0,3.4,,allensbach,FF
2000-10-18,34.0,38.0,6.9,9.5,6.0,0.0,0.0,0.0,3.6,,allensbach,FF
2000-09-27,33.1,39.0,7.4,9.8,6.2,0.0,0.0,0.0,2.9,,allensbach,FF
2000-08-16,32.4,39.0,6.9,10.1,6.3,0.0,0.0,0.0,2.5,,allensbach,FF
2000-07-19,32.3,37.1,7.1,11.5,6.8,0.0,0.0,0.0,3.0,,allensbach,FF
2000-06-14,33.0,35.9,7.9,11.1,6.5,0.0,0.0,0.0,1.8,,allensbach,FF
2000-04-19,32.0,38.6,8.4,8.4,7.1,0.0,0.0,0.0,2.1,,allensbach,FF
2000-03-22,31.3,39.8,8.5,7.9,7.1,0.0,0.0,0.0,2.3,,allensbach,FF
2000-02-23,31.3,40.3,8.0,7.7,6.7,0.0,0.0,0.0,3.5,,allensbach,FF
2000-01-19,37.8,36.9,7.5,6.3,6.5,0.0,0.0,0.0,3.3,,allensbach,FF
1999-12-15,41.6,32.3,7.5,6.4,7.1,0.0,0.0,0.0,1.7,,allensbach,FF
1999-11-17,44.7,30.4,6.9,6.9,6.8,0.0,0.0,0.0,2.7,,allensbach,FF
1999-10-13,44.5,30.8,6.8,5.9,7.2,0.0,0.0,0.0,2.5,,allensbach,FF
1999-09-15,42.0,32.9,7.2,6.6,7.0,0.0,0.0,0.0,1.7,,allensbach,FF
1999-08-18,42.2,32.6,7.4,6.6,6.0,0.0,0.0,0.0,2.1,,allensbach,FF
1999-07-21,43.3,32.6,6.7,7.0,5.9,0.0,0.0,0.0,2.0,,allensbach,FF
1999-06-16,39.7,35.6,6.6,7.7,5.8,0.0,0.0,0.0,2.7,,allensbach,FF
1999-05-19,36.8,37.3,7.8,7.0,5.9,0.0,0.0,0.0,1.8,,allensbach,FF
1999-04-14,37.9,37.6,6.5,7.5,5.5,0.0,0.0,0.0,2.7,,allensbach,FF
1999-03-17,38.7,37.0,6.8,7.4,5.7,0.0,0.0,0.0,2.7,,allensbach,FF
1998-09-26,36.0,40.5,6.0,6.5,5.0,0.0,0.0,0.0,6.0,,allensbach,FF
1998-09-23,36.1,41.1,7.0,6.5,4.7,0.0,0.0,0.0,4.6,,allensbach,FF
1998-09-16,35.5,41.4,7.0,6.6,5.0,0.0,0.0,0.0,4.5,,allensbach,FF
1998-09-09,35.6,40.8,7.5,7.2,4.5,0.0,0.0,0.0,2.3,,allensbach,FF
1998-09-02,35.5,41.1,7.0,6.1,4.9,0.0,0.0,0.0,3.0,,allensbach,FF
1998-08-26,35.2,42.7,6.3,6.0,5.3,0.0,0.0,0.0,3.3,,allensbach,FF
1998-08-19,34.5,42.9,7.0,5.8,5.2,0.0,0.0,0.0,2.6,,allensbach,FF
1998-08-12,33.0,43.8,7.0,6.6,5.2,0.0,0.0,0.0,2.8,,allensbach,FF
1998-06-17,31.1,44.4,7.6,6.9,5.7,0.0,0.0,0.0,2.0,,allensbach,FF
1998-05-20,31.0,45.5,7.5,5.7,5.9,0.0,0.0,0.0,2.9,,allensbach,FF
1998-04-29,31.3,45.2,8.5,5.8,5.2,0.0,0.0,0.0,1.2,,allensbach,FF
1998-03-25,32.1,42.7,10.2,5.8,5.4,0.0,0.0,0.0,1.8,,allensbach,FF
2005-09-16,41.5,32.5,7.0,8.0,8.5,0.0,0.0,0.0,2.5,1682.0,allensbach,FF
2005-09-13,41.7,32.9,7.2,7.0,8.5,0.0,0.0,0.0,2.7,2000.0,allensbach,FF
2005-09-09,41.5,32.7,7.2,7.0,8.9,0.0,0.0,0.0,2.7,,allensbach,FF
2005-09-02,41.7,29.6,8.1,8.0,9.7,0.0,0.0,0.0,2.9,2000.0,allensbach,FF
2005-08-27,43.5,28.1,7.7,7.8,10.1,0.0,0.0,0.0,2.8,2000.0,allensbach,FF
2005-08-23,41.8,27.9,8.1,8.7,10.3,0.0,0.0,0.0,3.2,,allensbach,FF
2005-08-16,41.9,27.9,8.0,8.4,10.5,0.0,0.0,0.0,3.3,,allensbach,FF
2005-07-19,45.2,26.4,8.2,8.0,9.2,0.0,0.0,0.0,3.0,1400.0,allensbach,FF
2005-06-15,46.9,27.4,9.2,8.1,4.8,0.0,0.0,0.0,3.6,2000.0,allensbach,FF
2005-05-18,44.1,28.6,9.8,8.2,5.4,0.0,0.0,0.0,3.9,2000.0,allensbach,FF
2005-04-20,44.0,29.3,9.3,8.5,5.1,0.0,0.0,0.0,3.8,2000.0,allensbach,FF
2005-03-16,41.0,31.5,9.4,8.8,5.1,0.0,0.0,0.0,4.2,2000.0,allensbach,FF
2005-02-16,37.2,32.9,11.1,8.8,5.7,0.0,0.0,0.0,4.3,2000.0,allensbach,FF
2005-01-26,38.9,30.6,11.1,8.6,6.1,0.0,0.0,0.0,4.7,2063.0,allensbach,FF
2004-12-15,39.7,30.1,11.9,8.4,6.0,0.0,0.0,0.0,3.9,2063.0,allensbach,FF
2004-11-18,38.9,30.9,10.9,8.8,5.8,0.0,0.0,0.0,4.7,2033.0,allensbach,FF
2004-10-20,41.5,27.0,12.1,8.4,6.3,0.0,0.0,0.0,4.7,,allensbach,FF
2004-09-15,44.6,23.7,11.4,8.0,7.5,0.0,0.0,0.0,4.8,,allensbach,FF
2004-08-17,42.9,25.3,11.3,8.2,7.4,0.0,0.0,0.0,4.9,2000.0,allensbach,FF
2004-07-21,44.2,24.2,12.2,8.5,6.0,0.0,0.0,0.0,4.9,2114.0,allensbach,FF
2004-06-16,45.9,25.0,10.8,7.9,5.4,0.0,0.0,0.0,5.0,2000.0,allensbach,FF
2004-05-19,46.7,24.5,11.9,7.9,5.1,0.0,0.0,0.0,3.9,,allensbach,FF
2004-04-21,47.1,24.5,11.5,8.3,5.3,0.0,0.0,0.0,3.3,,allensbach,FF
2004-03-17,47.2,23.8,11.9,8.1,4.8,0.0,0.0,0.0,4.2,2000.0,allensbach,FF
2004-02-18,47.8,24.2,10.4,8.4,5.2,0.0,0.0,0.0,4.0,,allensbach,FF
2004-01-28,46.9,25.3,10.6,7.9,5.2,0.0,0.0,0.0,4.1,2000.0,allensbach,FF
2003-12-17,47.4,25.5,11.4,7.8,4.8,0.0,0.0,0.0,3.1,2000.0,allensbach,FF
2003-11-12,46.9,26.1,11.1,7.4,4.8,0.0,0.0,0.0,3.7,,allensbach,FF
2003-10-15,46.8,26.9,11.2,7.8,4.3,0.0,0.0,0.0,3.0,,allensbach,FF
2003-09-17,43.7,30.8,9.7,7.9,4.6,0.0,0.0,0.0,3.3,,allensbach,FF
2003-08-20,43.7,31.0,9.9,7.6,4.3,0.0,0.0,0.0,3.5,,allensbach,FF
2003-07-23,42.9,30.6,10.0,7.8,4.4,0.0,0.0,0.0,4.3,,allensbach,FF
2003-06-18,43.1,29.9,10.7,7.8,4.0,0.0,0.0,0.0,4.5,,allensbach,FF
2003-05-14,43.9,29.4,11.3,8.9,4.2,0.0,0.0,0.0,2.3,,allensbach,FF
2003-04-16,43.6,30.6,10.4,8.8,4.2,0.0,0.0,0.0,2.4,,allensbach,FF
2003-03-19,46.3,27.4,10.9,8.8,4.2,0.0,0.0,0.0,2.4,,allensbach,FF
2003-02-19,47.0,27.6,9.8,8.6,4.2,0.0,0.0,0.0,2.8,,allensbach,FF
2003-01-29,45.0,31.4,8.3,8.3,4.4,0.0,0.0,0.0,2.6,,allensbach,FF
2002-12-18,47.6,26.4,10.5,7.3,5.0,0.0,0.0,0.0,3.2,,allensbach,FF
2002-11-15,44.1,32.3,9.4,6.8,4.0,0.0,0.0,0.0,3.4,2000.0,allensbach,FF
2009-09-22,35.0,24.0,11.0,13.5,11.5,0.0,0.0,0.0,5.0,1200.0,allensbach,FF
2009-09-15,36.0,22.5,12.0,12.5,12.0,0.0,0.0,0.0,5.0,,allensbach,FF
2009-09-09,35.0,22.5,13.0,13.0,11.5,0.0,0.0,0.0,5.0,,allensbach,FF
2009-09-01,35.5,23.0,13.5,14.0,9.5,0.0,0.0,0.0,4.5,,allensbach,FF
2009-08-18,36.5,23.0,13.0,14.5,9.0,0.0,0.0,0.0,4.0,,allensbach,FF
2009-07-21,36.5,24.0,12.0,13.5,10.0,0.0,0.0,0.0,4.0,1800.0,allensbach,FF
2009-06-16,36.0,24.5,11.5,14.5,9.5,0.0,0.0,0.0,4.0,2000.0,allensbach,FF
2009-05-19,36.5,26.0,10.5,13.5,9.5,0.0,0.0,0.0,4.0,,allensbach,FF
2009-04-21,37.5,24.5,10.5,13.5,10.0,0.0,0.0,0.0,4.0,,allensbach,FF
2009-03-24,34.8,26.1,10.5,14.5,10.0,0.0,0.0,0.0,4.1,2000.0,allensbach,FF
2009-02-24,35.6,24.7,11.0,14.8,10.8,0.0,0.0,0.0,3.1,2000.0,allensbach,FF
2009-01-27,36.1,26.9,9.6,12.1,11.5,0.0,0.0,0.0,3.8,2000.0,allensbach,FF
2008-12-17,36.9,25.9,9.7,11.3,12.5,0.0,0.0,0.0,3.7,,allensbach,FF
2008-11-19,36.1,26.6,10.8,11.2,11.3,0.0,0.0,0.0,4.0,,allensbach,FF
2008-10-21,35.5,25.8,10.3,12.2,12.6,0.0,0.0,0.0,3.6,,allensbach,FF
2008-09-17,36.2,26.6,10.3,11.3,11.5,0.0,0.0,0.0,4.1,,allensbach,FF
2008-08-19,36.1,26.5,9.5,11.3,13.0,0.0,0.0,0.0,3.6,2000.0,allensbach,FF
2008-07-22,36.3,26.8,10.1,11.4,12.0,0.0,0.0,0.0,3.4,,allensbach,FF
2008-06-24,35.0,25.6,10.7,11.9,12.8,0.0,0.0,0.0,4.0,2000.0,allensbach,FF
2008-05-20,35.2,28.2,9.7,11.3,11.9,0.0,0.0,0.0,3.7,2000.0,allensbach,FF
2008-04-22,36.4,26.8,10.6,11.0,11.7,0.0,0.0,0.0,3.5,,allensbach,FF
2008-03-18,36.0,27.5,9.9,10.8,12.2,0.0,0.0,0.0,3.6,,allensbach,FF
2008-02-19,34.8,28.3,8.9,11.8,11.8,0.0,0.0,0.0,4.4,2000.0,allensbach,FF
2008-01-22,37.0,29.0,9.3,11.1,9.8,0.0,0.0,0.0,3.8,,allensbach,FF
2007-12-18,37.9,28.0,9.5,10.4,10.6,0.0,0.0,0.0,3.6,2000.0,allensbach,FF
2007-11-14,38.0,28.6,9.2,11.0,10.1,0.0,0.0,0.0,3.1,,allensbach,FF
2007-10-16,37.7,27.1,10.0,10.0,11.5,0.0,0.0,0.0,3.7,,allensbach,FF
2007-09-19,38.0,26.8,9.6,10.8,11.3,0.0,0.0,0.0,3.5,,allensbach,FF
2007-08-14,36.8,27.1,10.3,10.5,11.1,0.0,0.0,0.0,4.2,2000.0,allensbach,FF
2007-07-17,37.0,28.3,9.7,9.4,12.5,0.0,0.0,0.0,3.1,2000.0,allensbach,FF
2007-06-13,35.0,29.2,10.3,10.5,10.3,0.0,0.0,0.0,4.7,,allensbach,FF
2007-05-16,36.4,29.7,8.6,12.5,9.3,0.0,0.0,0.0,3.5,,allensbach,FF
2007-04-17,36.7,30.7,8.4,11.5,10.4,0.0,0.0,0.0,2.3,,allensbach,FF
2007-03-21,35.1,30.0,10.6,11.4,9.6,0.0,0.0,0.0,3.3,,allensbach,FF
2007-02-21,34.3,30.8,9.9,12.7,9.2,0.0,0.0,0.0,3.1,2000.0,allensbach,FF
2007-01-23,34.7,29.8,10.1,12.4,9.9,0.0,0.0,0.0,3.1,1800.0,allensbach,FF
2006-12-20,33.6,30.4,9.9,12.4,9.7,0.0,0.0,0.0,4.0,2077.0,allensbach,FF
2006-11-14,31.2,30.1,10.4,13.3,10.2,0.0,0.0,0.0,4.8,,allensbach,FF
2006-10-17,31.6,30.4,11.0,12.8,9.3,0.0,0.0,0.0,4.9,2000.0,allensbach,FF
2006-09-20,35.8,28.8,10.9,11.3,9.9,0.0,0.0,0.0,3.3,2000.0,allensbach,FF
2006-08-16,33.3,29.3,9.9,12.5,10.3,0.0,0.0,0.0,4.7,2000.0,allensbach,FF
2006-07-19,36.6,28.2,9.2,12.1,9.2,0.0,0.0,0.0,4.7,2000.0,allensbach,FF
2006-06-21,35.3,30.5,9.2,11.5,10.3,0.0,0.0,0.0,3.2,2000.0,allensbach,FF
2006-05-17,37.5,30.7,7.5,10.6,9.9,0.0,0.0,0.0,3.8,,allensbach,FF
2006-04-12,37.5,30.2,8.3,10.6,9.3,0.0,0.0,0.0,4.1,2099.0,allensbach,FF
2006-03-15,38.3,30.3,8.1,11.0,9.4,0.0,0.0,0.0,2.9,2065.0,allensbach,FF
2006-02-22,37.2,31.9,7.9,9.8,9.4,0.0,0.0,0.0,3.8,2046.0,allensbach,FF
2006-01-25,37.8,30.8,8.4,9.8,8.7,0.0,0.0,0.0,4.5,1988.0,allensbach,FF
2005-12-21,36.3,32.6,8.2,10.3,9.1,0.0,0.0,0.0,3.5,2052.0,allensbach,FF
2005-11-23,35.7,32.6,8.0,10.7,8.9,0.0,0.0,0.0,4.1,,allensbach,FF
2005-10-19,36.4,33.2,8.3,9.6,9.1,0.0,0.0,0.0,3.4,2000.0,allensbach,FF
2013-09-20,39.5,27.0,9.0,5.5,9.0,4.5,0.0,0.0,3.5,1070.0,allensbach,FF
2013-09-18,39.0,26.0,11.0,6.0,9.0,3.5,0.0,0.0,3.5,1269.0,allensbach,FF
2013-09-04,40.0,25.0,12.5,6.0,7.5,3.0,0.0,0.0,3.5,1548.0,allensbach,FF
2013-08-21,39.0,24.5,13.5,7.0,7.0,3.0,0.0,0.0,4.0,1553.0,allensbach,FF
2013-07-12,40.0,25.5,12.5,6.5,6.0,3.5,0.0,0.0,4.0,1583.0,allensbach,FF
2013-06-19,38.0,26.0,14.0,6.0,7.0,3.0,0.0,0.0,4.0,1490.0,allensbach,FF
2013-05-22,39.0,27.0,13.0,6.0,6.0,3.5,0.0,0.0,3.0,1503.0,allensbach,FF
2013-05-03,38.5,26.0,15.0,5.5,6.0,3.5,0.0,0.0,2.5,,allensbach,FF
2013-04-17,38.5,28.0,15.0,5.0,7.0,0.0,0.0,0.0,3.5,1548.0,allensbach,FF
2013-03-20,39.5,26.5,15.5,6.0,6.0,0.0,0.0,0.0,4.0,15.0,allensbach,FF
2013-02-20,39.0,27.0,15.0,6.0,6.5,0.0,0.0,0.0,3.5,,allensbach,FF
2013-01-23,39.0,28.0,14.0,5.0,7.0,0.0,0.0,0.0,4.0,1653.0,allensbach,FF
2012-12-19,37.5,30.0,14.0,4.5,6.5,0.0,0.0,0.0,4.0,1611.0,allensbach,FF
2012-11-21,37.5,31.0,12.5,4.0,6.5,0.0,0.0,0.0,4.5,1606.0,allensbach,FF
2012-10-17,35.5,31.0,14.0,4.5,6.0,0.0,0.0,0.0,4.0,1636.0,allensbach,FF
2012-09-26,34.0,30.0,14.0,5.5,6.5,0.0,0.0,0.0,4.5,1558.0,allensbach,FF
2012-08-22,35.0,28.0,15.0,5.5,6.0,0.0,0.0,0.0,4.0,1642.0,allensbach,FF
2012-07-18,36.0,27.0,14.0,6.0,6.0,0.0,0.0,0.0,4.5,1615.0,allensbach,FF
2012-06-20,34.0,28.0,15.5,5.5,5.0,0.0,0.0,0.0,4.5,1617.0,allensbach,FF
2012-05-23,35.5,30.0,14.0,4.5,5.5,0.0,0.0,0.0,3.5,1608.0,allensbach,FF
2012-04-18,34.5,28.0,14.0,3.5,7.0,0.0,0.0,0.0,3.0,1597.0,allensbach,FF
2012-03-21,35.0,30.0,16.0,3.5,7.0,0.0,0.0,0.0,3.5,1613.0,allensbach,FF
2012-02-22,36.0,28.0,15.5,4.5,7.5,0.0,0.0,0.0,3.5,1761.0,allensbach,FF
2012-01-25,35.0,29.0,16.5,4.0,7.0,0.0,0.0,0.0,4.5,1904.0,allensbach,FF
2011-12-13,34.0,30.0,16.0,4.0,7.0,0.0,0.0,0.0,4.0,1889.0,allensbach,FF
2011-11-16,32.0,30.0,17.0,4.5,8.0,0.0,0.0,0.0,4.0,1774.0,allensbach,FF
2011-10-19,31.0,30.5,17.5,4.5,7.5,0.0,0.0,0.0,3.5,1869.0,allensbach,FF
2011-09-21,33.5,28.5,19.0,5.0,8.0,0.0,0.0,0.0,6.0,1802.0,allensbach,FF
2011-08-16,33.0,29.0,20.0,4.5,7.5,0.0,0.0,0.0,6.0,1771.0,allensbach,FF
2011-07-20,34.0,27.0,20.0,5.5,7.5,0.0,0.0,0.0,6.0,1751.0,allensbach,FF
2011-06-22,34.5,27.5,21.0,4.5,7.0,0.0,0.0,0.0,5.5,1757.0,allensbach,FF
2011-05-18,33.0,27.0,22.0,5.5,6.5,0.0,0.0,0.0,6.0,1789.0,allensbach,FF
2011-04-19,32.0,28.0,23.0,5.0,7.0,0.0,0.0,0.0,5.0,1740.0,allensbach,FF
2011-03-16,36.5,29.0,15.0,6.5,8.0,0.0,0.0,0.0,5.0,1811.0,allensbach,FF
2011-02-23,36.0,28.5,16.5,6.5,7.5,0.0,0.0,0.0,5.0,1803.0,allensbach,FF
2011-01-25,34.5,27.5,18.0,5.5,8.5,0.0,0.0,0.0,6.0,1861.0,allensbach,FF
2010-12-21,34.0,28.5,18.5,6.0,8.0,0.0,0.0,0.0,5.0,1852.0,allensbach,FF
2010-11-24,32.0,27.5,19.5,6.0,9.0,0.0,0.0,0.0,6.0,1837.0,allensbach,FF
2010-10-20,30.5,28.0,20.5,5.5,9.5,0.0,0.0,0.0,6.0,1786.0,allensbach,FF
2010-09-21,32.5,29.5,18.5,6.5,8.0,0.0,0.0,0.0,5.0,1832.0,allensbach,FF
2010-08-17,31.0,32.0,17.0,6.0,8.5,0.0,0.0,0.0,5.5,1807.0,allensbach,FF
2010-07-20,31.5,31.5,15.5,6.5,9.5,0.0,0.0,0.0,5.5,1796.0,allensbach,FF
2010-06-23,32.0,29.0,15.5,7.0,11.0,0.0,0.0,0.0,5.5,1882.0,allensbach,FF
2010-05-26,32.0,28.5,14.5,8.5,10.0,0.0,0.0,0.0,6.5,1827.0,allensbach,FF
2010-04-28,35.0,27.5,13.5,9.0,9.5,0.0,0.0,0.0,5.5,1833.0,allensbach,FF
2010-03-24,36.0,25.5,13.0,9.0,11.0,0.0,0.0,0.0,5.5,1812.0,allensbach,FF
2010-02-23,37.0,23.5,13.5,10.5,10.5,0.0,0.0,0.0,5.0,1816.0,allensbach,FF
2010-01-27,34.5,25.0,11.5,13.0,11.0,0.0,0.0,0.0,5.0,1849.0,allensbach,FF
2009-12-16,34.5,24.0,11.0,13.5,12.0,0.0,0.0,0.0,5.0,1788.0,allensbach,FF
2009-11-25,35.5,23.0,11.0,14.0,11.5,0.0,0.0,0.0,5.0,1792.0,allensbach,FF
2009-10-28,35.0,23.0,10.5,14.0,12.0,0.0,0.0,0.0,5.5,1834.0,allensbach,FF
2017-09-22,36.0,22.0,8.0,10.5,9.5,10.0,0.0,0.0,4.0,1074.0,allensbach,FF
2017-09-19,36.5,22.0,8.0,11.0,9.0,10.0,0.0,0.0,3.5,1083.0,allensbach,FF
2017-09-06,38.5,24.0,7.5,10.0,8.0,8.0,0.0,0.0,4.0,1043.0,allensbach,FF
2017-08-22,39.5,24.0,7.5,10.0,8.0,7.0,0.0,0.0,4.0,1421.0,allensbach,FF
2017-07-18,39.5,25.0,7.0,9.0,9.0,7.0,0.0,0.0,3.5,1403.0,allensbach,FF
2017-06-20,40.0,24.0,7.0,10.5,8.5,6.5,0.0,0.0,3.5,1437.0,allensbach,FF
2017-05-26,37.0,26.0,8.0,9.0,8.0,8.0,0.0,0.0,4.0,1457.0,allensbach,FF
2017-04-25,36.0,31.0,7.0,6.0,9.0,7.0,0.0,0.0,4.0,1407.0,allensbach,FF
2017-03-28,34.0,33.0,7.5,6.5,8.0,7.0,0.0,0.0,4.0,1397.0,allensbach,FF
2017-02-22,33.0,30.5,8.0,7.0,8.0,8.5,0.0,0.0,5.0,1542.0,allensbach,FF
2017-01-26,36.0,23.0,9.0,7.0,9.5,11.5,0.0,0.0,4.0,1441.0,allensbach,FF
2016-12-22,35.5,22.0,10.0,7.5,9.5,10.5,0.0,0.0,5.0,1459.0,allensbach,FF
2016-11-16,34.0,23.0,11.0,7.5,9.0,10.5,0.0,0.0,5.0,1436.0,allensbach,FF
2016-10-20,33.0,22.0,12.0,7.5,9.0,12.5,0.0,0.0,4.0,1458.0,allensbach,FF
2016-09-22,33.5,24.0,11.0,7.0,7.0,12.5,0.0,0.0,5.0,1407.0,allensbach,FF
2016-08-24,34.5,23.0,11.5,7.5,9.0,10.0,0.0,0.0,4.5,1496.0,allensbach,FF
2016-07-21,35.5,22.5,12.0,7.0,9.5,9.5,0.0,0.0,4.0,1466.0,allensbach,FF
2016-06-15,33.5,21.0,12.0,8.0,9.0,11.5,0.0,0.0,5.0,1396.0,allensbach,FF
2016-05-17,33.5,21.0,11.5,8.0,9.0,12.5,0.0,0.0,4.5,1474.0,allensbach,FF
2016-04-20,33.5,23.0,11.0,8.0,9.0,10.5,0.0,0.0,5.0,1388.0,allensbach,FF
2016-03-18,35.0,24.5,10.0,7.0,9.0,10.5,0.0,0.0,4.0,1456.0,allensbach,FF
2016-02-17,33.5,24.0,10.0,7.0,10.0,10.5,0.0,0.0,5.0,1521.0,allensbach,FF
2016-01-26,35.0,25.0,9.0,6.5,9.5,10.0,0.0,0.0,5.0,1431.0,allensbach,FF
2015-12-16,38.0,26.0,9.5,5.0,8.5,8.0,0.0,0.0,5.0,1457.0,allensbach,FF
2015-11-19,37.5,26.0,9.5,5.5,9.5,7.0,0.0,0.0,5.0,1448.0,allensbach,FF
2015-10-20,38.0,26.0,9.5,5.5,9.0,7.0,0.0,0.0,5.0,1400.0,allensbach,FF
2015-09-16,42.0,25.5,9.5,6.0,8.5,3.5,0.0,0.0,5.0,1400.0,allensbach,FF
2015-08-19,41.5,26.0,9.5,5.5,9.0,3.5,0.0,0.0,5.0,1400.0,allensbach,FF
2015-07-16,40.5,25.5,10.0,5.5,9.5,4.0,0.0,0.0,5.0,1200.0,allensbach,FF
2015-06-18,41.5,26.0,10.0,5.0,8.5,4.0,0.0,0.0,5.0,1400.0,allensbach,FF
2015-05-21,41.5,25.5,9.5,5.0,9.0,5.0,0.0,0.0,4.5,1450.0,allensbach,FF
2015-04-16,40.5,26.5,9.5,5.0,8.5,6.0,0.0,0.0,4.0,1430.0,allensbach,FF
2015-03-19,41.5,26.0,9.5,5.0,8.0,6.0,0.0,0.0,4.0,1500.0,allensbach,FF
2015-02-19,41.0,25.5,9.5,5.0,9.0,6.0,0.0,0.0,4.0,1400.0,allensbach,FF
2015-01-28,41.5,25.0,10.5,4.0,8.5,6.0,0.0,0.0,4.5,1455.0,allensbach,FF
2014-12-17,40.5,26.0,9.5,3.5,8.5,7.0,0.0,0.0,5.0,1505.0,allensbach,FF
2014-11-19,40.5,27.0,9.5,3.5,8.0,6.5,0.0,0.0,5.0,,allensbach,FF
2014-10-21,39.5,26.0,10.5,3.0,8.5,7.5,0.0,0.0,5.0,,allensbach,FF
2014-09-17,41.0,25.5,10.0,4.0,8.5,6.5,0.0,0.0,4.5,,allensbach,FF
2014-08-20,41.0,26.5,10.0,3.0,8.0,6.5,0.0,0.0,5.0,,allensbach,FF
2014-07-16,40.5,25.0,11.0,3.5,8.5,6.0,0.0,0.0,5.5,,allensbach,FF
2014-06-20,40.0,26.0,10.0,4.0,8.0,6.0,0.0,0.0,6.0,,allensbach,FF
2014-05-14,39.5,26.0,10.5,5.0,8.0,5.5,0.0,0.0,5.5,,allensbach,FF
2014-04-16,40.0,26.5,11.0,4.5,8.0,5.0,0.0,0.0,5.0,1571.0,allensbach,FF
2014-03-19,40.5,25.0,10.0,5.0,9.0,5.0,0.0,0.0,5.5,,allensbach,FF
2014-02-20,40.0,26.5,10.5,4.0,9.0,5.0,0.0,0.0,5.0,,allensbach,FF
2014-01-29,40.0,26.0,10.0,5.0,8.5,5.0,0.0,0.0,5.5,,allensbach,FF
2013-12-19,41.5,25.5,10.5,4.0,9.0,4.5,0.0,0.0,5.0,,allensbach,FF
2013-11-27,40.0,26.5,10.0,4.0,9.5,5.0,0.0,0.0,5.0,,allensbach,FF
2013-10-23,41.0,25.0,9.0,5.0,9.0,5.5,0.0,0.0,5.5,,allensbach,FF
2026-08-06,21.0,12.0,15.0,4.0,11.0,28.0,0.0,0.0,9.0,1297.0,dimap,TOM
2026-07-02,22.0,12.0,15.0,4.0,11.0,27.0,0.0,0.0,9.0,1317.0,dimap,TOM
2026-06-03,23.0,13.0,14.0,4.0,10.0,27.0,0.0,3.0,6.0,1326.0,dimap,TOM
2026-05-07,24.0,12.0,15.0,4.0,10.0,27.0,0.0,3.0,5.0,1303.0,dimap,TOM
2026-04-01,26.0,12.0,14.0,3.0,10.0,25.0,0.0,3.0,7.0,1316.0,dimap,TOM
2026-03-05,28.0,14.0,13.0,0.0,9.0,23.0,0.0,4.0,9.0,1317.0,dimap,TOM
2026-02-05,26.0,15.0,12.0,3.0,10.0,24.0,0.0,3.0,7.0,1319.0,dimap,TOM
2026-01-08,28.0,13.0,12.0,3.0,10.0,25.0,0.0,3.0,6.0,1323.0,dimap,TOM
2025-12-04,27.0,14.0,12.0,3.0,10.0,25.0,0.0,4.0,5.0,1306.0,dimap,TOM
2025-11-06,27.0,14.0,12.0,3.0,10.0,26.0,0.0,3.0,5.0,1300.0,dimap,TOM
2025-10-02,26.0,14.0,12.0,3.0,10.0,26.0,0.0,3.0,6.0,1306.0,dimap,TOM
2025-09-03,27.0,14.0,11.0,3.0,10.0,25.0,0.0,4.0,6.0,1342.0,dimap,TOM
2025-08-07,27.0,13.0,12.0,4.0,10.0,24.0,0.0,3.0,7.0,1321.0,dimap,TOM
2025-07-03,30.0,13.0,12.0,3.0,10.0,23.0,0.0,4.0,5.0,1312.0,dimap,TOM
2025-06-04,29.0,15.0,12.0,4.0,9.0,23.0,0.0,4.0,4.0,1292.0,dimap,TOM
2025-05-07,27.0,16.0,11.0,4.0,10.0,23.0,0.0,4.0,5.0,1325.0,dimap,TOM
2025-04-03,26.0,16.0,11.0,4.0,10.0,24.0,0.0,4.0,5.0,1334.0,dimap,TOM
2025-03-06,29.0,16.0,12.0,3.0,9.0,21.0,0.0,5.0,5.0,1325.0,dimap,TOM
2025-02-13,32.0,14.0,14.0,4.0,6.0,21.0,0.0,4.5,4.5,1579.0,dimap,TOM
2025-02-06,31.0,15.0,14.0,4.0,5.0,21.0,0.0,4.0,6.0,1302.0,dimap,TOM
2025-01-30,30.0,15.0,15.0,4.0,5.0,20.0,0.0,4.0,7.0,1336.0,dimap,TOM
2025-01-09,31.0,15.0,14.0,4.0,4.0,20.0,0.0,5.0,7.0,1323.0,dimap,TOM
2024-12-19,33.0,14.0,14.0,3.0,3.0,19.0,0.0,5.0,9.0,1336.0,dimap,TOM
2024-12-05,32.0,16.0,14.0,4.0,3.0,18.0,0.0,5.0,8.0,1307.0,dimap,TOM
2024-11-21,33.0,14.0,14.0,4.0,3.0,19.0,0.0,6.0,7.0,1318.0,dimap,TOM
2024-11-07,34.0,16.0,12.0,5.0,0.0,18.0,0.0,6.0,9.0,1065.0,dimap,TOM
2024-10-31,34.0,16.0,11.0,4.0,0.0,17.0,0.0,6.0,12.0,1333.0,dimap,TOM
2024-10-10,31.0,16.0,13.0,3.0,3.0,17.0,3.0,8.0,6.0,1321.0,dimap,TOM
2024-09-05,33.0,15.0,11.0,4.0,3.0,17.0,0.0,8.0,9.0,1309.0,dimap,TOM
2024-08-08,32.0,15.0,12.0,5.0,0.0,16.0,0.0,9.0,11.0,1311.0,dimap,TOM
2024-07-04,31.0,14.0,13.0,5.0,3.0,17.0,0.0,8.0,9.0,1294.0,dimap,TOM
2024-05-30,31.0,15.0,14.0,4.0,3.0,18.0,3.0,5.0,7.0,1479.0,dimap,TOM
2024-05-02,31.0,15.0,15.0,5.0,0.0,18.0,0.0,5.0,11.0,1280.0,dimap,TOM
2024-04-04,30.0,15.0,15.0,4.0,3.0,18.0,3.0,5.0,7.0,1304.0,dimap,TOM
2024-03-07,29.0,16.0,14.0,5.0,3.0,19.0,0.0,6.0,8.0,1288.0,dimap,TOM
2024-02-01,30.0,16.0,14.0,4.0,3.0,19.0,0.0,5.0,9.0,1303.0,dimap,TOM
2024-01-04,31.0,14.0,13.0,5.0,4.0,22.0,3.0,0.0,8.0,1321.0,dimap,TOM
2023-12-21,32.0,14.0,14.0,5.0,3.0,21.0,4.0,0.0,7.0,1210.0,dimap,TOM
2023-12-07,32.0,14.0,15.0,4.0,3.0,21.0,3.0,0.0,8.0,1364.0,dimap,TOM
2023-11-09,30.0,15.0,15.0,5.0,4.0,21.0,3.0,0.0,7.0,1195.0,dimap,TOM
2023-11-02,30.0,16.0,14.0,4.0,5.0,22.0,3.0,0.0,6.0,1314.0,dimap,TOM
2023-10-12,29.0,15.0,13.0,5.0,4.0,23.0,4.0,0.0,7.0,1203.0,dimap,TOM
2023-09-28,28.0,16.0,14.0,6.0,4.0,22.0,3.0,0.0,7.0,1302.0,dimap,TOM
2023-09-14,28.0,16.0,15.0,7.0,4.0,22.0,0.0,0.0,8.0,1222.0,dimap,TOM
2023-08-31,29.0,16.0,14.0,6.0,4.0,22.0,0.0,0.0,9.0,1310.0,dimap,TOM
2023-08-17,27.0,17.0,14.0,7.0,4.0,21.0,0.0,0.0,10.0,1216.0,dimap,TOM
2023-08-03,27.0,17.0,15.0,7.0,4.0,21.0,0.0,0.0,9.0,1297.0,dimap,TOM
2023-07-20,28.0,18.0,13.0,7.0,4.0,20.0,0.0,0.0,10.0,1235.0,dimap,TOM
2023-07-06,28.0,18.0,14.0,7.0,4.0,20.0,0.0,0.0,9.0,1305.0,dimap,TOM
2023-06-22,29.0,17.0,15.0,6.0,4.0,19.0,0.0,0.0,10.0,1191.0,dimap,TOM
2023-06-01,29.0,18.0,15.0,7.0,4.0,18.0,0.0,0.0,9.0,1302.0,dimap,TOM
2023-05-11,28.0,18.0,16.0,8.0,5.0,16.0,0.0,0.0,9.0,1220.0,dimap,TOM
2023-05-04,30.0,17.0,16.0,7.0,5.0,16.0,0.0,0.0,9.0,1360.0,dimap,TOM
2023-04-13,29.0,19.0,17.0,7.0,4.0,15.0,0.0,0.0,9.0,1204.0,dimap,TOM
2023-04-06,30.0,18.0,17.0,7.0,4.0,15.0,0.0,0.0,9.0,1304.0,dimap,TOM
2023-03-16,30.0,18.0,16.0,7.0,5.0,15.0,0.0,0.0,9.0,1215.0,dimap,TOM
2023-03-02,31.0,18.0,17.0,6.0,5.0,14.0,0.0,0.0,9.0,1311.0,dimap,TOM
2023-02-16,29.0,19.0,17.0,6.0,5.0,15.0,0.0,0.0,9.0,1216.0,dimap,TOM
2023-02-02,27.0,20.0,18.0,7.0,4.0,15.0,0.0,0.0,9.0,1328.0,dimap,TOM
2023-01-19,29.0,19.0,19.0,6.0,4.0,14.0,0.0,0.0,9.0,1211.0,dimap,TOM
2023-01-05,29.0,18.0,19.0,6.0,5.0,15.0,0.0,0.0,8.0,1314.0,dimap,TOM
2022-12-08,29.0,18.0,18.0,6.0,5.0,15.0,0.0,0.0,9.0,1259.0,dimap,TOM
2022-12-01,30.0,18.0,18.0,5.0,5.0,15.0,0.0,0.0,9.0,1318.0,dimap,TOM
2022-11-10,28.0,18.0,19.0,7.0,4.0,14.0,0.0,0.0,10.0,1225.0,dimap,TOM
2022-11-03,28.0,19.0,19.0,6.0,5.0,14.0,0.0,0.0,9.0,1307.0,dimap,TOM
2022-10-13,26.0,19.0,20.0,6.0,5.0,15.0,0.0,0.0,9.0,1225.0,dimap,TOM
2022-10-06,28.0,17.0,19.0,7.0,5.0,15.0,0.0,0.0,9.0,1307.0,dimap,TOM
2022-09-15,28.0,17.0,21.0,7.0,5.0,14.0,0.0,0.0,8.0,1224.0,dimap,TOM
2022-09-01,27.0,17.0,22.0,8.0,5.0,13.0,0.0,0.0,8.0,1324.0,dimap,TOM
2022-08-18,28.0,18.0,23.0,7.0,4.0,12.0,0.0,0.0,8.0,1273.0,dimap,TOM
2022-08-04,28.0,17.0,23.0,7.0,4.0,13.0,0.0,0.0,8.0,1313.0,dimap,TOM
2022-07-21,27.0,19.0,22.0,7.0,4.0,12.0,0.0,0.0,9.0,1210.0,dimap,TOM
2022-07-07,27.0,19.0,23.0,8.0,4.0,11.0,0.0,0.0,8.0,1327.0,dimap,TOM
2022-06-23,26.0,20.0,23.0,8.0,4.0,12.0,0.0,0.0,7.0,1248.0,dimap,TOM
2022-06-02,27.0,21.0,21.0,8.0,4.0,11.0,0.0,0.0,8.0,1337.0,dimap,TOM
2022-05-12,26.0,22.0,20.0,8.0,4.0,11.0,0.0,0.0,9.0,1226.0,dimap,TOM
2022-04-28,26.0,24.0,18.0,9.0,3.0,11.0,0.0,0.0,9.0,1314.0,dimap,TOM
2022-04-14,26.0,24.0,18.0,8.0,4.0,11.0,0.0,0.0,9.0,1226.0,dimap,TOM
2022-04-07,25.0,24.0,19.0,9.0,4.0,11.0,0.0,0.0,8.0,1325.0,dimap,TOM
2022-03-17,26.0,25.0,17.0,9.0,4.0,11.0,0.0,0.0,8.0,1254.0,dimap,TOM
2022-03-03,26.0,25.0,16.0,9.0,5.0,11.0,0.0,0.0,8.0,1320.0,dimap,TOM
2022-02-17,26.0,24.0,15.0,9.0,5.0,12.0,0.0,0.0,9.0,1202.0,dimap,TOM
2022-02-03,27.0,22.0,16.0,10.0,5.0,12.0,0.0,0.0,8.0,1339.0,dimap,TOM
2022-01-20,24.0,25.0,16.0,10.0,5.0,12.0,0.0,0.0,8.0,1424.0,dimap,TOM
2022-01-06,23.0,26.0,16.0,11.0,5.0,11.0,0.0,0.0,8.0,1325.0,dimap,TOM
2021-12-09,23.0,26.0,16.0,12.0,5.0,11.0,0.0,0.0,7.0,1266.0,dimap,TOM
2021-12-02,23.0,25.0,17.0,12.0,5.0,11.0,0.0,0.0,7.0,1316.0,dimap,TOM
2021-11-25,21.0,25.0,17.0,13.0,5.0,11.0,0.0,0.0,8.0,1239.0,dimap,TOM
2021-11-04,21.0,27.0,16.0,13.0,5.0,10.0,0.0,0.0,8.0,1329.0,dimap,TOM
2021-10-28,22.0,26.0,16.0,13.0,4.0,10.0,0.0,0.0,9.0,1239.0,dimap,TOM
2021-09-16,22.0,26.0,15.0,11.0,6.0,11.0,3.0,0.0,6.0,1512.0,dimap,TOM
2021-09-02,20.0,25.0,16.0,13.0,6.0,12.0,0.0,0.0,8.0,1337.0,dimap,TOM
2021-08-19,23.0,21.0,17.0,13.0,7.0,11.0,0.0,0.0,8.0,1219.0,dimap,TOM
2021-08-05,27.0,18.0,19.0,12.0,6.0,10.0,0.0,0.0,8.0,1312.0,dimap,TOM
2021-07-22,29.0,16.0,19.0,12.0,6.0,10.0,0.0,0.0,8.0,1188.0,dimap,TOM
2021-07-01,28.0,15.0,20.0,11.0,7.0,11.0,0.0,0.0,8.0,1317.0,dimap,TOM
2021-06-24,28.0,15.0,21.0,11.0,6.0,12.0,3.0,0.0,4.0,1217.0,dimap,TOM
2021-06-10,28.0,14.0,20.0,12.0,7.0,12.0,0.0,0.0,7.0,1316.0,dimap,TOM
2021-05-13,24.0,15.0,25.0,12.0,7.0,11.0,0.0,0.0,6.0,1198.0,dimap,TOM
2021-05-06,23.0,14.0,26.0,11.0,6.0,12.0,3.0,0.0,5.0,1351.0,dimap,TOM
2021-04-15,28.0,15.0,21.0,11.0,7.0,11.0,0.0,0.0,7.0,1174.0,dimap,TOM
2021-04-01,27.0,16.0,22.0,9.0,7.0,11.0,0.0,0.0,8.0,1348.0,dimap,TOM
2021-03-18,29.0,17.0,20.0,9.0,7.0,11.0,0.0,0.0,7.0,1207.0,dimap,TOM
2021-03-04,33.0,16.0,20.0,7.0,7.0,11.0,0.0,0.0,6.0,1296.0,dimap,TOM
2021-02-18,33.0,16.0,20.0,8.0,6.0,11.0,0.0,0.0,6.0,1025.0,dimap,TOM
2021-02-04,34.0,15.0,21.0,8.0,6.0,10.0,0.0,0.0,6.0,1503.0,dimap,TOM
2021-01-21,34.0,15.0,21.0,7.0,6.0,10.0,0.0,0.0,7.0,1027.0,dimap,TOM
2021-01-07,35.0,14.0,21.0,7.0,7.0,10.0,0.0,0.0,6.0,1520.0,dimap,TOM
2020-12-10,36.0,16.0,20.0,6.0,7.0,9.0,0.0,0.0,6.0,1004.0,dimap,TOM
2020-12-03,36.0,15.0,21.0,6.0,7.0,10.0,0.0,0.0,5.0,1507.0,dimap,TOM
2020-11-26,35.0,15.0,21.0,7.0,7.0,11.0,0.0,0.0,4.0,1047.0,dimap,TOM
2020-11-12,36.0,15.0,20.0,6.0,7.0,10.0,0.0,0.0,6.0,1504.0,dimap,TOM
2020-10-15,35.0,15.0,20.0,6.0,7.0,11.0,0.0,0.0,6.0,1038.0,dimap,TOM
2020-10-01,35.0,15.0,21.0,6.0,8.0,10.0,0.0,0.0,5.0,1501.0,dimap,TOM
2020-09-17,36.0,16.0,20.0,5.0,8.0,10.0,0.0,0.0,5.0,1051.0,dimap,TOM
2020-09-03,36.0,17.0,19.0,6.0,7.0,10.0,0.0,0.0,5.0,1527.0,dimap,TOM
2020-08-20,37.0,16.0,17.0,6.0,8.0,10.0,0.0,0.0,6.0,1065.0,dimap,TOM
2020-08-06,38.0,15.0,18.0,6.0,7.0,11.0,0.0,0.0,5.0,1511.0,dimap,TOM
2020-07-23,37.0,14.0,20.0,5.0,7.0,11.0,0.0,0.0,6.0,1064.0,dimap,TOM
2020-07-02,37.0,16.0,20.0,5.0,7.0,10.0,0.0,0.0,5.0,1503.0,dimap,TOM
2020-06-25,37.0,16.0,20.0,5.0,7.0,10.0,0.0,0.0,5.0,1068.0,dimap,TOM
2020-06-04,38.0,15.0,19.0,6.0,8.0,9.0,0.0,0.0,5.0,1505.0,dimap,TOM
2020-05-14,38.0,15.0,18.0,6.0,7.0,10.0,0.0,0.0,6.0,1074.0,dimap,TOM
2020-05-07,39.0,16.0,18.0,5.0,8.0,9.0,0.0,0.0,5.0,1503.0,dimap,TOM
2020-04-16,38.0,17.0,19.0,5.0,7.0,9.0,0.0,0.0,5.0,1057.0,dimap,TOM
2020-04-02,34.0,16.0,22.0,5.0,7.0,10.0,0.0,0.0,6.0,1502.0,dimap,TOM
2020-03-19,30.0,14.0,23.0,7.0,9.0,10.0,0.0,0.0,7.0,1035.0,dimap,TOM
2020-03-05,27.0,16.0,23.0,6.0,9.0,12.0,0.0,0.0,7.0,1502.0,dimap,TOM
2020-02-13,26.0,16.0,22.0,7.0,9.0,14.0,0.0,0.0,6.0,1007.0,dimap,TOM
2020-02-06,27.0,14.0,22.0,8.0,9.0,14.0,0.0,0.0,6.0,1503.0,dimap,TOM
2020-01-23,26.0,14.0,24.0,8.0,8.0,14.0,0.0,0.0,6.0,1043.0,dimap,TOM
2020-01-09,27.0,13.0,23.0,9.0,8.0,14.0,0.0,0.0,6.0,1506.0,dimap,TOM
2019-12-12,27.0,14.0,21.0,8.0,8.0,15.0,0.0,0.0,7.0,1038.0,dimap,TOM
2019-12-05,25.0,13.0,23.0,9.0,8.0,15.0,0.0,0.0,7.0,1507.0,dimap,TOM
2019-11-14,25.0,15.0,22.0,7.0,9.0,14.0,0.0,0.0,8.0,1046.0,dimap,TOM
2019-11-07,26.0,14.0,22.0,8.0,9.0,14.0,0.0,0.0,7.0,1507.0,dimap,TOM
2019-10-17,28.0,14.0,22.0,7.0,8.0,14.0,0.0,0.0,7.0,1062.0,dimap,TOM
2019-10-10,28.0,13.0,24.0,7.0,8.0,14.0,0.0,0.0,6.0,1504.0,dimap,TOM
2019-09-19,27.0,14.0,23.0,8.0,8.0,14.0,0.0,0.0,6.0,1067.0,dimap,TOM
2019-09-05,27.0,14.0,23.0,7.0,7.0,15.0,0.0,0.0,7.0,1514.0,dimap,TOM
2019-08-22,26.0,14.0,25.0,7.0,7.0,14.0,0.0,0.0,7.0,1063.0,dimap,TOM
2019-08-01,26.0,12.0,26.0,8.0,7.0,14.0,0.0,0.0,7.0,1503.0,dimap,TOM
2019-07-25,26.0,13.0,26.0,9.0,8.0,12.0,0.0,0.0,6.0,1046.0,dimap,TOM
2019-07-04,25.0,13.0,26.0,8.0,8.0,13.0,0.0,0.0,7.0,1506.0,dimap,TOM
2019-06-27,26.0,13.0,25.0,9.0,7.0,12.0,0.0,0.0,8.0,1051.0,dimap,TOM
2019-06-06,25.0,12.0,26.0,8.0,7.0,13.0,0.0,0.0,9.0,1500.0,dimap,TOM
2019-05-02,28.0,18.0,20.0,8.0,9.0,12.0,0.0,0.0,5.0,1505.0,dimap,TOM
2019-04-17,29.0,16.0,21.0,8.0,8.0,13.0,0.0,0.0,5.0,1051.0,dimap,TOM
2019-04-04,29.0,17.0,20.0,9.0,8.0,12.0,0.0,0.0,5.0,1503.0,dimap,TOM
2019-03-21,29.0,18.0,19.0,9.0,8.0,12.0,0.0,0.0,5.0,1041.0,dimap,TOM
2019-03-14,29.0,17.0,19.0,8.0,9.0,13.0,0.0,0.0,5.0,1508.0,dimap,TOM
2019-02-21,30.0,18.0,18.0,8.0,8.0,12.0,0.0,0.0,6.0,1029.0,dimap,TOM
2019-02-14,29.0,17.0,19.0,9.0,8.0,13.0,0.0,0.0,5.0,1503.0,dimap,TOM
2019-01-24,28.0,15.0,20.0,9.0,8.0,15.0,0.0,0.0,5.0,1051.0,dimap,TOM
2019-01-10,29.0,15.0,20.0,9.0,9.0,14.0,0.0,0.0,4.0,1505.0,dimap,TOM
2018-12-13,31.0,15.0,20.0,8.0,8.0,13.0,0.0,0.0,5.0,1048.0,dimap,TOM
2018-12-06,30.0,14.0,20.0,8.0,8.0,14.0,0.0,0.0,6.0,1502.0,dimap,TOM
2018-11-29,28.0,14.0,21.0,9.0,8.0,15.0,0.0,0.0,5.0,1052.0,dimap,TOM
2018-11-15,26.0,14.0,23.0,8.0,9.0,14.0,0.0,0.0,6.0,1506.0,dimap,TOM
2018-10-18,25.0,14.0,19.0,11.0,9.0,16.0,0.0,0.0,6.0,1040.0,dimap,TOM
2018-10-11,26.0,15.0,17.0,10.0,10.0,16.0,0.0,0.0,6.0,1508.0,dimap,TOM
2018-09-20,28.0,17.0,15.0,9.0,10.0,18.0,0.0,0.0,3.0,1035.0,dimap,TOM
2018-09-06,29.0,18.0,14.0,8.0,10.0,16.0,0.0,0.0,5.0,1502.0,dimap,TOM
2018-08-23,29.0,18.0,14.0,8.0,9.0,17.0,0.0,0.0,5.0,1047.0,dimap,TOM
2018-08-02,29.0,18.0,15.0,7.0,9.0,17.0,0.0,0.0,5.0,1508.0,dimap,TOM
2018-07-26,30.0,18.0,15.0,8.0,8.0,16.0,0.0,0.0,5.0,1047.0,dimap,TOM
2018-07-05,30.0,18.0,14.0,8.0,9.0,16.0,0.0,0.0,5.0,1505.0,dimap,TOM
2018-06-27,32.0,19.0,13.0,8.0,9.0,14.0,0.0,0.0,5.0,1025.0,dimap,TOM
2018-06-14,31.0,18.0,13.0,8.0,10.0,15.0,0.0,0.0,5.0,1506.0,dimap,TOM
2018-05-17,33.0,17.0,13.0,8.0,10.0,14.0,0.0,0.0,5.0,1009.0,dimap,TOM
2018-05-09,32.0,18.0,13.0,8.0,9.0,15.0,0.0,0.0,5.0,1507.0,dimap,TOM
2018-04-19,32.0,17.0,12.0,10.0,10.0,15.0,0.0,0.0,4.0,1039.0,dimap,TOM
2018-04-05,33.0,18.0,12.0,9.0,10.0,14.0,0.0,0.0,4.0,1503.0,dimap,TOM
2018-03-22,33.0,19.0,12.0,9.0,10.0,13.0,0.0,0.0,4.0,1038.0,dimap,TOM
2018-03-01,34.0,18.0,11.0,9.0,9.0,15.0,0.0,0.0,4.0,1502.0,dimap,TOM
2018-02-22,34.0,17.0,12.0,9.0,10.0,14.0,0.0,0.0,4.0,1052.0,dimap,TOM
2018-02-15,33.0,16.0,13.0,9.0,11.0,15.0,0.0,0.0,3.0,1001.0,dimap,TOM
2018-02-01,33.0,18.0,11.0,10.0,11.0,14.0,0.0,0.0,3.0,1502.0,dimap,TOM
2018-01-25,33.0,19.0,11.0,10.0,10.0,12.0,0.0,0.0,5.0,1043.0,dimap,TOM
2018-01-04,33.0,21.0,11.0,9.0,9.0,13.0,0.0,0.0,4.0,1506.0,dimap,TOM
2017-12-14,32.0,20.0,12.0,9.0,9.0,13.0,0.0,0.0,5.0,1029.0,dimap,TOM
2017-12-07,32.0,21.0,11.0,9.0,10.0,13.0,0.0,0.0,4.0,1504.0,dimap,TOM
2017-11-20,32.0,22.0,11.0,10.0,10.0,11.0,0.0,0.0,4.0,1011.0,dimap,TOM
2017-11-16,31.0,21.0,11.0,11.0,10.0,12.0,0.0,0.0,4.0,1382.0,dimap,TOM
2017-11-09,30.0,21.0,11.0,12.0,9.0,13.0,0.0,0.0,4.0,1505.0,dimap,TOM
2017-10-20,31.0,21.0,11.0,12.0,9.0,12.0,0.0,0.0,4.0,1026.0,dimap,TOM
2017-10-12,32.0,20.0,10.0,11.0,10.0,11.0,0.0,0.0,6.0,1506.0,dimap,TOM
2017-09-14,37.0,20.0,7.5,9.5,9.0,12.0,0.0,0.0,5.0,1503.0,dimap,TOM
2017-09-07,37.0,21.0,8.0,9.0,10.0,11.0,0.0,0.0,4.0,1503.0,dimap,TOM
2017-08-31,37.0,23.0,8.0,8.0,9.0,11.0,0.0,0.0,4.0,1411.0,dimap,TOM
2017-08-24,38.0,22.0,8.0,9.0,9.0,10.0,0.0,0.0,4.0,1035.0,dimap,TOM
2017-08-09,39.0,24.0,8.0,8.0,9.0,8.0,0.0,0.0,4.0,1505.0,dimap,TOM
2017-07-27,40.0,23.0,8.0,8.0,8.0,9.0,0.0,0.0,4.0,1004.0,dimap,TOM
2017-07-06,39.0,23.0,8.0,9.0,9.0,9.0,0.0,0.0,3.0,1500.0,dimap,TOM
2017-06-15,39.0,24.0,7.0,9.0,8.0,8.0,0.0,0.0,5.0,1018.0,dimap,TOM
2017-06-08,38.0,24.0,7.0,10.0,8.0,9.0,0.0,0.0,4.0,1503.0,dimap,TOM
2017-05-18,38.0,26.0,8.0,9.0,6.0,9.0,0.0,0.0,4.0,1017.0,dimap,TOM
2017-05-11,37.0,27.0,8.0,8.0,7.0,10.0,0.0,0.0,3.0,1500.0,dimap,TOM
2017-04-20,35.0,30.0,7.0,6.0,8.0,10.0,0.0,0.0,4.0,934.0,dimap,TOM
2017-04-13,34.0,31.0,8.0,6.0,7.0,11.0,0.0,0.0,3.0,1502.0,dimap,TOM
2017-03-23,32.0,32.0,8.0,6.0,7.0,11.0,0.0,0.0,4.0,1023.0,dimap,TOM
2017-03-09,32.0,31.0,8.0,6.0,8.0,11.0,0.0,0.0,4.0,1502.0,dimap,TOM
2017-02-23,31.0,32.0,8.0,6.0,7.0,11.0,0.0,0.0,5.0,1047.0,dimap,TOM
2017-02-02,34.0,28.0,8.0,6.0,8.0,12.0,0.0,0.0,4.0,1506.0,dimap,TOM
2017-01-27,35.0,23.0,9.0,6.0,8.0,14.0,0.0,0.0,5.0,1029.0,dimap,TOM
2017-01-05,37.0,20.0,9.0,5.0,9.0,15.0,0.0,0.0,5.0,1505.0,dimap,TOM
2016-12-16,36.0,21.0,10.0,6.0,9.0,13.0,0.0,0.0,5.0,1005.0,dimap,TOM
2016-12-08,35.0,22.0,11.0,5.0,9.0,13.0,0.0,0.0,5.0,1504.0,dimap,TOM
2016-11-18,32.0,23.0,13.0,6.0,9.0,12.0,0.0,0.0,5.0,1014.0,dimap,TOM
2016-11-03,33.0,22.0,12.0,6.0,9.0,13.0,0.0,0.0,5.0,1505.0,dimap,TOM
2016-10-20,33.0,22.0,12.0,5.0,9.0,14.0,0.0,0.0,5.0,1018.0,dimap,TOM
2016-10-06,33.0,22.0,11.0,6.0,9.0,14.0,0.0,0.0,5.0,1503.0,dimap,TOM
2016-09-23,32.0,22.0,12.0,6.0,8.0,16.0,0.0,0.0,4.0,1018.0,dimap,TOM
2016-09-01,33.0,23.0,11.0,5.0,9.0,14.0,0.0,0.0,5.0,1504.0,dimap,TOM
2016-08-26,33.0,22.0,12.0,5.0,9.0,13.0,0.0,0.0,6.0,1008.0,dimap,TOM
2016-08-04,34.0,22.0,13.0,5.0,9.0,12.0,0.0,0.0,5.0,1503.0,dimap,TOM
2016-07-15,33.0,22.0,14.0,6.0,8.0,12.0,0.0,0.0,5.0,1037.0,dimap,TOM
2016-07-07,34.0,22.0,13.0,6.0,9.0,12.0,0.0,0.0,4.0,1504.0,dimap,TOM
2016-06-17,31.0,21.0,14.0,7.0,9.0,14.0,0.0,0.0,4.0,1000.0,dimap,TOM
2016-06-02,32.0,21.0,13.0,6.0,9.0,15.0,0.0,0.0,4.0,1506.0,dimap,TOM
2016-05-20,32.0,21.0,12.0,7.0,9.0,15.0,0.0,0.0,4.0,1015.0,dimap,TOM
2016-05-04,33.0,20.0,13.0,6.0,8.0,15.0,0.0,0.0,5.0,1503.0,dimap,TOM
2016-04-22,33.0,21.0,12.0,7.0,8.0,14.0,0.0,0.0,5.0,1011.0,dimap,TOM
2016-04-07,34.0,21.0,13.0,7.0,7.0,14.0,0.0,0.0,4.0,1505.0,dimap,TOM
2016-03-24,34.0,22.0,12.0,7.0,8.0,13.0,0.0,0.0,4.0,1000.0,dimap,TOM
2016-02-29,36.0,23.0,10.0,6.0,9.0,11.0,0.0,0.0,5.0,1505.0,dimap,TOM
2016-02-26,37.0,23.0,11.0,6.0,8.0,10.0,0.0,0.0,5.0,1028.0,dimap,TOM
2016-02-03,35.0,24.0,10.0,5.0,9.0,12.0,0.0,0.0,5.0,1504.0,dimap,TOM
2016-01-15,37.0,25.0,10.0,4.0,8.0,10.0,0.0,0.0,6.0,1027.0,dimap,TOM
2016-01-07,39.0,24.0,11.0,4.0,8.0,9.0,0.0,0.0,5.0,1504.0,dimap,TOM
2015-12-18,38.0,24.0,10.0,4.0,8.0,10.0,0.0,0.0,6.0,1021.0,dimap,TOM
2015-12-03,37.0,25.0,11.0,4.0,8.0,10.0,0.0,0.0,5.0,1503.0,dimap,TOM
2015-11-20,37.0,25.0,10.0,5.0,8.0,9.0,0.0,0.0,6.0,1851.0,dimap,TOM
2015-11-05,37.0,24.0,11.0,5.0,9.0,8.0,0.0,0.0,6.0,1503.0,dimap,TOM
2015-10-23,38.0,24.0,11.0,5.0,9.0,8.0,0.0,0.0,5.0,1000.0,dimap,TOM
2015-10-01,40.0,24.0,10.0,5.0,9.0,6.0,0.0,0.0,6.0,1501.0,dimap,TOM
2015-09-11,42.0,25.0,11.0,4.0,9.0,4.0,0.0,0.0,5.0,1021.0,dimap,TOM
2015-09-03,42.0,24.0,12.0,4.0,8.0,4.0,0.0,0.0,6.0,1501.0,dimap,TOM
2015-08-14,42.0,24.0,11.0,4.0,9.0,4.0,0.0,0.0,6.0,1033.0,dimap,TOM
2015-07-30,42.0,24.0,11.0,5.0,9.0,4.0,0.0,0.0,5.0,1504.0,dimap,TOM
2015-07-17,41.0,24.0,11.0,6.0,9.0,4.0,0.0,0.0,5.0,1029.0,dimap,TOM
2015-07-02,40.0,25.0,11.0,5.0,10.0,5.0,0.0,0.0,4.0,1501.0,dimap,TOM
2015-06-19,40.0,25.0,10.0,5.0,10.0,5.0,0.0,0.0,5.0,1001.0,dimap,TOM
2015-06-03,40.0,25.0,10.0,6.0,9.0,5.0,0.0,0.0,5.0,1503.0,dimap,TOM
2015-05-21,41.0,26.0,9.0,5.0,9.0,5.0,0.0,0.0,5.0,1011.0,dimap,TOM
2015-05-07,40.0,25.0,10.0,4.0,9.0,6.0,0.0,0.0,6.0,1506.0,dimap,TOM
2015-04-24,41.0,24.0,11.0,4.0,8.0,6.0,0.0,0.0,6.0,1002.0,dimap,TOM
2015-04-02,41.0,25.0,10.0,4.0,9.0,6.0,0.0,0.0,5.0,1501.0,dimap,TOM
2015-03-13,41.0,24.0,11.0,4.0,9.0,6.0,0.0,0.0,5.0,1000.0,dimap,TOM
2015-03-05,41.0,25.0,10.0,4.0,9.0,6.0,0.0,0.0,5.0,1506.0,dimap,TOM
2015-02-13,42.0,24.0,10.0,3.0,8.0,7.0,0.0,0.0,6.0,1023.0,dimap,TOM
2015-02-05,41.0,25.0,10.0,3.0,9.0,6.0,0.0,0.0,6.0,1503.0,dimap,TOM
2015-01-16,41.0,25.0,10.0,4.0,8.0,6.0,0.0,0.0,6.0,1017.0,dimap,TOM
2015-01-08,41.0,26.0,10.0,3.0,8.0,6.0,0.0,0.0,6.0,1506.0,dimap,TOM
2014-12-19,42.0,25.0,10.0,0.0,8.0,6.0,0.0,0.0,9.0,1006.0,dimap,TOM
2014-12-04,40.0,26.0,11.0,2.0,9.0,7.0,0.0,0.0,5.0,1502.0,dimap,TOM
2014-11-21,41.0,26.0,11.0,3.0,8.0,6.0,0.0,0.0,5.0,1023.0,dimap,TOM
2014-11-06,41.0,25.0,10.0,3.0,9.0,7.0,0.0,0.0,5.0,1504.0,dimap,TOM
2014-10-24,40.0,26.0,10.0,2.0,9.0,7.0,0.0,0.0,6.0,1022.0,dimap,TOM
2014-10-02,41.0,24.0,9.0,2.0,10.0,9.0,0.0,0.0,5.0,1502.0,dimap,TOM
2014-09-26,39.0,25.0,10.0,3.0,10.0,8.0,0.0,0.0,5.0,1008.0,dimap,TOM
2014-09-04,40.0,24.0,10.0,3.0,10.0,7.0,0.0,0.0,6.0,1503.0,dimap,TOM
2014-08-29,42.0,25.0,9.0,3.0,9.0,5.0,0.0,0.0,7.0,1027.0,dimap,TOM
2014-08-07,41.0,26.0,10.0,3.0,9.0,5.0,0.0,0.0,6.0,1503.0,dimap,TOM
2014-07-18,40.0,26.0,10.0,4.0,10.0,4.0,0.0,0.0,6.0,1008.0,dimap,TOM
2014-07-03,39.0,26.0,11.0,4.0,9.0,5.0,0.0,0.0,6.0,1505.0,dimap,TOM
2014-06-20,39.0,25.0,12.0,4.0,8.0,6.0,0.0,0.0,6.0,1000.0,dimap,TOM
2014-06-05,38.0,26.0,11.0,4.0,9.0,7.0,0.0,0.0,5.0,1504.0,dimap,TOM
2014-05-16,39.0,26.0,11.0,4.0,9.0,6.0,0.0,0.0,5.0,1500.0,dimap,TOM
2014-04-30,40.0,26.0,10.0,4.0,9.0,5.0,0.0,0.0,6.0,1600.0,dimap,TOM
2014-04-25,41.0,25.0,10.0,4.0,10.0,5.0,0.0,0.0,5.0,1008.0,dimap,TOM
2014-04-03,41.0,26.0,10.0,4.0,9.0,5.0,0.0,0.0,5.0,1506.0,dimap,TOM
2014-03-28,41.0,25.0,10.0,4.0,8.0,5.0,0.0,0.0,7.0,1000.0,dimap,TOM
2014-03-06,42.0,24.0,11.0,4.0,9.0,4.0,0.0,0.0,6.0,1515.0,dimap,TOM
2014-02-28,40.0,26.0,10.0,4.0,9.0,5.0,0.0,0.0,6.0,1026.0,dimap,TOM
2014-02-06,41.0,27.0,9.0,4.0,9.0,5.0,0.0,0.0,5.0,1536.0,dimap,TOM
2014-01-31,42.0,27.0,9.0,4.0,8.0,4.0,0.0,0.0,6.0,1014.0,dimap,TOM
2014-01-09,41.0,27.0,9.0,4.0,8.0,4.0,0.0,0.0,7.0,1559.0,dimap,TOM
2013-12-20,42.0,27.0,9.0,4.0,8.0,4.0,0.0,0.0,6.0,1000.0,dimap,TOM
2013-12-05,43.0,25.0,10.0,3.0,9.0,4.0,0.0,0.0,6.0,1523.0,dimap,TOM
2013-11-22,42.0,25.0,10.0,3.0,9.0,4.0,0.0,0.0,7.0,1006.0,dimap,TOM
2013-11-07,42.0,26.0,10.0,3.0,9.0,4.0,0.0,0.0,6.0,1520.0,dimap,TOM
2013-10-25,40.0,27.0,9.0,4.0,9.0,5.0,0.0,0.0,6.0,1028.0,dimap,TOM
2013-10-10,42.0,26.0,8.0,3.0,9.0,4.5,0.0,0.0,7.5,1503.0,dimap,TOM
2000-12-22,37.0,39.0,7.0,6.0,6.0,0.0,0.0,0.0,5.0,,dimap,TOM
2000-12-15,37.0,39.0,8.0,7.0,5.0,0.0,0.0,0.0,4.0,,dimap,TOM
2000-12-08,36.0,39.0,8.0,8.0,5.0,0.0,0.0,0.0,4.0,,dimap,TOM
2000-12-01,37.0,38.0,8.0,7.0,5.0,0.0,0.0,0.0,5.0,,dimap,TOM
2000-11-24,37.0,39.0,7.0,7.0,5.0,0.0,0.0,0.0,5.0,,dimap,TOM
2000-11-17,37.0,39.0,7.0,7.0,6.0,0.0,0.0,0.0,4.0,,dimap,TOM
2000-11-10,37.0,39.0,6.0,7.0,6.0,0.0,0.0,0.0,5.0,,dimap,TOM
2000-11-03,37.0,39.0,6.0,7.0,6.0,0.0,0.0,0.0,5.0,,dimap,TOM
2000-10-27,36.0,40.0,6.0,7.0,6.0,0.0,0.0,0.0,5.0,,dimap,TOM
2000-10-20,37.0,39.0,6.0,8.0,5.0,0.0,0.0,0.0,5.0,,dimap,TOM
2000-10-13,38.0,38.0,6.0,7.0,6.0,0.0,0.0,0.0,5.0,,dimap,TOM
2000-10-06,39.0,39.0,6.0,6.0,6.0,0.0,0.0,0.0,4.0,,dimap,TOM
2000-09-29,37.0,40.0,6.0,7.0,5.0,0.0,0.0,0.0,5.0,,dimap,TOM
2000-09-22,36.0,41.0,6.0,7.0,5.0,0.0,0.0,0.0,5.0,,dimap,TOM
2000-09-15,35.0,41.0,6.0,8.0,5.0,0.0,0.0,0.0,5.0,,dimap,TOM
2000-09-08,34.0,43.0,6.0,8.0,5.0,0.0,0.0,0.0,4.0,,dimap,TOM
2000-09-01,34.0,43.0,6.0,8.0,6.0,0.0,0.0,0.0,3.0,,dimap,TOM
2000-08-25,34.0,43.0,6.0,8.0,5.0,0.0,0.0,0.0,4.0,,dimap,TOM
2000-08-18,35.0,42.0,6.0,8.0,5.0,0.0,0.0,0.0,4.0,,dimap,TOM
2000-08-11,35.0,42.0,6.0,8.0,5.0,0.0,0.0,0.0,4.0,,dimap,TOM
2000-08-04,34.0,42.0,6.0,9.0,5.0,0.0,0.0,0.0,4.0,,dimap,TOM
2000-07-28,36.0,40.0,6.0,8.0,6.0,0.0,0.0,0.0,4.0,,dimap,TOM
2000-07-21,37.0,39.0,7.0,8.0,6.0,0.0,0.0,0.0,3.0,,dimap,TOM
2000-07-14,37.0,39.0,6.0,9.0,6.0,0.0,0.0,0.0,3.0,,dimap,TOM
2000-07-07,38.0,39.0,6.0,8.0,5.0,0.0,0.0,0.0,4.0,,dimap,TOM
2000-06-30,38.0,39.0,6.0,9.0,5.0,0.0,0.0,0.0,3.0,,dimap,TOM
2000-06-23,38.0,38.0,7.0,9.0,5.0,0.0,0.0,0.0,3.0,,dimap,TOM
2000-06-16,39.0,37.0,7.0,9.0,6.0,0.0,0.0,0.0,2.0,,dimap,TOM
2000-06-09,39.0,38.0,7.0,9.0,5.0,0.0,0.0,0.0,2.0,,dimap,TOM
2000-06-02,36.0,38.0,6.0,10.0,6.0,0.0,0.0,0.0,2.0,,dimap,TOM
2000-05-26,36.0,40.0,6.0,9.0,5.0,0.0,0.0,0.0,2.0,,dimap,TOM
2000-05-19,36.0,40.0,6.0,9.0,5.0,0.0,0.0,0.0,2.0,,dimap,TOM
2000-05-12,36.0,41.0,6.0,7.0,5.0,0.0,0.0,0.0,3.0,,dimap,TOM
2000-05-05,36.0,41.0,6.0,7.0,5.0,0.0,0.0,0.0,3.0,,dimap,TOM
2000-04-28,36.0,40.0,7.0,7.0,6.0,0.0,0.0,0.0,2.0,,dimap,TOM
2000-04-21,36.0,39.0,7.0,7.0,6.0,0.0,0.0,0.0,2.0,,dimap,TOM
2000-04-14,36.0,39.0,7.0,7.0,6.0,0.0,0.0,0.0,2.0,,dimap,TOM
2000-04-07,34.0,39.0,8.0,7.0,7.0,0.0,0.0,0.0,2.0,,dimap,TOM
2000-03-31,33.0,41.0,7.0,8.0,7.0,0.0,0.0,0.0,2.0,,dimap,TOM
2000-03-24,33.0,40.0,8.0,8.0,7.0,0.0,0.0,0.0,2.0,,dimap,TOM
2000-03-17,33.0,40.0,7.0,8.0,7.0,0.0,0.0,0.0,3.0,,dimap,TOM
2000-03-10,32.0,41.0,7.0,9.0,7.0,0.0,0.0,0.0,2.0,,dimap,TOM
2000-03-03,31.0,42.0,7.0,9.0,7.0,0.0,0.0,0.0,2.0,,dimap,TOM
2000-02-25,31.0,43.0,8.0,8.0,7.0,0.0,0.0,0.0,1.0,,dimap,TOM
2000-02-18,31.0,42.0,8.0,8.0,7.0,0.0,0.0,0.0,1.0,,dimap,TOM
2000-02-11,31.0,42.0,8.0,7.0,7.0,0.0,0.0,0.0,2.0,,dimap,TOM
2000-02-04,31.0,43.0,8.0,8.0,6.0,0.0,0.0,0.0,1.0,,dimap,TOM
2000-01-28,32.0,42.0,7.0,7.0,7.0,0.0,0.0,0.0,2.0,,dimap,TOM
2000-01-21,33.0,41.0,7.0,8.0,6.0,0.0,0.0,0.0,2.0,,dimap,TOM
2000-01-14,38.0,39.0,7.0,5.0,6.0,0.0,0.0,0.0,2.0,,dimap,TOM
2000-01-07,39.0,39.0,7.0,5.0,6.0,0.0,0.0,0.0,1.0,,dimap,TOM
2001-12-21,38.0,37.0,7.0,8.0,7.0,0.0,0.0,0.0,3.0,,dimap,TOM
2001-12-14,37.0,38.0,6.0,8.0,8.0,0.0,0.0,0.0,3.0,,dimap,TOM
2001-12-07,36.0,40.0,6.0,9.0,7.0,0.0,0.0,0.0,2.0,,dimap,TOM
2001-11-30,35.0,40.0,6.0,9.0,7.0,0.0,0.0,0.0,3.0,,dimap,TOM
2001-11-23,34.0,41.0,6.0,9.0,7.0,0.0,0.0,0.0,3.0,,dimap,TOM
2001-11-16,36.0,41.0,6.0,9.0,6.0,0.0,0.0,0.0,2.0,,dimap,TOM
2001-11-09,35.0,42.0,5.0,8.0,7.0,0.0,0.0,0.0,3.0,,dimap,TOM
2001-11-02,35.0,41.0,6.0,9.0,6.0,0.0,0.0,0.0,3.0,,dimap,TOM
2001-10-26,37.0,41.0,6.0,8.0,5.0,0.0,0.0,0.0,3.0,,dimap,TOM
2001-10-19,36.0,41.0,6.0,8.0,5.0,0.0,0.0,0.0,4.0,,dimap,TOM
2001-10-12,37.0,40.0,6.0,8.0,5.0,0.0,0.0,0.0,4.0,,dimap,TOM
2001-10-05,36.0,40.0,6.0,9.0,5.0,0.0,0.0,0.0,4.0,,dimap,TOM
2001-09-29,37.0,41.0,6.0,8.0,5.0,0.0,0.0,0.0,3.0,,dimap,TOM
2001-09-21,37.0,41.0,6.0,8.0,6.0,0.0,0.0,0.0,2.0,,dimap,TOM
2001-09-14,36.0,38.0,6.0,10.0,6.0,0.0,0.0,0.0,4.0,,dimap,TOM
2001-09-07,36.0,38.0,7.0,10.0,5.0,0.0,0.0,0.0,4.0,,dimap,TOM
2001-08-31,37.0,37.0,7.0,9.0,6.0,0.0,0.0,0.0,4.0,,dimap,TOM
2001-08-24,36.0,38.0,7.0,10.0,6.0,0.0,0.0,0.0,3.0,,dimap,TOM
2001-08-17,37.0,38.0,7.0,10.0,5.0,0.0,0.0,0.0,3.0,,dimap,TOM
2001-08-10,36.0,39.0,7.0,9.0,6.0,0.0,0.0,0.0,3.0,,dimap,TOM
2001-08-03,36.0,38.0,7.0,10.0,6.0,0.0,0.0,0.0,3.0,,dimap,TOM
2001-07-27,36.0,39.0,7.0,9.0,6.0,0.0,0.0,0.0,3.0,,dimap,TOM
2001-07-20,35.0,38.0,8.0,10.0,6.0,0.0,0.0,0.0,3.0,,dimap,TOM
2001-07-13,34.0,38.0,8.0,11.0,6.0,0.0,0.0,0.0,3.0,,dimap,TOM
2001-07-06,34.0,39.0,7.0,10.0,7.0,0.0,0.0,0.0,3.0,,dimap,TOM
2001-06-29,36.0,37.0,7.0,10.0,6.0,0.0,0.0,0.0,4.0,,dimap,TOM
2001-06-22,35.0,38.0,7.0,9.0,6.0,0.0,0.0,0.0,5.0,,dimap,TOM
2001-06-15,36.0,38.0,7.0,9.0,6.0,0.0,0.0,0.0,4.0,,dimap,TOM
2001-06-08,37.0,39.0,7.0,9.0,5.0,0.0,0.0,0.0,3.0,,dimap,TOM
2001-06-01,37.0,40.0,6.0,8.0,6.0,0.0,0.0,0.0,3.0,,dimap,TOM
2001-05-18,36.0,40.0,6.0,9.0,6.0,0.0,0.0,0.0,3.0,,dimap,TOM
2001-05-18,36.0,40.0,6.0,9.0,5.0,0.0,0.0,0.0,4.0,,dimap,TOM
2001-05-11,36.0,40.0,6.0,9.0,6.0,0.0,0.0,0.0,3.0,,dimap,TOM
2001-05-04,35.0,41.0,7.0,8.0,5.0,0.0,0.0,0.0,4.0,,dimap,TOM
2001-04-27,36.0,39.0,7.0,8.0,6.0,0.0,0.0,0.0,4.0,,dimap,TOM
2001-04-20,36.0,39.0,7.0,8.0,6.0,0.0,0.0,0.0,4.0,,dimap,TOM
2001-04-13,36.0,40.0,6.0,7.0,6.0,0.0,0.0,0.0,5.0,,dimap,TOM
2001-04-06,36.0,39.0,7.0,8.0,5.0,0.0,0.0,0.0,5.0,,dimap,TOM
2001-03-30,35.0,40.0,7.0,8.0,5.0,0.0,0.0,0.0,5.0,,dimap,TOM
2001-03-23,34.0,40.0,8.0,8.0,5.0,0.0,0.0,0.0,5.0,,dimap,TOM
2001-03-16,34.0,40.0,9.0,7.0,5.0,0.0,0.0,0.0,5.0,,dimap,TOM
2001-03-09,35.0,39.0,9.0,8.0,5.0,0.0,0.0,0.0,4.0,,dimap,TOM
2001-03-02,35.0,40.0,8.0,8.0,5.0,0.0,0.0,0.0,4.0,,dimap,TOM
2001-02-23,35.0,40.0,7.0,8.0,6.0,0.0,0.0,0.0,4.0,,dimap,TOM
2001-02-16,35.0,40.0,7.0,9.0,6.0,0.0,0.0,0.0,3.0,,dimap,TOM
2001-02-09,34.0,40.0,8.0,9.0,5.0,0.0,0.0,0.0,4.0,,dimap,TOM
2001-02-02,35.0,38.0,8.0,9.0,5.0,0.0,0.0,0.0,5.0,,dimap,TOM
2001-01-26,36.0,38.0,8.0,9.0,5.0,0.0,0.0,0.0,4.0,,dimap,TOM
2001-01-19,37.0,37.0,7.0,9.0,6.0,0.0,0.0,0.0,4.0,,dimap,TOM
2001-01-12,37.0,38.0,7.0,9.0,5.0,0.0,0.0,0.0,4.0,,dimap,TOM
2001-01-05,38.0,38.0,7.0,6.0,6.0,0.0,0.0,0.0,5.0,,dimap,TOM
2002-12-20,47.0,30.0,11.0,5.0,4.0,0.0,0.0,0.0,3.0,1000.0,dimap,TOM
2002-12-12,47.0,29.0,11.0,6.0,4.0,0.0,0.0,0.0,3.0,,dimap,TOM
2002-12-06,48.0,28.0,12.0,5.0,4.0,0.0,0.0,0.0,3.0,1300.0,dimap,TOM
2002-11-29,48.0,30.0,11.0,5.0,4.0,0.0,0.0,0.0,2.0,1000.0,dimap,TOM
2002-11-21,48.0,30.0,11.0,4.0,4.0,0.0,0.0,0.0,3.0,1000.0,dimap,TOM
2002-11-15,46.0,32.0,10.0,5.0,4.0,0.0,0.0,0.0,3.0,1000.0,dimap,TOM
2002-11-07,44.0,34.0,10.0,5.0,4.0,0.0,0.0,0.0,3.0,1000.0,dimap,TOM
2002-11-01,43.0,35.0,9.0,6.0,4.0,0.0,0.0,0.0,3.0,1299.0,dimap,TOM
2002-10-25,41.0,36.0,10.0,6.0,4.0,0.0,0.0,0.0,3.0,1000.0,dimap,TOM
2002-10-18,40.0,37.0,10.0,6.0,4.0,0.0,0.0,0.0,3.0,1000.0,dimap,TOM
2002-10-11,39.0,38.0,9.0,7.0,4.0,0.0,0.0,0.0,3.0,1100.0,dimap,TOM
2002-10-04,39.0,38.0,9.0,7.0,4.0,0.0,0.0,0.0,3.0,1300.0,dimap,TOM
2002-09-13,36.0,38.5,8.0,8.5,4.7,0.0,0.0,0.0,4.3,2000.0,dimap,TOM
2002-09-09,38.0,39.0,7.5,8.5,4.0,0.0,0.0,0.0,3.0,1000.0,dimap,TOM
2002-09-06,39.5,38.0,7.5,8.5,4.0,0.0,0.0,0.0,2.5,2324.0,dimap,TOM
2002-09-04,40.0,39.0,7.0,8.0,4.0,0.0,0.0,0.0,2.0,1000.0,dimap,TOM
2002-08-30,41.0,39.0,7.0,7.0,4.0,0.0,0.0,0.0,2.0,1000.0,dimap,TOM
2002-08-23,41.0,36.0,7.0,8.0,4.0,0.0,0.0,0.0,4.0,1000.0,dimap,TOM
2002-08-16,40.0,34.0,7.0,10.0,5.0,0.0,0.0,0.0,4.0,,dimap,TOM
2002-08-09,41.0,34.0,7.0,9.0,5.0,0.0,0.0,0.0,4.0,1000.0,dimap,TOM
2002-08-02,40.0,35.0,7.0,9.0,5.0,0.0,0.0,0.0,4.0,1821.0,dimap,TOM
2002-07-26,41.0,35.0,7.0,9.0,5.0,0.0,0.0,0.0,3.0,1100.0,dimap,TOM
2002-07-19,40.0,35.0,6.0,9.0,6.0,0.0,0.0,0.0,4.0,1000.0,dimap,TOM
2002-07-11,40.0,35.0,6.0,9.0,6.0,0.0,0.0,0.0,4.0,1100.0,dimap,TOM
2002-07-05,40.0,36.0,6.0,9.0,6.0,0.0,0.0,0.0,3.0,1300.0,dimap,TOM
2002-06-27,39.0,36.0,6.0,10.0,6.0,0.0,0.0,0.0,3.0,550.0,dimap,TOM
2002-06-21,39.0,36.0,7.0,10.0,6.0,0.0,0.0,0.0,2.0,1100.0,dimap,TOM
2002-06-13,39.0,35.0,7.0,10.0,6.0,0.0,0.0,0.0,3.0,,dimap,TOM
2002-06-06,39.0,34.0,8.0,10.0,6.0,0.0,0.0,0.0,3.0,1303.0,dimap,TOM
2002-05-31,39.0,33.0,7.0,11.0,6.0,0.0,0.0,0.0,4.0,,dimap,TOM
2002-05-24,39.0,32.0,7.0,13.0,6.0,0.0,0.0,0.0,3.0,,dimap,TOM
2002-05-17,40.0,32.0,7.0,12.0,6.0,0.0,0.0,0.0,3.0,,dimap,TOM
2002-05-15,40.0,32.0,7.0,12.0,6.0,0.0,0.0,0.0,3.0,,dimap,TOM
2002-05-10,41.0,31.0,7.0,11.0,6.0,0.0,0.0,0.0,4.0,,dimap,TOM
2002-05-03,41.0,32.0,7.0,11.0,5.0,0.0,0.0,0.0,4.0,1000.0,dimap,TOM
2002-04-26,39.0,34.0,7.0,10.0,6.0,0.0,0.0,0.0,4.0,,dimap,TOM
2002-04-19,39.0,35.0,7.0,9.0,6.0,0.0,0.0,0.0,4.0,,dimap,TOM
2002-04-12,39.0,35.0,7.0,9.0,7.0,0.0,0.0,0.0,3.0,,dimap,TOM
2002-04-10,40.0,34.0,7.0,9.0,7.0,0.0,0.0,0.0,3.0,,dimap,TOM
2002-04-05,39.0,34.0,7.0,9.0,7.0,0.0,0.0,0.0,4.0,1300.0,dimap,TOM
2002-03-27,39.0,35.0,8.0,9.0,6.0,0.0,0.0,0.0,3.0,,dimap,TOM
2002-03-22,41.0,36.0,7.0,8.0,5.0,0.0,0.0,0.0,3.0,,dimap,TOM
2002-03-15,41.0,36.0,7.0,8.0,6.0,0.0,0.0,0.0,2.0,,dimap,TOM
2002-03-08,40.0,36.0,6.0,9.0,6.0,0.0,0.0,0.0,3.0,,dimap,TOM
2002-03-01,40.0,36.0,6.0,9.0,6.0,0.0,0.0,0.0,3.0,1300.0,dimap,TOM
2002-02-22,41.0,35.0,6.0,9.0,6.0,0.0,0.0,0.0,3.0,,dimap,TOM
2002-02-15,41.0,36.0,6.0,8.0,6.0,0.0,0.0,0.0,3.0,,dimap,TOM
2002-02-08,41.0,36.0,6.0,8.0,6.0,0.0,0.0,0.0,3.0,,dimap,TOM
2002-02-01,41.0,36.0,6.0,8.0,7.0,0.0,0.0,0.0,2.0,,dimap,TOM
2002-01-25,40.0,36.0,6.0,9.0,7.0,0.0,0.0,0.0,2.0,,dimap,TOM
2002-01-18,39.0,37.0,6.0,9.0,7.0,0.0,0.0,0.0,2.0,,dimap,TOM
2002-01-11,39.0,38.0,5.0,8.0,7.0,0.0,0.0,0.0,3.0,,dimap,TOM
2002-01-04,38.0,38.0,6.0,8.0,7.0,0.0,0.0,0.0,3.0,,dimap,TOM
2003-12-19,49.0,26.0,11.0,6.0,4.0,0.0,0.0,0.0,4.0,10.0,dimap,TOM
2003-12-12,50.0,25.0,10.0,7.0,4.0,0.0,0.0,0.0,4.0,10.0,dimap,TOM
2003-12-05,51.0,26.0,10.0,6.0,3.0,0.0,0.0,0.0,4.0,12.0,dimap,TOM
2003-11-28,49.0,27.0,11.0,7.0,3.0,0.0,0.0,0.0,3.0,10.0,dimap,TOM
2003-11-21,49.0,27.0,11.0,7.0,3.0,0.0,0.0,0.0,3.0,10.0,dimap,TOM
2003-11-14,50.0,25.0,11.0,6.0,4.0,0.0,0.0,0.0,4.0,10.0,dimap,TOM
2003-11-07,51.0,24.0,10.0,7.0,4.0,0.0,0.0,0.0,4.0,12.0,dimap,TOM
2003-10-31,51.0,24.0,11.0,6.0,4.0,0.0,0.0,0.0,4.0,10.0,dimap,TOM
2003-10-24,50.0,25.0,12.0,6.0,3.0,0.0,0.0,0.0,4.0,10.0,dimap,TOM
2003-10-22,50.0,25.0,12.0,6.0,3.0,0.0,0.0,0.0,4.0,10.0,dimap,TOM
2003-10-17,50.0,26.0,11.0,5.0,3.0,0.0,0.0,0.0,5.0,10.0,dimap,TOM
2003-10-10,50.0,26.0,11.0,5.0,3.0,0.0,0.0,0.0,5.0,10.0,dimap,TOM
2003-10-03,50.0,27.0,11.0,5.0,3.0,0.0,0.0,0.0,4.0,12.0,dimap,TOM
2003-09-26,48.0,28.0,11.0,6.0,4.0,0.0,0.0,0.0,3.0,10.0,dimap,TOM
2003-09-19,46.0,29.0,10.0,7.0,4.0,0.0,0.0,0.0,4.0,10.0,dimap,TOM
2003-09-12,46.0,30.0,9.0,6.0,4.0,0.0,0.0,0.0,5.0,10.0,dimap,TOM
2003-09-05,46.0,29.0,10.0,6.0,4.0,0.0,0.0,0.0,5.0,12.0,dimap,TOM
2003-08-29,46.0,30.0,10.0,6.0,4.0,0.0,0.0,0.0,4.0,10.0,dimap,TOM
2003-08-22,46.0,30.0,10.0,7.0,4.0,0.0,0.0,0.0,3.0,10.0,dimap,TOM
2003-08-15,45.0,30.0,10.0,8.0,3.0,0.0,0.0,0.0,4.0,10.0,dimap,TOM
2003-08-08,46.0,30.0,10.0,7.0,4.0,0.0,0.0,0.0,3.0,10.0,dimap,TOM
2003-08-01,46.0,31.0,9.0,6.0,4.0,0.0,0.0,0.0,4.0,12.0,dimap,TOM
2003-07-25,45.0,31.0,10.0,7.0,4.0,0.0,0.0,0.0,3.0,10.0,dimap,TOM
2003-07-18,46.0,31.0,10.0,6.0,4.0,0.0,0.0,0.0,3.0,10.0,dimap,TOM
2003-07-11,46.0,32.0,9.0,6.0,4.0,0.0,0.0,0.0,3.0,10.0,dimap,TOM
2003-07-04,47.0,30.0,10.0,7.0,4.0,0.0,0.0,0.0,2.0,12.0,dimap,TOM
2003-06-27,47.0,30.0,10.0,6.0,4.0,0.0,0.0,0.0,3.0,10.0,dimap,TOM
2003-06-20,48.0,30.0,9.0,6.0,4.0,0.0,0.0,0.0,3.0,10.0,dimap,TOM
2003-06-13,47.0,29.0,10.0,7.0,4.0,0.0,0.0,0.0,3.0,10.0,dimap,TOM
2003-06-06,47.0,29.0,10.0,7.0,4.0,0.0,0.0,0.0,3.0,12.0,dimap,TOM
2003-05-30,46.0,30.0,11.0,7.0,4.0,0.0,0.0,0.0,2.0,10.0,dimap,TOM
2003-05-23,47.0,28.0,10.0,8.0,4.0,0.0,0.0,0.0,3.0,10.0,dimap,TOM
2003-05-16,48.0,27.0,10.0,8.0,4.0,0.0,0.0,0.0,3.0,10.0,dimap,TOM
2003-05-09,47.0,29.0,11.0,7.0,4.0,0.0,0.0,0.0,2.0,10.0,dimap,TOM
2003-05-02,48.0,28.0,10.0,7.0,4.0,0.0,0.0,0.0,3.0,10.0,dimap,TOM
2003-04-25,46.0,30.0,12.0,6.0,3.0,0.0,0.0,0.0,3.0,10.0,dimap,TOM
2003-04-18,47.0,30.0,11.0,5.0,4.0,0.0,0.0,0.0,3.0,10.0,dimap,TOM
2003-04-11,46.0,31.0,10.0,6.0,3.0,0.0,0.0,0.0,4.0,10.0,dimap,TOM
2003-04-04,45.0,31.0,11.0,6.0,3.0,0.0,0.0,0.0,4.0,13.0,dimap,TOM
2003-03-28,46.0,31.0,11.0,5.0,3.0,0.0,0.0,0.0,4.0,10.0,dimap,TOM
2003-03-21,47.0,30.0,10.0,5.0,4.0,0.0,0.0,0.0,4.0,10.0,dimap,TOM
2003-03-14,49.0,28.0,11.0,6.0,3.0,0.0,0.0,0.0,3.0,10.0,dimap,TOM
2003-03-07,49.0,27.0,12.0,6.0,3.0,0.0,0.0,0.0,3.0,13.0,dimap,TOM
2003-02-28,49.0,28.0,11.0,6.0,4.0,0.0,0.0,0.0,2.0,10.0,dimap,TOM
2003-02-21,49.0,28.0,11.0,6.0,3.0,0.0,0.0,0.0,3.0,10.0,dimap,TOM
2003-02-14,49.0,27.0,12.0,6.0,3.0,0.0,0.0,0.0,3.0,10.0,dimap,TOM
2003-02-07,49.0,28.0,11.0,6.0,3.0,0.0,0.0,0.0,3.0,13.0,dimap,TOM
2003-01-31,47.0,30.0,10.0,7.0,3.0,0.0,0.0,0.0,3.0,10.0,dimap,TOM
2003-01-24,47.0,30.0,10.0,7.0,3.0,0.0,0.0,0.0,3.0,,dimap,TOM
2003-01-17,47.0,30.0,11.0,6.0,3.0,0.0,0.0,0.0,3.0,10.0,dimap,TOM
2003-01-10,48.0,29.0,12.0,5.0,3.0,0.0,0.0,0.0,3.0,10.0,dimap,TOM
2003-01-03,47.0,31.0,10.0,5.0,4.0,0.0,0.0,0.0,3.0,10.0,dimap,TOM
2004-12-23,38.0,34.0,12.0,7.0,5.0,0.0,0.0,0.0,4.0,10.0,dimap,TOM
2004-12-17,40.0,32.0,11.0,7.0,5.0,0.0,0.0,0.0,5.0,10.0,dimap,TOM
2004-12-10,40.0,32.0,11.0,8.0,5.0,0.0,0.0,0.0,4.0,10.0,dimap,TOM
2004-12-03,40.0,33.0,11.0,7.0,4.0,0.0,0.0,0.0,5.0,15.0,dimap,TOM
2004-11-26,39.0,32.0,11.0,8.0,5.0,0.0,0.0,0.0,5.0,10.0,dimap,TOM
2004-11-19,39.0,32.0,12.0,7.0,5.0,0.0,0.0,0.0,5.0,10.0,dimap,TOM
2004-11-12,40.0,31.0,12.0,7.0,5.0,0.0,0.0,0.0,5.0,10.0,dimap,TOM
2004-11-05,40.0,30.0,13.0,8.0,5.0,0.0,0.0,0.0,4.0,15.0,dimap,TOM
2004-10-29,38.0,31.0,12.0,8.0,6.0,0.0,0.0,0.0,5.0,10.0,dimap,TOM
2004-10-22,38.0,31.0,12.0,8.0,5.0,0.0,0.0,0.0,6.0,10.0,dimap,TOM
2004-10-15,40.0,30.0,13.0,7.0,5.0,0.0,0.0,0.0,5.0,10.0,dimap,TOM
2004-10-08,41.0,29.0,12.0,7.0,6.0,0.0,0.0,0.0,5.0,10.0,dimap,TOM
2004-10-01,41.0,29.0,12.0,7.0,6.0,0.0,0.0,0.0,5.0,15.0,dimap,TOM
2004-09-24,43.0,26.0,13.0,7.0,6.0,0.0,0.0,0.0,5.0,10.0,dimap,TOM
2004-09-17,43.0,26.0,13.0,6.0,6.0,0.0,0.0,0.0,6.0,10.0,dimap,TOM
2004-09-10,44.0,26.0,13.0,6.0,6.0,0.0,0.0,0.0,5.0,10.0,dimap,TOM
2004-09-03,44.0,26.0,12.0,6.0,7.0,0.0,0.0,0.0,5.0,15.0,dimap,TOM
2004-08-28,43.0,25.0,12.0,7.0,7.0,0.0,0.0,0.0,6.0,10.0,dimap,TOM
2004-08-20,43.0,24.0,13.0,6.0,8.0,0.0,0.0,0.0,6.0,10.0,dimap,TOM
2004-08-13,44.0,24.0,12.0,7.0,8.0,0.0,0.0,0.0,5.0,,dimap,TOM
2004-08-06,44.0,23.0,13.0,8.0,7.0,0.0,0.0,0.0,5.0,15.0,dimap,TOM
2004-07-30,44.0,25.0,12.0,7.0,7.0,0.0,0.0,0.0,5.0,10.0,dimap,TOM
2004-07-23,44.0,25.0,12.0,7.0,7.0,0.0,0.0,0.0,5.0,10.0,dimap,TOM
2004-07-16,46.0,23.0,13.0,7.0,7.0,0.0,0.0,0.0,4.0,10.0,dimap,TOM
2004-07-12,45.0,23.0,13.0,7.0,7.0,0.0,0.0,0.0,5.0,10.0,dimap,TOM
2004-07-02,45.0,23.0,13.0,7.0,7.0,0.0,0.0,0.0,5.0,15.0,dimap,TOM
2004-06-25,45.0,24.0,13.0,7.0,6.0,0.0,0.0,0.0,5.0,10.0,dimap,TOM
2004-06-18,45.0,24.0,12.0,8.0,6.0,0.0,0.0,0.0,5.0,10.0,dimap,TOM
2004-06-11,46.0,26.0,11.0,8.0,5.0,0.0,0.0,0.0,4.0,10.0,dimap,TOM
2004-06-04,46.0,27.0,11.0,6.0,5.0,0.0,0.0,0.0,5.0,15.0,dimap,TOM
2004-05-28,46.0,27.0,11.0,7.0,5.0,0.0,0.0,0.0,4.0,10.0,dimap,TOM
2004-05-21,47.0,26.0,11.0,6.0,5.0,0.0,0.0,0.0,5.0,,dimap,TOM
2004-05-14,47.0,26.0,12.0,7.0,4.0,0.0,0.0,0.0,4.0,10.0,dimap,TOM
2004-05-07,46.0,27.0,12.0,7.0,4.0,0.0,0.0,0.0,4.0,12.0,dimap,TOM
2004-04-30,47.0,26.0,11.0,6.0,5.0,0.0,0.0,0.0,5.0,10.0,dimap,TOM
2004-04-23,46.0,27.0,11.0,6.0,5.0,0.0,0.0,0.0,5.0,10.0,dimap,TOM
2004-04-16,46.0,27.0,11.0,7.0,5.0,0.0,0.0,0.0,4.0,10.0,dimap,TOM
2004-04-08,46.0,27.0,11.0,7.0,5.0,0.0,0.0,0.0,4.0,10.0,dimap,TOM
2004-04-02,47.0,27.0,11.0,7.0,5.0,0.0,0.0,0.0,3.0,12.0,dimap,TOM
2004-03-26,48.0,26.0,11.0,6.0,5.0,0.0,0.0,0.0,4.0,10.0,dimap,TOM
2004-03-19,48.0,26.0,12.0,6.0,4.0,0.0,0.0,0.0,4.0,10.0,dimap,TOM
2004-03-12,49.0,25.0,11.0,6.0,5.0,0.0,0.0,0.0,4.0,10.0,dimap,TOM
2004-03-05,50.0,24.0,11.0,6.0,5.0,0.0,0.0,0.0,4.0,12.0,dimap,TOM
2004-02-27,47.0,25.0,11.0,9.0,5.0,0.0,0.0,0.0,3.0,10.0,dimap,TOM
2004-02-20,47.0,25.0,11.0,9.0,5.0,0.0,0.0,0.0,3.0,10.0,dimap,TOM
2004-02-13,48.0,24.0,11.0,8.0,5.0,0.0,0.0,0.0,4.0,10.0,dimap,TOM
2004-02-06,49.0,24.0,11.0,8.0,5.0,0.0,0.0,0.0,3.0,12.0,dimap,TOM
2004-01-30,48.0,25.0,11.0,8.0,5.0,0.0,0.0,0.0,3.0,10.0,dimap,TOM
2004-01-23,47.0,25.0,12.0,8.0,5.0,0.0,0.0,0.0,3.0,10.0,dimap,TOM
2004-01-16,48.0,26.0,11.0,7.0,5.0,0.0,0.0,0.0,3.0,10.0,dimap,TOM
2004-01-09,48.0,26.0,10.0,7.0,5.0,0.0,0.0,0.0,4.0,12.0,dimap,TOM
2005-12-21,36.0,32.0,9.0,9.0,10.0,0.0,0.0,0.0,4.0,1000.0,dimap,TOM
2005-12-15,35.0,33.0,9.0,10.0,9.0,0.0,0.0,0.0,4.0,998.0,dimap,TOM
2005-12-08,36.0,34.0,9.0,10.0,8.0,0.0,0.0,0.0,3.0,1000.0,dimap,TOM
2005-12-01,36.0,34.0,9.0,10.0,8.0,0.0,0.0,0.0,3.0,1507.0,dimap,TOM
2005-11-24,35.0,34.0,9.0,10.0,9.0,0.0,0.0,0.0,3.0,1000.0,dimap,TOM
2005-11-17,34.0,34.0,9.0,11.0,9.0,0.0,0.0,0.0,3.0,1000.0,dimap,TOM
2005-11-10,36.0,33.0,8.0,10.0,10.0,0.0,0.0,0.0,3.0,1000.0,dimap,TOM
2005-11-03,37.0,32.0,9.0,10.0,9.0,0.0,0.0,0.0,3.0,1509.0,dimap,TOM
2005-10-27,36.0,34.0,9.0,9.0,9.0,0.0,0.0,0.0,3.0,1000.0,dimap,TOM
2005-10-20,37.0,34.0,8.0,9.0,9.0,0.0,0.0,0.0,3.0,1000.0,dimap,TOM
2005-10-13,37.0,34.0,8.0,9.0,8.0,0.0,0.0,0.0,4.0,1000.0,dimap,TOM
2005-10-06,36.0,34.0,8.0,10.0,8.0,0.0,0.0,0.0,4.0,1508.0,dimap,TOM
2005-09-29,36.0,34.0,8.0,9.0,9.0,0.0,0.0,0.0,4.0,1000.0,dimap,TOM
2005-09-22,35.0,34.0,8.0,10.0,9.0,0.0,0.0,0.0,4.0,1500.0,dimap,TOM
2005-09-08,41.0,34.0,7.0,6.5,8.5,0.0,0.0,0.0,3.0,1000.0,dimap,TOM
2005-09-01,43.0,32.0,7.0,6.0,9.0,0.0,0.0,0.0,3.0,1636.0,dimap,TOM
2005-08-25,42.0,31.0,8.0,7.0,9.0,0.0,0.0,0.0,3.0,1000.0,dimap,TOM
2005-08-17,42.0,30.0,8.0,7.0,9.0,0.0,0.0,0.0,4.0,1000.0,dimap,TOM
2005-08-11,42.0,29.0,9.0,6.0,10.0,0.0,0.0,0.0,4.0,1000.0,dimap,TOM
2005-08-04,42.0,29.0,8.0,6.0,11.0,0.0,0.0,0.0,4.0,1620.0,dimap,TOM
2005-07-28,42.0,28.0,8.0,7.0,12.0,0.0,0.0,0.0,3.0,1000.0,dimap,TOM
2005-07-21,42.0,27.0,9.0,7.0,12.0,0.0,0.0,0.0,3.0,1000.0,dimap,TOM
2005-07-14,42.0,27.0,9.0,8.0,11.0,0.0,0.0,0.0,3.0,1000.0,dimap,TOM
2005-07-07,43.0,27.0,8.0,7.0,11.0,0.0,0.0,0.0,4.0,1500.0,dimap,TOM
2005-06-30,44.0,27.0,8.0,7.0,10.0,0.0,0.0,0.0,4.0,1000.0,dimap,TOM
2005-06-24,45.0,27.0,9.0,7.0,9.0,0.0,0.0,0.0,3.0,1000.0,dimap,TOM
2005-06-10,47.0,29.0,9.0,7.0,5.0,0.0,0.0,0.0,3.0,1000.0,dimap,TOM
2005-06-02,48.0,28.0,9.0,7.0,4.0,0.0,0.0,0.0,4.0,1500.0,dimap,TOM
2005-05-27,47.0,29.0,8.0,6.0,5.0,0.0,0.0,0.0,5.0,1000.0,dimap,TOM
2005-05-23,46.0,30.0,7.0,7.0,5.0,0.0,0.0,0.0,5.0,1000.0,dimap,TOM
2005-05-22,46.0,29.0,8.0,8.0,4.0,0.0,0.0,0.0,5.0,675.0,dimap,TOM
2005-05-20,45.0,29.0,10.0,7.0,4.0,0.0,0.0,0.0,5.0,1000.0,dimap,TOM
2005-05-13,44.0,29.0,10.0,8.0,4.0,0.0,0.0,0.0,5.0,1000.0,dimap,TOM
2005-05-04,45.0,29.0,10.0,7.0,4.0,0.0,0.0,0.0,5.0,1512.0,dimap,TOM
2005-04-29,45.0,29.0,10.0,6.0,5.0,0.0,0.0,0.0,5.0,1000.0,dimap,TOM
2005-04-22,44.0,30.0,10.0,6.0,5.0,0.0,0.0,0.0,5.0,1000.0,dimap,TOM
2005-04-15,44.0,29.0,9.0,7.0,5.0,0.0,0.0,0.0,6.0,1000.0,dimap,TOM
2005-04-07,45.0,29.0,9.0,7.0,5.0,0.0,0.0,0.0,5.0,1500.0,dimap,TOM
2005-04-01,45.0,29.0,9.0,7.0,5.0,0.0,0.0,0.0,5.0,1000.0,dimap,TOM
2005-03-23,44.0,30.0,9.0,7.0,5.0,0.0,0.0,0.0,5.0,1000.0,dimap,TOM
2005-03-18,43.0,30.0,9.0,7.0,5.0,0.0,0.0,0.0,6.0,1000.0,dimap,TOM
2005-03-11,44.0,30.0,10.0,6.0,5.0,0.0,0.0,0.0,5.0,1000.0,dimap,TOM
2005-03-04,43.0,31.0,10.0,6.0,5.0,0.0,0.0,0.0,5.0,1500.0,dimap,TOM
2005-02-25,42.0,31.0,11.0,6.0,5.0,0.0,0.0,0.0,5.0,1000.0,dimap,TOM
2005-02-18,40.0,32.0,11.0,7.0,5.0,0.0,0.0,0.0,5.0,1000.0,dimap,TOM
2005-02-11,40.0,31.0,11.0,7.0,5.0,0.0,0.0,0.0,6.0,1000.0,dimap,TOM
2005-02-04,39.0,32.0,11.0,7.0,5.0,0.0,0.0,0.0,6.0,1500.0,dimap,TOM
2005-01-28,38.0,33.0,12.0,7.0,5.0,0.0,0.0,0.0,5.0,1000.0,dimap,TOM
2005-01-21,38.0,33.0,12.0,8.0,4.0,0.0,0.0,0.0,5.0,1000.0,dimap,TOM
2005-01-14,37.0,33.0,12.0,8.0,5.0,0.0,0.0,0.0,5.0,1000.0,dimap,TOM
2005-01-07,38.0,33.0,12.0,8.0,5.0,0.0,0.0,0.0,4.0,1500.0,dimap,TOM
2006-12-14,34.0,31.0,12.0,11.0,8.0,0.0,0.0,0.0,4.0,10.0,dimap,TOM
2006-12-07,35.0,31.0,11.0,10.0,8.0,0.0,0.0,0.0,5.0,15.0,dimap,TOM
2006-11-16,34.0,32.0,10.0,11.0,8.0,0.0,0.0,0.0,5.0,10.0,dimap,TOM
2006-11-02,31.0,31.0,12.0,13.0,9.0,0.0,0.0,0.0,4.0,15.0,dimap,TOM
2006-10-19,32.0,32.0,11.0,12.0,9.0,0.0,0.0,0.0,4.0,10.0,dimap,TOM
2006-10-05,30.0,33.0,10.0,13.0,9.0,0.0,0.0,0.0,5.0,15.0,dimap,TOM
2006-09-22,32.0,31.0,10.0,13.0,9.0,0.0,0.0,0.0,5.0,10.0,dimap,TOM
2006-09-07,34.0,28.0,10.0,14.0,9.0,0.0,0.0,0.0,5.0,15.0,dimap,TOM
2006-08-25,35.0,29.0,9.0,13.0,10.0,0.0,0.0,0.0,4.0,10.0,dimap,TOM
2006-08-03,35.0,29.0,10.0,12.0,9.0,0.0,0.0,0.0,5.0,15.0,dimap,TOM
2006-07-21,35.0,29.0,10.0,13.0,9.0,0.0,0.0,0.0,4.0,10.0,dimap,TOM
2006-07-13,35.0,28.0,11.0,12.0,9.0,0.0,0.0,0.0,5.0,10.0,dimap,TOM
2006-07-06,35.0,29.0,10.0,12.0,10.0,0.0,0.0,0.0,4.0,15.0,dimap,TOM
2006-06-16,37.0,30.0,9.0,10.0,10.0,0.0,0.0,0.0,4.0,10.0,dimap,TOM
2006-06-09,37.0,30.0,10.0,10.0,9.0,0.0,0.0,0.0,4.0,10.0,dimap,TOM
2006-06-01,37.0,30.0,10.0,10.0,9.0,0.0,0.0,0.0,4.0,15.0,dimap,TOM
2006-05-18,37.0,30.0,10.0,10.0,9.0,0.0,0.0,0.0,4.0,10.0,dimap,TOM
2006-05-12,38.0,31.0,9.0,9.0,9.0,0.0,0.0,0.0,4.0,1663.0,dimap,TOM
2006-05-05,39.0,31.0,10.0,9.0,8.0,0.0,0.0,0.0,3.0,10.0,dimap,TOM
2006-04-28,37.0,32.0,10.0,9.0,8.0,0.0,0.0,0.0,4.0,10.0,dimap,TOM
2006-04-21,38.0,32.0,10.0,9.0,8.0,0.0,0.0,0.0,3.0,10.0,dimap,TOM
2006-04-13,40.0,31.0,9.0,9.0,8.0,0.0,0.0,0.0,3.0,10.0,dimap,TOM
2006-04-06,40.0,30.0,9.0,10.0,8.0,0.0,0.0,0.0,3.0,1692.0,dimap,TOM
2006-03-31,41.0,31.0,8.0,9.0,8.0,0.0,0.0,0.0,3.0,10.0,dimap,TOM
2006-03-24,41.0,31.0,9.0,8.0,8.0,0.0,0.0,0.0,3.0,10.0,dimap,TOM
2006-03-16,40.0,30.0,9.0,9.0,8.0,0.0,0.0,0.0,4.0,10.0,dimap,TOM
2006-03-09,41.0,29.0,9.0,9.0,8.0,0.0,0.0,0.0,4.0,10.0,dimap,TOM
2006-03-02,41.0,30.0,10.0,9.0,7.0,0.0,0.0,0.0,3.0,1536.0,dimap,TOM
2006-02-24,42.0,31.0,9.0,8.0,7.0,0.0,0.0,0.0,3.0,10.0,dimap,TOM
2006-02-16,42.0,30.0,8.0,9.0,8.0,0.0,0.0,0.0,3.0,10.0,dimap,TOM
2006-02-09,41.0,31.0,8.0,8.0,8.0,0.0,0.0,0.0,4.0,10.0,dimap,TOM
2006-02-02,40.0,32.0,7.0,8.0,9.0,0.0,0.0,0.0,4.0,1536.0,dimap,TOM
2006-01-26,40.0,33.0,8.0,7.0,9.0,0.0,0.0,0.0,3.0,10.0,dimap,TOM
2006-01-19,39.0,32.0,9.0,8.0,9.0,0.0,0.0,0.0,3.0,10.0,dimap,TOM
2006-01-12,39.0,32.0,9.0,8.0,9.0,0.0,0.0,0.0,3.0,10.0,dimap,TOM
2006-01-05,39.0,31.0,9.0,9.0,9.0,0.0,0.0,0.0,3.0,1672.0,dimap,TOM
2007-12-14,39.0,28.0,9.0,10.0,10.0,0.0,0.0,0.0,4.0,10.0,dimap,TOM
2007-12-06,40.0,28.0,9.0,9.0,11.0,0.0,0.0,0.0,3.0,15.0,dimap,TOM
2007-11-15,41.0,30.0,9.0,8.0,9.0,0.0,0.0,0.0,3.0,10.0,dimap,TOM
2007-11-01,40.0,30.0,8.0,8.0,10.0,0.0,0.0,0.0,4.0,15.0,dimap,TOM
2007-10-18,41.0,28.0,10.0,7.0,10.0,0.0,0.0,0.0,4.0,10.0,dimap,TOM
2007-10-04,40.0,27.0,10.0,8.0,11.0,0.0,0.0,0.0,4.0,15.0,dimap,TOM
2007-09-20,39.0,27.0,11.0,10.0,10.0,0.0,0.0,0.0,3.0,10.0,dimap,TOM
2007-09-06,39.0,27.0,11.0,9.0,10.0,0.0,0.0,0.0,4.0,15.0,dimap,TOM
2007-08-10,38.0,28.0,10.0,10.0,10.0,0.0,0.0,0.0,4.0,10.0,dimap,TOM
2007-08-02,38.0,28.0,11.0,9.0,11.0,0.0,0.0,0.0,3.0,15.0,dimap,TOM
2007-07-12,38.0,28.0,11.0,9.0,11.0,0.0,0.0,0.0,3.0,10.0,dimap,TOM
2007-07-05,38.0,28.0,10.0,10.0,11.0,0.0,0.0,0.0,3.0,15.0,dimap,TOM
2007-06-24,38.0,29.0,10.0,9.0,10.0,0.0,0.0,0.0,4.0,10.0,dimap,TOM
2007-06-14,38.0,29.0,11.0,9.0,9.0,0.0,0.0,0.0,4.0,10.0,dimap,TOM
2007-06-07,37.0,31.0,11.0,9.0,9.0,0.0,0.0,0.0,3.0,15.0,dimap,TOM
2007-05-16,37.0,30.0,11.0,9.0,9.0,0.0,0.0,0.0,4.0,10.0,dimap,TOM
2007-05-11,36.0,31.0,11.0,10.0,8.0,0.0,0.0,0.0,4.0,10.0,dimap,TOM
2007-05-03,37.0,31.0,11.0,10.0,8.0,0.0,0.0,0.0,3.0,15.0,dimap,TOM
2007-04-19,36.0,31.0,11.0,10.0,8.0,0.0,0.0,0.0,4.0,10.0,dimap,TOM
2007-04-05,36.0,31.0,11.0,11.0,8.0,0.0,0.0,0.0,3.0,15.0,dimap,TOM
2007-03-08,37.0,30.0,11.0,10.0,8.0,0.0,0.0,0.0,4.0,10.0,dimap,TOM
2007-03-01,36.0,31.0,11.0,10.0,8.0,0.0,0.0,0.0,4.0,15.0,dimap,TOM
2007-02-08,33.0,32.0,11.0,12.0,8.0,0.0,0.0,0.0,4.0,10.0,dimap,TOM
2007-02-01,35.0,31.0,11.0,11.0,8.0,0.0,0.0,0.0,4.0,15.0,dimap,TOM
2007-01-12,35.0,31.0,10.0,11.0,8.0,0.0,0.0,0.0,5.0,10.0,dimap,TOM
2007-01-04,36.0,30.0,11.0,11.0,8.0,0.0,0.0,0.0,4.0,1524.0,dimap,TOM
2008-12-19,37.0,24.0,11.0,12.0,11.0,0.0,0.0,0.0,5.0,10.0,dimap,TOM
2008-12-12,36.0,23.0,12.0,13.0,12.0,0.0,0.0,0.0,4.0,10.0,dimap,TOM
2008-12-04,37.0,23.0,12.0,12.0,12.0,0.0,0.0,0.0,4.0,15.0,dimap,TOM
2008-11-14,37.0,25.0,11.0,11.0,13.0,0.0,0.0,0.0,3.0,10.0,dimap,TOM
2008-11-06,37.0,25.0,11.0,11.0,12.0,0.0,0.0,0.0,4.0,15.0,dimap,TOM
2008-10-15,35.0,25.0,10.0,12.0,13.0,0.0,0.0,0.0,5.0,10.0,dimap,TOM
2008-10-02,35.0,25.0,11.0,13.0,11.0,0.0,0.0,0.0,5.0,15.0,dimap,TOM
2008-09-19,37.0,26.0,10.0,12.0,12.0,0.0,0.0,0.0,3.0,10.0,dimap,TOM
2008-09-10,36.0,26.0,10.0,12.0,12.0,0.0,0.0,0.0,4.0,10.0,dimap,TOM
2008-09-04,36.0,26.0,10.0,11.0,13.0,0.0,0.0,0.0,4.0,15.0,dimap,TOM
2008-08-22,37.0,25.0,10.0,12.0,13.0,0.0,0.0,0.0,3.0,10.0,dimap,TOM
2008-08-07,36.0,24.0,11.0,12.0,14.0,0.0,0.0,0.0,3.0,1501.0,dimap,TOM
2008-07-11,37.0,24.0,12.0,11.0,12.0,0.0,0.0,0.0,4.0,10.0,dimap,TOM
2008-07-03,36.0,25.0,11.0,12.0,13.0,0.0,0.0,0.0,3.0,15.0,dimap,TOM
2008-06-13,36.0,24.0,11.0,12.0,13.0,0.0,0.0,0.0,4.0,10.0,dimap,TOM
2008-06-05,34.0,24.0,12.0,13.0,14.0,0.0,0.0,0.0,3.0,15.0,dimap,TOM
2008-05-16,36.0,25.0,12.0,11.0,12.0,0.0,0.0,0.0,4.0,10.0,dimap,TOM
2008-05-01,37.0,27.0,10.0,10.0,12.0,0.0,0.0,0.0,4.0,15.0,dimap,TOM
2008-04-25,36.0,27.0,11.0,10.0,12.0,0.0,0.0,0.0,4.0,10.0,dimap,TOM
2008-04-03,37.0,26.0,11.0,10.0,12.0,0.0,0.0,0.0,4.0,15.0,dimap,TOM
2008-03-20,38.0,27.0,11.0,9.0,12.0,0.0,0.0,0.0,3.0,10.0,dimap,TOM
2008-03-06,39.0,28.0,10.0,8.0,12.0,0.0,0.0,0.0,3.0,15.0,dimap,TOM
2008-03-01,38.0,29.0,9.0,9.0,12.0,0.0,0.0,0.0,3.0,10.0,dimap,TOM
2008-02-22,37.0,29.0,9.0,10.0,12.0,0.0,0.0,0.0,3.0,10.0,dimap,TOM
2008-02-07,38.0,30.0,9.0,9.0,11.0,0.0,0.0,0.0,3.0,15.0,dimap,TOM
2008-01-24,39.0,30.0,9.0,9.0,10.0,0.0,0.0,0.0,3.0,10.0,dimap,TOM
2008-01-10,39.0,30.0,9.0,9.0,9.0,0.0,0.0,0.0,4.0,15.0,dimap,TOM
2013-09-12,40.0,28.0,10.0,5.0,8.0,2.5,0.0,0.0,4.0,2012.0,dimap,TOM
2013-09-05,41.0,27.0,10.0,5.0,8.0,3.0,0.0,0.0,4.0,1502.0,dimap,TOM
2013-08-29,41.0,26.0,11.0,5.0,8.0,3.0,0.0,0.0,6.0,1500.0,dimap,TOM
2013-08-23,42.0,24.0,12.0,5.0,9.0,3.0,0.0,0.0,3.0,1000.0,dimap,TOM
2013-08-15,42.0,25.0,12.0,5.0,8.0,0.0,0.0,0.0,5.0,1000.0,dimap,TOM
2013-08-09,42.0,25.0,13.0,5.0,7.0,0.0,0.0,0.0,5.0,1000.0,dimap,TOM
2013-08-01,42.0,26.0,13.0,5.0,7.0,0.0,0.0,0.0,7.0,1503.0,dimap,TOM
2013-07-25,42.0,25.0,14.0,4.0,7.0,2.0,0.0,0.0,4.0,1000.0,dimap,TOM
2013-07-19,41.0,26.0,13.0,4.0,7.0,3.0,0.0,0.0,4.0,1000.0,dimap,TOM
2013-07-12,41.0,26.0,14.0,4.0,6.0,3.0,0.0,0.0,6.0,1000.0,dimap,TOM
2013-07-04,42.0,25.0,14.0,4.0,7.0,0.0,0.0,0.0,5.0,1505.0,dimap,TOM
2013-06-28,41.0,26.0,13.0,4.0,7.0,0.0,0.0,0.0,6.0,1000.0,dimap,TOM
2013-06-21,41.0,25.0,14.0,5.0,7.0,0.0,0.0,0.0,8.0,1008.0,dimap,TOM
2013-06-14,41.0,26.0,15.0,4.0,7.0,2.0,0.0,0.0,5.0,1000.0,dimap,TOM
2013-06-06,41.0,27.0,14.0,4.0,6.0,3.0,0.0,0.0,5.0,1503.0,dimap,TOM
2013-05-31,42.0,26.0,14.0,4.0,6.0,3.0,0.0,0.0,5.0,1000.0,dimap,TOM
2013-05-24,41.0,27.0,14.0,4.0,6.0,2.0,0.0,0.0,4.0,1008.0,dimap,TOM
2013-05-17,41.0,26.0,14.0,4.0,6.0,3.0,0.0,0.0,3.0,1000.0,dimap,TOM
2013-05-10,40.0,27.0,14.0,5.0,6.0,3.0,0.0,0.0,5.0,1000.0,dimap,TOM
2013-05-02,40.0,26.0,15.0,4.0,7.0,3.0,0.0,0.0,5.0,1506.0,dimap,TOM
2013-04-26,40.0,27.0,14.0,4.0,7.0,3.0,0.0,0.0,3.0,1008.0,dimap,TOM
2013-04-21,41.0,27.0,14.0,4.0,7.0,3.0,0.0,0.0,4.0,1000.0,dimap,TOM
2013-04-12,42.0,27.0,15.0,4.0,7.0,0.0,0.0,0.0,3.0,1000.0,dimap,TOM
2013-04-04,41.0,27.0,14.0,4.0,8.0,0.0,0.0,0.0,3.0,1502.0,dimap,TOM
2013-03-28,39.0,28.0,15.0,4.0,8.0,0.0,0.0,0.0,3.0,1000.0,dimap,TOM
2013-03-22,38.0,27.0,16.0,5.0,8.0,0.0,0.0,0.0,4.0,1008.0,dimap,TOM
2013-03-14,40.0,25.0,17.0,5.0,7.0,0.0,0.0,0.0,3.0,1000.0,dimap,TOM
2013-03-07,40.0,26.0,17.0,4.0,7.0,0.0,0.0,0.0,4.0,1503.0,dimap,TOM
2013-02-28,41.0,27.0,15.0,4.0,6.0,0.0,0.0,0.0,4.0,1000.0,dimap,TOM
2013-02-21,40.0,28.0,15.0,5.0,6.0,0.0,0.0,0.0,3.0,1000.0,dimap,TOM
2013-02-15,40.0,27.0,16.0,4.0,7.0,0.0,0.0,0.0,3.0,1000.0,dimap,TOM
2013-02-07,39.0,29.0,15.0,4.0,6.0,0.0,0.0,0.0,4.0,1000.0,dimap,TOM
2013-01-31,40.0,27.0,15.0,4.0,6.0,0.0,0.0,0.0,4.0,1507.0,dimap,TOM
2013-01-24,42.0,27.0,14.0,4.0,6.0,0.0,0.0,0.0,4.0,1000.0,dimap,TOM
2013-01-18,42.0,26.0,13.0,4.0,7.0,0.0,0.0,0.0,4.0,1008.0,dimap,TOM
2013-01-10,41.0,28.0,14.0,4.0,6.0,0.0,0.0,0.0,4.0,1501.0,dimap,TOM
2013-01-04,41.0,29.0,12.0,4.0,6.0,0.0,0.0,0.0,4.0,1000.0,dimap,TOM
2012-12-21,40.0,30.0,13.0,4.0,7.0,0.0,0.0,0.0,3.0,1008.0,dimap,TOM
2012-12-06,39.0,30.0,14.0,4.0,7.0,0.0,0.0,0.0,3.0,1501.0,dimap,TOM
2012-11-23,39.0,29.0,15.0,4.0,6.0,0.0,0.0,0.0,3.0,1008.0,dimap,TOM
2012-11-08,40.0,30.0,14.0,4.0,6.0,0.0,0.0,0.0,2.0,1505.0,dimap,TOM
2012-10-26,38.0,30.0,13.0,4.0,7.0,0.0,0.0,0.0,3.0,1000.0,dimap,TOM
2012-10-04,39.0,31.0,11.0,4.0,7.0,0.0,0.0,0.0,4.0,1501.0,dimap,TOM
2012-09-28,37.0,30.0,12.0,4.0,7.0,0.0,0.0,0.0,4.0,1000.0,dimap,TOM
2012-09-06,37.0,30.0,13.0,4.0,6.0,0.0,0.0,0.0,4.0,1503.0,dimap,TOM
2012-08-17,36.0,29.0,13.0,5.0,6.0,0.0,0.0,0.0,4.0,1000.0,dimap,TOM
2012-08-01,36.0,28.0,13.0,5.0,6.0,0.0,0.0,0.0,4.0,1504.0,dimap,TOM
2012-07-20,35.0,30.0,14.0,4.0,6.0,0.0,0.0,0.0,3.0,1000.0,dimap,TOM
2012-07-05,35.0,30.0,14.0,4.0,7.0,0.0,0.0,0.0,3.0,1504.0,dimap,TOM
2012-06-22,34.0,31.0,14.0,4.0,6.0,0.0,0.0,0.0,3.0,1000.0,dimap,TOM
2012-06-06,34.0,30.0,13.0,5.0,5.0,0.0,0.0,0.0,4.0,1501.0,dimap,TOM
2012-05-25,33.0,29.0,13.0,5.0,6.0,0.0,0.0,0.0,3.0,1000.0,dimap,TOM
2012-05-18,33.0,30.0,13.0,5.0,5.0,0.0,0.0,0.0,3.0,1000.0,dimap,TOM
2012-05-03,34.0,28.0,14.0,4.0,6.0,0.0,0.0,0.0,3.0,1504.0,dimap,TOM
2012-04-13,35.0,27.0,14.0,3.0,6.0,0.0,0.0,0.0,4.0,1000.0,dimap,TOM
2012-04-04,35.0,27.0,14.0,3.0,7.0,0.0,0.0,0.0,4.0,1505.0,dimap,TOM
2012-03-16,37.0,30.0,13.0,3.0,7.0,0.0,0.0,0.0,4.0,1000.0,dimap,TOM
2012-03-01,37.0,28.0,14.0,3.0,7.0,0.0,0.0,0.0,4.0,1504.0,dimap,TOM
2012-02-17,36.0,29.0,16.0,3.0,7.0,0.0,0.0,0.0,3.0,1000.0,dimap,TOM
2012-02-02,36.0,29.0,15.0,3.0,7.0,0.0,0.0,0.0,4.0,1501.0,dimap,TOM
2012-01-19,36.0,29.0,15.0,3.0,7.0,0.0,0.0,0.0,4.0,1000.0,dimap,TOM
2012-01-05,35.0,30.0,16.0,2.0,6.0,0.0,0.0,0.0,5.0,1500.0,dimap,TOM
2011-12-23,36.0,30.0,16.0,3.0,6.0,0.0,0.0,0.0,3.0,1000.0,dimap,TOM
2011-12-01,35.0,30.0,16.0,3.0,7.0,0.0,0.0,0.0,3.0,1514.0,dimap,TOM
2011-11-25,35.0,30.0,14.0,3.0,7.0,0.0,0.0,0.0,4.0,1000.0,dimap,TOM
2011-11-03,34.0,31.0,15.0,4.0,6.0,0.0,0.0,0.0,3.0,1502.0,dimap,TOM
2011-10-28,33.0,32.0,14.0,3.0,7.0,0.0,0.0,0.0,4.0,1001.0,dimap,TOM
2011-10-06,32.0,30.0,17.0,3.0,6.0,0.0,0.0,0.0,4.0,1503.0,dimap,TOM
2011-09-26,34.0,30.0,18.0,4.0,6.0,0.0,0.0,0.0,4.0,1031.0,dimap,TOM
2011-09-16,33.0,30.0,19.0,5.0,7.0,0.0,0.0,0.0,6.0,1001.0,dimap,TOM
2011-09-09,35.0,30.0,18.0,3.0,7.0,0.0,0.0,0.0,7.0,1000.0,dimap,TOM
2011-09-01,35.0,28.0,20.0,4.0,7.0,0.0,0.0,0.0,4.0,1502.0,dimap,TOM
2011-08-19,34.0,27.0,21.0,5.0,7.0,0.0,0.0,0.0,6.0,1001.0,dimap,TOM
2011-08-04,32.0,28.0,23.0,4.0,8.0,0.0,0.0,0.0,5.0,1507.0,dimap,TOM
2011-07-22,33.0,27.0,23.0,4.0,8.0,0.0,0.0,0.0,5.0,1001.0,dimap,TOM
2011-07-07,32.0,26.0,23.0,5.0,8.0,0.0,0.0,0.0,6.0,1505.0,dimap,TOM
2011-06-24,34.0,26.0,23.0,4.0,7.0,0.0,0.0,0.0,6.0,1001.0,dimap,TOM
2011-06-09,33.0,25.0,24.0,5.0,8.0,0.0,0.0,0.0,5.0,1507.0,dimap,TOM
2011-05-22,33.0,26.0,23.0,4.0,8.0,0.0,0.0,0.0,6.0,1002.0,dimap,TOM
2011-05-13,33.0,26.0,22.0,5.0,8.0,0.0,0.0,0.0,6.0,1000.0,dimap,TOM
2011-05-05,35.0,26.0,23.0,4.0,7.0,0.0,0.0,0.0,5.0,1501.0,dimap,TOM
2011-04-15,33.0,26.0,24.0,4.0,8.0,0.0,0.0,0.0,5.0,1000.0,dimap,TOM
2011-04-07,33.0,27.0,23.0,5.0,7.0,0.0,0.0,0.0,5.0,1504.0,dimap,TOM
2011-03-24,35.0,27.0,21.0,5.0,7.0,0.0,0.0,0.0,5.0,1000.0,dimap,TOM
2011-03-18,35.0,28.0,20.0,5.0,7.0,0.0,0.0,0.0,5.0,1000.0,dimap,TOM
2011-03-10,35.0,28.0,15.0,6.0,9.0,0.0,0.0,0.0,7.0,1503.0,dimap,TOM
2011-02-24,35.0,27.0,17.0,6.0,8.0,0.0,0.0,0.0,7.0,1900.0,dimap,TOM
2011-02-18,37.0,25.0,18.0,5.0,8.0,0.0,0.0,0.0,7.0,1000.0,dimap,TOM
2011-02-14,35.0,26.0,19.0,5.0,9.0,0.0,0.0,0.0,6.0,1000.0,dimap,TOM
2011-02-03,36.0,25.0,19.0,5.0,8.0,0.0,0.0,0.0,7.0,1505.0,dimap,TOM
2011-01-21,34.0,28.0,19.0,4.0,8.0,0.0,0.0,0.0,7.0,1000.0,dimap,TOM
2011-01-06,36.0,26.0,19.0,4.0,9.0,0.0,0.0,0.0,6.0,1505.0,dimap,TOM
2010-12-10,33.0,27.0,20.0,5.0,10.0,0.0,0.0,0.0,5.0,1000.0,dimap,TOM
2010-12-02,32.0,27.0,21.0,5.0,10.0,0.0,0.0,0.0,5.0,1500.0,dimap,TOM
2010-11-12,31.0,26.0,23.0,5.0,10.0,0.0,0.0,0.0,5.0,1000.0,dimap,TOM
2010-11-04,32.0,27.0,22.0,5.0,9.0,0.0,0.0,0.0,5.0,1000.0,dimap,TOM
2010-10-15,31.0,28.0,21.0,5.0,10.0,0.0,0.0,0.0,5.0,1000.0,dimap,TOM
2010-10-07,32.0,27.0,20.0,5.0,11.0,0.0,0.0,0.0,5.0,2005.0,dimap,TOM
2010-10-01,33.0,29.0,18.0,5.0,10.0,0.0,0.0,0.0,5.0,1000.0,dimap,TOM
2010-09-17,32.0,29.0,18.0,5.0,10.0,0.0,0.0,0.0,6.0,1000.0,dimap,TOM
2010-09-02,32.0,30.0,17.0,5.0,10.0,0.0,0.0,0.0,6.0,2006.0,dimap,TOM
2010-08-20,31.0,31.0,16.0,5.0,10.0,0.0,0.0,0.0,7.0,1000.0,dimap,TOM
2010-08-05,31.0,31.0,17.0,5.0,10.0,0.0,0.0,0.0,6.0,1500.0,dimap,TOM
2010-07-23,33.0,30.0,17.0,5.0,10.0,0.0,0.0,0.0,5.0,1000.0,dimap,TOM
2010-07-01,33.0,30.0,17.0,5.0,10.0,0.0,0.0,0.0,5.0,1624.0,dimap,TOM
2010-06-15,32.0,29.0,17.0,5.0,11.0,0.0,0.0,0.0,6.0,1000.0,dimap,TOM
2010-06-11,31.0,29.0,16.0,6.0,12.0,0.0,0.0,0.0,6.0,1000.0,dimap,TOM
2010-06-02,32.0,29.0,16.0,8.0,10.0,0.0,0.0,0.0,5.0,1002.0,dimap,TOM
2010-05-27,33.0,27.0,16.0,7.0,11.0,0.0,0.0,0.0,6.0,1500.0,dimap,TOM
2010-05-14,32.0,28.0,17.0,7.0,11.0,0.0,0.0,0.0,5.0,1000.0,dimap,TOM
2010-04-29,35.0,26.0,16.0,8.0,10.0,0.0,0.0,0.0,5.0,1500.0,dimap,TOM
2010-04-16,36.0,26.0,14.0,9.0,10.0,0.0,0.0,0.0,5.0,1000.0,dimap,TOM
2010-03-31,35.0,28.0,14.0,8.0,10.0,0.0,0.0,0.0,5.0,1500.0,dimap,TOM
2010-03-19,35.0,27.0,14.0,9.0,10.0,0.0,0.0,0.0,5.0,1000.0,dimap,TOM
2010-03-04,36.0,25.0,14.0,10.0,11.0,0.0,0.0,0.0,4.0,1500.0,dimap,TOM
2010-02-19,34.0,27.0,15.0,10.0,10.0,0.0,0.0,0.0,4.0,1000.0,dimap,TOM
2010-02-04,36.0,26.0,15.0,8.0,11.0,0.0,0.0,0.0,4.0,1502.0,dimap,TOM
2010-01-22,36.0,25.0,13.0,10.0,11.0,0.0,0.0,0.0,5.0,1000.0,dimap,TOM
2010-01-07,36.0,25.0,12.0,11.0,10.0,0.0,0.0,0.0,6.0,1500.0,dimap,TOM
2009-12-11,35.0,24.0,14.0,12.0,11.0,0.0,0.0,0.0,4.0,1000.0,dimap,TOM
2009-12-03,35.0,24.0,13.0,12.0,11.0,0.0,0.0,0.0,5.0,1500.0,dimap,TOM
2009-11-20,35.0,22.0,12.0,13.0,12.0,0.0,0.0,0.0,6.0,1000.0,dimap,TOM
2009-11-13,35.0,21.0,13.0,13.0,12.0,0.0,0.0,0.0,6.0,1000.0,dimap,TOM
2009-11-05,35.0,22.0,12.0,14.0,12.0,0.0,0.0,0.0,5.0,1750.0,dimap,TOM
2009-10-16,34.0,22.0,12.0,14.0,13.0,0.0,0.0,0.0,5.0,1000.0,dimap,TOM
2009-10-08,34.0,23.0,11.0,14.0,13.0,0.0,0.0,0.0,5.0,1500.0,dimap,TOM
2009-09-17,35.0,26.0,10.0,14.0,11.0,0.0,0.0,0.0,4.0,1252.0,dimap,TOM
2009-09-10,35.0,23.0,12.0,14.0,12.0,0.0,0.0,0.0,4.0,1000.0,dimap,TOM
2009-09-03,35.0,23.0,13.0,14.0,11.0,0.0,0.0,0.0,4.0,1500.0,dimap,TOM
2009-08-27,35.0,23.0,13.0,15.0,10.0,0.0,0.0,0.0,4.0,1000.0,dimap,TOM
2009-08-21,36.0,23.0,13.0,15.0,9.0,0.0,0.0,0.0,4.0,1000.0,dimap,TOM
2009-08-13,37.0,22.0,12.0,15.0,9.0,0.0,0.0,0.0,5.0,1000.0,dimap,TOM
2009-08-06,35.0,23.0,13.0,16.0,10.0,0.0,0.0,0.0,3.0,1541.0,dimap,TOM
2009-07-30,36.0,24.0,13.0,14.0,10.0,0.0,0.0,0.0,3.0,1000.0,dimap,TOM
2009-07-17,36.0,23.0,13.0,14.0,10.0,0.0,0.0,0.0,4.0,1000.0,dimap,TOM
2009-07-02,35.0,23.0,13.0,15.0,10.0,0.0,0.0,0.0,4.0,1500.0,dimap,TOM
2009-06-26,35.0,24.0,13.0,15.0,9.0,0.0,0.0,0.0,4.0,1000.0,dimap,TOM
2009-06-11,36.0,25.0,13.0,14.0,9.0,0.0,0.0,0.0,3.0,1500.0,dimap,TOM
2009-05-15,35.0,28.0,12.0,13.0,9.0,0.0,0.0,0.0,3.0,1000.0,dimap,TOM
2009-05-07,34.0,27.0,11.0,14.0,10.0,0.0,0.0,0.0,4.0,1500.0,dimap,TOM
2009-04-17,35.0,26.0,11.0,14.0,10.0,0.0,0.0,0.0,4.0,1000.0,dimap,TOM
2009-04-09,34.0,27.0,11.0,14.0,10.0,0.0,0.0,0.0,4.0,1000.0,dimap,TOM
2009-04-02,34.0,26.0,11.0,15.0,11.0,0.0,0.0,0.0,3.0,1500.0,dimap,TOM
2009-03-20,33.0,27.0,10.0,16.0,10.0,0.0,0.0,0.0,4.0,1000.0,dimap,TOM
2009-03-05,32.0,27.0,11.0,17.0,10.0,0.0,0.0,0.0,3.0,1500.0,dimap,TOM
2009-02-19,33.0,26.0,11.0,16.0,11.0,0.0,0.0,0.0,3.0,1000.0,dimap,TOM
2009-02-05,34.0,25.0,11.0,16.0,11.0,0.0,0.0,0.0,3.0,1750.0,dimap,TOM
2009-01-23,35.0,25.0,11.0,14.0,11.0,0.0,0.0,0.0,4.0,1000.0,dimap,TOM
2009-01-08,37.0,26.0,10.0,13.0,10.0,0.0,0.0,0.0,4.0,1500.0,dimap,TOM
2026-08-28,20.0,13.0,16.0,4.0,12.0,28.0,0.0,2.0,5.0,1451.0,emnid,T
2026-07-31,21.0,13.0,15.0,4.0,12.0,27.0,0.0,3.0,5.0,1456.0,emnid,T
2026-07-03,22.0,13.0,15.0,4.0,11.0,27.0,0.0,3.0,5.0,1470.0,emnid,T
2026-06-03,23.0,13.0,15.0,4.0,10.0,27.0,0.0,2.0,6.0,1454.0,emnid,T
2026-05-08,24.0,13.0,15.0,4.0,10.0,25.0,0.0,3.0,6.0,1448.0,emnid,T
2026-04-10,25.0,14.0,14.0,3.0,11.0,25.0,0.0,3.0,5.0,1460.0,emnid,T
2026-03-12,26.0,15.0,13.0,3.0,11.0,23.0,0.0,3.0,6.0,1471.0,emnid,T
2026-02-11,25.0,15.0,12.0,4.0,11.0,24.0,0.0,3.0,6.0,1472.0,emnid,T
2026-01-16,26.0,15.0,13.0,3.0,10.0,25.0,0.0,3.0,5.0,1455.0,emnid,T
2025-12-10,25.0,14.0,12.0,3.0,11.0,25.0,3.0,4.0,3.0,1443.0,emnid,T
2025-11-07,26.0,15.0,12.0,3.0,10.0,25.0,0.0,3.0,6.0,1471.0,emnid,T
2025-10-10,25.0,15.0,12.0,3.0,10.0,25.0,0.0,4.0,6.0,1478.0,emnid,T
2025-09-10,26.0,15.0,11.0,3.0,11.0,25.0,0.0,4.0,5.0,1460.0,emnid,T
2025-08-15,26.0,14.0,12.0,4.0,10.0,25.0,0.0,3.0,6.0,1464.0,emnid,T
2025-08-01,27.0,14.0,12.0,4.0,11.0,24.0,0.0,3.0,5.0,1473.0,emnid,T
2025-06-19,28.0,15.0,12.0,3.0,10.0,23.0,0.0,4.0,5.0,1462.0,emnid,T
2025-05-21,26.0,15.0,12.0,3.0,11.0,23.0,0.0,4.0,6.0,1468.0,emnid,T
2025-04-25,26.0,16.0,12.0,3.0,9.0,24.0,0.0,4.0,6.0,1469.0,emnid,T
2025-03-28,27.0,15.0,13.0,3.0,10.0,22.0,0.0,4.0,6.0,1381.0,emnid,T
2025-01-31,30.0,15.0,14.0,4.0,4.0,20.0,0.0,5.0,8.0,1461.0,emnid,T
2024-12-20,31.0,17.0,14.0,4.0,3.0,18.0,0.0,5.0,8.0,1452.0,emnid,T
2024-11-29,32.0,15.0,13.0,4.0,3.0,18.0,0.0,6.0,9.0,1432.0,emnid,T
2024-11-01,32.0,16.0,11.0,3.0,3.0,17.0,0.0,8.0,10.0,1443.0,emnid,T
2024-10-04,31.0,16.0,11.0,4.0,3.0,17.0,3.0,7.0,8.0,1452.0,emnid,T
2024-09-06,31.0,15.0,12.0,4.0,3.0,17.0,0.0,8.0,10.0,1427.0,emnid,T
2024-08-09,31.0,16.0,13.0,5.0,3.0,16.0,0.0,7.0,9.0,1449.0,emnid,T
2024-07-12,31.0,15.0,13.0,5.0,3.0,16.0,0.0,7.0,10.0,1486.0,emnid,T
2024-06-12,30.0,16.0,13.0,5.0,3.0,17.0,3.0,6.0,7.0,1425.0,emnid,T
2024-05-17,30.0,16.0,14.0,5.0,4.0,16.0,3.0,5.0,7.0,1506.0,emnid,T
2024-04-19,30.0,16.0,14.0,5.0,3.0,18.0,3.0,5.0,6.0,1445.0,emnid,T
2024-03-22,29.0,17.0,15.0,5.0,3.0,18.0,0.0,5.0,8.0,1480.0,emnid,T
2024-03-02,30.0,16.0,15.0,5.0,3.0,18.0,0.0,4.0,9.0,1392.0,emnid,T
2024-02-24,29.0,16.0,15.0,4.0,3.0,19.0,0.0,5.0,9.0,1505.0,emnid,T
2024-01-27,29.0,16.0,16.0,4.0,4.0,19.0,0.0,3.0,9.0,1922.0,emnid,T
2024-01-20,31.0,14.0,16.0,4.0,4.0,22.0,3.0,0.0,6.0,1359.0,emnid,T
2023-12-23,31.0,15.0,15.0,4.0,4.0,21.0,0.0,0.0,10.0,1421.0,emnid,T
2023-12-16,30.0,15.0,16.0,5.0,4.0,20.0,0.0,0.0,10.0,1515.0,emnid,T
2023-12-09,30.0,14.0,17.0,4.0,4.0,20.0,0.0,0.0,11.0,1402.0,emnid,T
2023-12-02,29.0,17.0,16.0,5.0,4.0,19.0,0.0,0.0,10.0,1806.0,emnid,T
2023-11-25,29.0,16.0,17.0,5.0,4.0,20.0,0.0,0.0,9.0,1452.0,emnid,T
2023-11-18,28.0,16.0,16.0,6.0,4.0,20.0,0.0,0.0,10.0,1421.0,emnid,T
2023-11-11,28.0,16.0,16.0,6.0,4.0,20.0,3.0,0.0,7.0,1443.0,emnid,T
2023-11-04,27.0,17.0,16.0,5.0,4.0,21.0,0.0,0.0,10.0,1418.0,emnid,T
2023-10-28,28.0,16.0,16.0,5.0,5.0,20.0,0.0,0.0,10.0,1422.0,emnid,T
2023-10-21,31.0,14.0,15.0,5.0,4.0,21.0,3.0,0.0,7.0,1388.0,emnid,T
2023-10-14,27.0,16.0,15.0,6.0,5.0,22.0,3.0,0.0,6.0,1386.0,emnid,T
2023-10-07,26.0,16.0,16.0,7.0,5.0,21.0,0.0,0.0,9.0,1391.0,emnid,T
2023-09-30,27.0,16.0,15.0,7.0,5.0,21.0,0.0,0.0,9.0,1356.0,emnid,T
2023-09-23,27.0,17.0,15.0,7.0,4.0,21.0,0.0,0.0,9.0,1370.0,emnid,T
2023-09-16,26.0,16.0,15.0,7.0,5.0,22.0,0.0,0.0,9.0,1442.0,emnid,T
2023-09-09,26.0,17.0,15.0,6.0,5.0,21.0,0.0,0.0,10.0,1441.0,emnid,T
2023-09-02,25.0,18.0,15.0,7.0,5.0,20.0,0.0,0.0,10.0,1330.0,emnid,T
2023-08-26,26.0,18.0,14.0,7.0,5.0,20.0,0.0,0.0,10.0,1435.0,emnid,T
2023-08-19,26.0,18.0,15.0,7.0,5.0,19.0,0.0,0.0,10.0,1426.0,emnid,T
2023-08-12,27.0,19.0,16.0,6.0,6.0,18.0,0.0,0.0,8.0,1330.0,emnid,T
2023-08-05,27.0,19.0,16.0,6.0,5.0,19.0,0.0,0.0,8.0,1310.0,emnid,T
2023-07-29,27.0,18.0,16.0,6.0,5.0,20.0,0.0,0.0,8.0,1402.0,emnid,T
2023-07-22,26.0,18.0,16.0,7.0,5.0,20.0,0.0,0.0,8.0,1403.0,emnid,T
2023-07-15,26.0,19.0,15.0,7.0,5.0,20.0,0.0,0.0,8.0,1393.0,emnid,T
2023-07-08,27.0,18.0,15.0,6.0,5.0,20.0,0.0,0.0,9.0,1403.0,emnid,T
2023-07-01,26.0,18.0,15.0,7.0,5.0,19.0,0.0,0.0,10.0,1408.0,emnid,T
2023-06-24,27.0,19.0,15.0,7.0,4.0,20.0,0.0,0.0,8.0,1406.0,emnid,T
2023-06-17,27.0,20.0,15.0,6.0,5.0,19.0,0.0,0.0,8.0,1387.0,emnid,T
2023-06-10,27.0,20.0,15.0,7.0,5.0,18.0,0.0,0.0,8.0,1402.0,emnid,T
2023-06-03,27.0,20.0,15.0,8.0,5.0,17.0,0.0,0.0,8.0,1379.0,emnid,T
2023-05-27,29.0,18.0,15.0,8.0,5.0,16.0,0.0,0.0,9.0,1321.0,emnid,T
2023-05-20,28.0,18.0,16.0,8.0,5.0,16.0,0.0,0.0,9.0,1401.0,emnid,T
2023-05-13,29.0,18.0,17.0,8.0,5.0,16.0,0.0,0.0,7.0,1405.0,emnid,T
2023-05-06,31.0,17.0,16.0,8.0,4.0,16.0,0.0,0.0,8.0,1394.0,emnid,T
2023-04-29,30.0,18.0,16.0,7.0,5.0,16.0,0.0,0.0,8.0,1426.0,emnid,T
2023-04-22,29.0,19.0,17.0,7.0,4.0,15.0,0.0,0.0,9.0,1407.0,emnid,T
2023-04-15,27.0,21.0,17.0,8.0,5.0,14.0,0.0,0.0,8.0,1367.0,emnid,T
2023-04-08,27.0,20.0,18.0,8.0,5.0,14.0,0.0,0.0,8.0,1269.0,emnid,T
2023-04-01,28.0,18.0,19.0,7.0,4.0,15.0,0.0,0.0,9.0,1387.0,emnid,T
2023-03-25,28.0,18.0,18.0,7.0,5.0,15.0,0.0,0.0,9.0,1504.0,emnid,T
2023-03-18,28.0,19.0,18.0,7.0,5.0,15.0,0.0,0.0,8.0,1423.0,emnid,T
2023-03-11,29.0,19.0,19.0,7.0,5.0,13.0,0.0,0.0,8.0,1504.0,emnid,T
2023-03-04,28.0,20.0,18.0,6.0,6.0,14.0,0.0,0.0,8.0,1722.0,emnid,T
2023-02-25,29.0,21.0,17.0,6.0,5.0,15.0,0.0,0.0,7.0,1373.0,emnid,T
2023-02-18,26.0,21.0,18.0,7.0,5.0,15.0,0.0,0.0,8.0,1386.0,emnid,T
2023-02-11,25.0,21.0,19.0,7.0,5.0,15.0,0.0,0.0,8.0,1410.0,emnid,T
2023-02-04,25.0,21.0,19.0,7.0,5.0,15.0,0.0,0.0,8.0,1405.0,emnid,T
2023-01-28,27.0,21.0,19.0,7.0,5.0,14.0,0.0,0.0,7.0,1392.0,emnid,T
2023-01-21,27.0,20.0,20.0,6.0,5.0,14.0,0.0,0.0,8.0,1418.0,emnid,T
2023-01-14,28.0,19.0,18.0,7.0,4.0,14.0,0.0,0.0,10.0,1398.0,emnid,T
2022-12-24,29.0,19.0,18.0,7.0,5.0,14.0,0.0,0.0,8.0,1717.0,emnid,T
2022-12-17,28.0,18.0,19.0,7.0,5.0,14.0,0.0,0.0,9.0,1429.0,emnid,T
2022-12-10,27.0,19.0,19.0,6.0,5.0,15.0,0.0,0.0,9.0,1443.0,emnid,T
2022-12-03,27.0,18.0,20.0,7.0,5.0,14.0,0.0,0.0,9.0,1414.0,emnid,T
2022-11-26,29.0,19.0,19.0,7.0,4.0,13.0,0.0,0.0,9.0,1430.0,emnid,T
2022-11-19,27.0,20.0,19.0,7.0,5.0,13.0,0.0,0.0,9.0,1443.0,emnid,T
2022-11-12,26.0,21.0,20.0,7.0,5.0,14.0,0.0,0.0,7.0,1442.0,emnid,T
2022-11-05,26.0,21.0,19.0,8.0,5.0,14.0,0.0,0.0,7.0,1516.0,emnid,T
2022-10-29,25.0,21.0,20.0,7.0,5.0,15.0,0.0,0.0,7.0,1406.0,emnid,T
2022-10-22,23.0,22.0,20.0,7.0,4.0,16.0,0.0,0.0,8.0,1435.0,emnid,T
2022-10-15,25.0,20.0,21.0,6.0,5.0,15.0,0.0,0.0,8.0,1433.0,emnid,T
2022-10-08,27.0,18.0,20.0,8.0,6.0,14.0,0.0,0.0,7.0,1864.0,emnid,T
2022-10-01,27.0,19.0,21.0,8.0,5.0,13.0,0.0,0.0,7.0,1381.0,emnid,T
2022-09-24,27.0,19.0,20.0,7.0,5.0,14.0,0.0,0.0,8.0,1444.0,emnid,T
2022-09-17,26.0,20.0,21.0,7.0,5.0,13.0,0.0,0.0,8.0,1443.0,emnid,T
2022-09-10,25.0,20.0,21.0,8.0,5.0,12.0,0.0,0.0,9.0,1416.0,emnid,T
2022-09-03,24.0,21.0,22.0,8.0,5.0,12.0,0.0,0.0,8.0,1411.0,emnid,T
2022-08-27,26.0,19.0,23.0,7.0,5.0,12.0,0.0,0.0,8.0,1431.0,emnid,T
2022-08-20,28.0,20.0,23.0,6.0,4.0,12.0,0.0,0.0,7.0,1429.0,emnid,T
2022-08-13,27.0,21.0,22.0,7.0,5.0,11.0,0.0,0.0,7.0,1422.0,emnid,T
2022-08-06,25.0,21.0,23.0,6.0,5.0,11.0,0.0,0.0,9.0,1426.0,emnid,T
2022-07-30,26.0,21.0,22.0,7.0,5.0,11.0,0.0,0.0,8.0,1413.0,emnid,T
2022-07-23,25.0,19.0,23.0,8.0,5.0,11.0,0.0,0.0,9.0,1392.0,emnid,T
2022-07-16,25.0,20.0,24.0,8.0,4.0,11.0,0.0,0.0,8.0,1433.0,emnid,T
2022-07-09,25.0,20.0,24.0,7.0,5.0,10.0,0.0,0.0,9.0,1426.0,emnid,T
2022-07-02,26.0,20.0,25.0,8.0,4.0,10.0,0.0,0.0,7.0,1410.0,emnid,T
2022-06-25,26.0,20.0,24.0,8.0,4.0,10.0,0.0,0.0,8.0,1769.0,emnid,T
2022-06-18,28.0,20.0,22.0,8.0,4.0,9.0,0.0,0.0,9.0,1895.0,emnid,T
2022-06-11,26.0,22.0,23.0,9.0,4.0,8.0,0.0,0.0,8.0,1428.0,emnid,T
2022-06-04,28.0,20.0,23.0,8.0,4.0,8.0,0.0,0.0,9.0,1428.0,emnid,T
2022-05-28,27.0,21.0,21.0,8.0,5.0,9.0,0.0,0.0,9.0,1422.0,emnid,T
2022-05-21,26.0,22.0,21.0,8.0,5.0,10.0,0.0,0.0,8.0,1425.0,emnid,T
2022-05-14,26.0,22.0,20.0,9.0,5.0,10.0,0.0,0.0,8.0,1426.0,emnid,T
2022-05-07,27.0,23.0,19.0,9.0,5.0,9.0,0.0,0.0,8.0,1570.0,emnid,T
2022-04-30,25.0,23.0,20.0,9.0,5.0,9.0,0.0,0.0,9.0,1431.0,emnid,T
2022-04-23,25.0,25.0,19.0,9.0,4.0,9.0,0.0,0.0,9.0,1715.0,emnid,T
2022-04-16,25.0,26.0,19.0,8.0,4.0,10.0,0.0,0.0,8.0,1960.0,emnid,T
2022-04-09,25.0,27.0,19.0,8.0,4.0,10.0,0.0,0.0,7.0,1437.0,emnid,T
2022-04-02,26.0,25.0,18.0,9.0,5.0,9.0,0.0,0.0,8.0,1428.0,emnid,T
2022-03-26,25.0,26.0,18.0,9.0,6.0,9.0,0.0,0.0,7.0,1429.0,emnid,T
2022-03-19,26.0,26.0,19.0,8.0,5.0,9.0,0.0,0.0,7.0,1416.0,emnid,T
2022-03-12,26.0,25.0,19.0,8.0,5.0,10.0,0.0,0.0,7.0,1426.0,emnid,T
2022-03-05,26.0,26.0,17.0,8.0,6.0,10.0,0.0,0.0,7.0,1405.0,emnid,T
2022-02-26,25.0,26.0,17.0,9.0,7.0,10.0,0.0,0.0,6.0,1432.0,emnid,T
2022-02-19,24.0,24.0,16.0,10.0,6.0,12.0,0.0,0.0,8.0,1434.0,emnid,T
2022-02-12,26.0,22.0,16.0,10.0,6.0,12.0,0.0,0.0,8.0,1287.0,emnid,T
2022-02-05,24.0,24.0,17.0,9.0,6.0,11.0,0.0,0.0,9.0,1410.0,emnid,T
2022-01-29,24.0,24.0,18.0,10.0,6.0,10.0,0.0,0.0,8.0,1415.0,emnid,T
2022-01-22,22.0,26.0,17.0,9.0,6.0,12.0,0.0,0.0,8.0,1441.0,emnid,T
2022-01-15,23.0,26.0,17.0,10.0,6.0,10.0,0.0,0.0,8.0,1426.0,emnid,T
2021-12-27,22.0,27.0,16.0,11.0,5.0,11.0,0.0,0.0,8.0,1436.0,emnid,T
2021-12-18,22.0,27.0,16.0,11.0,5.0,10.0,0.0,0.0,9.0,1440.0,emnid,T
2021-12-11,21.0,28.0,15.0,11.0,5.0,11.0,3.0,0.0,6.0,1439.0,emnid,T
2021-12-04,20.0,27.0,16.0,12.0,6.0,11.0,0.0,0.0,8.0,1425.0,emnid,T
2021-11-27,22.0,24.0,18.0,11.0,6.0,11.0,0.0,0.0,8.0,1424.0,emnid,T
2021-11-20,21.0,24.0,18.0,12.0,6.0,11.0,0.0,0.0,8.0,1433.0,emnid,T
2021-11-13,21.0,25.0,16.0,14.0,6.0,10.0,0.0,0.0,8.0,1424.0,emnid,T
2021-11-06,22.0,25.0,16.0,13.0,5.0,10.0,3.0,0.0,6.0,1417.0,emnid,T
2021-10-30,21.0,25.0,17.0,14.0,5.0,11.0,0.0,0.0,7.0,1422.0,emnid,T
2021-10-23,21.0,25.0,16.0,13.0,5.0,11.0,0.0,0.0,9.0,1424.0,emnid,T
2021-10-14,19.0,26.0,17.0,14.0,5.0,10.0,0.0,0.0,9.0,1410.0,emnid,T
2021-10-09,20.0,26.0,17.0,13.0,5.0,10.0,3.0,0.0,6.0,1985.0,emnid,T
2021-09-23,21.0,25.0,16.0,11.0,7.0,11.0,0.0,0.0,9.0,1433.0,emnid,T
2021-09-16,20.0,26.0,17.0,11.0,6.0,12.0,0.0,0.0,8.0,1543.0,emnid,T
2021-09-09,21.0,25.0,17.0,12.0,6.0,12.0,0.0,0.0,7.0,1901.0,emnid,T
2021-09-02,21.0,25.0,19.0,11.0,7.0,11.0,0.0,0.0,6.0,1439.0,emnid,T
2021-08-26,23.0,23.0,18.0,12.0,7.0,11.0,0.0,0.0,6.0,1919.0,emnid,T
2021-08-19,22.0,21.0,19.0,12.0,7.0,11.0,0.0,0.0,8.0,1920.0,emnid,T
2021-08-11,22.0,19.0,21.0,12.0,7.0,11.0,0.0,0.0,8.0,1446.0,emnid,T
2021-08-04,24.0,18.0,22.0,13.0,6.0,11.0,0.0,0.0,6.0,1413.0,emnid,T
2021-07-30,27.0,17.0,19.0,13.0,6.0,11.0,0.0,0.0,7.0,1441.0,emnid,T
2021-07-23,28.0,16.0,19.0,12.0,7.0,11.0,0.0,0.0,7.0,1421.0,emnid,T
2021-07-16,28.0,15.0,20.0,11.0,8.0,11.0,0.0,0.0,7.0,1495.0,emnid,T
2021-07-10,29.0,15.0,19.0,11.0,8.0,11.0,0.0,0.0,7.0,1405.0,emnid,T
2021-07-02,28.0,16.0,20.0,10.0,7.0,11.0,0.0,0.0,8.0,1418.0,emnid,T
2021-06-25,28.0,17.0,19.0,11.0,7.0,10.0,0.0,0.0,8.0,1430.0,emnid,T
2021-06-18,27.0,17.0,20.0,12.0,7.0,10.0,0.0,0.0,7.0,1413.0,emnid,T
2021-06-11,26.0,16.0,21.0,13.0,7.0,11.0,0.0,0.0,6.0,1421.0,emnid,T
2021-06-05,24.0,16.0,22.0,13.0,7.0,11.0,0.0,0.0,7.0,1419.0,emnid,T
2021-05-28,25.0,15.0,23.0,12.0,7.0,12.0,0.0,0.0,6.0,1422.0,emnid,T
2021-05-21,26.0,14.0,24.0,11.0,8.0,11.0,0.0,0.0,6.0,1445.0,emnid,T
2021-05-15,24.0,15.0,25.0,11.0,8.0,11.0,0.0,0.0,6.0,1428.0,emnid,T
2021-05-08,23.0,16.0,26.0,12.0,7.0,10.0,0.0,0.0,6.0,1910.0,emnid,T
2021-05-01,24.0,15.0,27.0,11.0,7.0,10.0,0.0,0.0,6.0,1442.0,emnid,T
2021-04-24,27.0,13.0,28.0,9.0,7.0,10.0,0.0,0.0,6.0,1225.0,emnid,T
2021-04-18,29.0,15.0,22.0,9.0,8.0,11.0,0.0,0.0,6.0,1437.0,emnid,T
2021-04-11,27.0,15.0,22.0,9.0,9.0,11.0,0.0,0.0,7.0,1448.0,emnid,T
2021-04-04,26.0,16.0,23.0,9.0,9.0,10.0,0.0,0.0,7.0,1429.0,emnid,T
2021-03-27,25.0,17.0,23.0,10.0,9.0,10.0,0.0,0.0,6.0,1447.0,emnid,T
2021-03-20,27.0,17.0,22.0,10.0,8.0,10.0,0.0,0.0,6.0,1942.0,emnid,T
2021-03-14,31.0,16.0,19.0,8.0,8.0,11.0,0.0,0.0,7.0,2378.0,emnid,T
2021-03-07,32.0,16.0,19.0,9.0,9.0,10.0,0.0,0.0,5.0,2410.0,emnid,T
2021-02-27,34.0,16.0,18.0,8.0,9.0,9.0,0.0,0.0,6.0,1869.0,emnid,T
2021-02-20,34.0,16.0,19.0,8.0,8.0,9.0,0.0,0.0,6.0,1905.0,emnid,T
2021-02-14,35.0,17.0,18.0,8.0,7.0,10.0,0.0,0.0,5.0,1569.0,emnid,T
2021-02-07,36.0,16.0,19.0,7.0,7.0,9.0,0.0,0.0,6.0,1412.0,emnid,T
2021-01-31,36.0,15.0,19.0,7.0,8.0,9.0,0.0,0.0,6.0,1427.0,emnid,T
2021-01-24,35.0,15.0,20.0,7.0,8.0,9.0,0.0,0.0,6.0,1922.0,emnid,T
2021-01-17,36.0,15.0,18.0,7.0,8.0,10.0,0.0,0.0,6.0,2398.0,emnid,T
2020-12-19,35.0,17.0,19.0,6.0,8.0,10.0,0.0,0.0,5.0,2401.0,emnid,T
2020-12-13,35.0,16.0,19.0,7.0,7.0,10.0,0.0,0.0,6.0,2374.0,emnid,T
2020-12-06,35.0,15.0,19.0,7.0,8.0,10.0,0.0,0.0,6.0,1438.0,emnid,T
2020-11-29,34.0,16.0,18.0,8.0,8.0,9.0,0.0,0.0,7.0,1517.0,emnid,T
2020-11-22,36.0,16.0,18.0,7.0,7.0,9.0,0.0,0.0,7.0,1927.0,emnid,T
2020-11-15,35.0,15.0,19.0,7.0,8.0,9.0,0.0,0.0,7.0,2405.0,emnid,T
2020-11-08,36.0,16.0,18.0,7.0,8.0,9.0,0.0,0.0,6.0,1415.0,emnid,T
2020-11-01,35.0,15.0,19.0,7.0,8.0,10.0,0.0,0.0,6.0,1987.0,emnid,T
2020-10-24,35.0,15.0,19.0,6.0,8.0,11.0,0.0,0.0,6.0,1434.0,emnid,T
2020-10-17,35.0,16.0,19.0,6.0,8.0,10.0,0.0,0.0,6.0,2407.0,emnid,T
2020-10-11,34.0,17.0,20.0,5.0,8.0,9.0,0.0,0.0,7.0,1411.0,emnid,T
2020-10-04,35.0,16.0,18.0,6.0,9.0,11.0,0.0,0.0,5.0,2397.0,emnid,T
2020-09-27,36.0,16.0,18.0,6.0,8.0,11.0,0.0,0.0,5.0,1509.0,emnid,T
2020-09-19,36.0,16.0,18.0,5.0,8.0,11.0,0.0,0.0,6.0,1534.0,emnid,T
2020-09-13,36.0,17.0,18.0,6.0,8.0,10.0,0.0,0.0,5.0,1446.0,emnid,T
2020-09-06,36.0,17.0,18.0,6.0,7.0,11.0,0.0,0.0,5.0,1447.0,emnid,T
2020-08-30,36.0,16.0,18.0,6.0,8.0,11.0,0.0,0.0,5.0,1597.0,emnid,T
2020-08-23,36.0,17.0,16.0,7.0,8.0,10.0,0.0,0.0,6.0,2107.0,emnid,T
2020-08-16,36.0,18.0,16.0,6.0,8.0,11.0,0.0,0.0,5.0,1912.0,emnid,T
2020-08-09,38.0,15.0,18.0,6.0,8.0,11.0,0.0,0.0,4.0,1564.0,emnid,T
2020-08-02,37.0,16.0,17.0,6.0,8.0,10.0,0.0,0.0,6.0,1449.0,emnid,T
2020-07-26,37.0,15.0,18.0,6.0,8.0,11.0,0.0,0.0,5.0,2031.0,emnid,T
2020-07-18,38.0,16.0,17.0,6.0,8.0,10.0,0.0,0.0,5.0,1449.0,emnid,T
2020-07-12,38.0,15.0,17.0,6.0,8.0,11.0,0.0,0.0,5.0,1426.0,emnid,T
2020-07-04,37.0,16.0,19.0,6.0,8.0,10.0,0.0,0.0,4.0,1436.0,emnid,T
2020-06-27,37.0,16.0,18.0,6.0,8.0,10.0,0.0,0.0,5.0,1550.0,emnid,T
2020-06-20,38.0,15.0,17.0,7.0,8.0,10.0,0.0,0.0,5.0,2403.0,emnid,T
2020-06-13,39.0,15.0,17.0,7.0,7.0,9.0,0.0,0.0,6.0,1934.0,emnid,T
2020-06-06,38.0,15.0,16.0,7.0,8.0,8.0,0.0,0.0,8.0,1428.0,emnid,T
2020-05-30,40.0,16.0,15.0,8.0,7.0,9.0,0.0,0.0,5.0,1934.0,emnid,T
2020-05-23,38.0,16.0,15.0,7.0,8.0,10.0,0.0,0.0,6.0,1914.0,emnid,T
2020-05-16,39.0,16.0,14.0,6.0,8.0,11.0,0.0,0.0,6.0,1559.0,emnid,T
2020-05-09,38.0,17.0,14.0,5.0,8.0,12.0,0.0,0.0,6.0,1426.0,emnid,T
2020-05-02,37.0,15.0,15.0,6.0,9.0,12.0,0.0,0.0,6.0,1443.0,emnid,T
2020-04-25,38.0,16.0,15.0,6.0,9.0,11.0,0.0,0.0,5.0,2003.0,emnid,T
2020-04-18,37.0,18.0,16.0,7.0,8.0,9.0,0.0,0.0,5.0,1534.0,emnid,T
2020-04-11,37.0,17.0,16.0,6.0,9.0,10.0,0.0,0.0,5.0,1912.0,emnid,T
2020-04-04,33.0,18.0,18.0,6.0,9.0,11.0,0.0,0.0,5.0,1426.0,emnid,T
2020-03-28,32.0,18.0,19.0,6.0,9.0,11.0,0.0,0.0,5.0,1441.0,emnid,T
2020-03-21,28.0,16.0,21.0,7.0,9.0,13.0,0.0,0.0,6.0,1603.0,emnid,T
2020-03-14,26.0,17.0,21.0,7.0,8.0,14.0,0.0,0.0,7.0,1414.0,emnid,T
2020-03-08,24.0,17.0,22.0,7.0,9.0,14.0,0.0,0.0,7.0,1423.0,emnid,T
2020-03-01,25.0,16.0,22.0,6.0,10.0,14.0,0.0,0.0,7.0,1509.0,emnid,T
2020-02-22,27.0,15.0,20.0,7.0,10.0,14.0,0.0,0.0,7.0,1417.0,emnid,T
2020-02-15,28.0,15.0,20.0,6.0,10.0,15.0,0.0,0.0,6.0,1886.0,emnid,T
2020-02-09,28.0,15.0,20.0,8.0,9.0,15.0,0.0,0.0,5.0,1889.0,emnid,T
2020-02-01,27.0,15.0,21.0,8.0,9.0,14.0,0.0,0.0,6.0,1442.0,emnid,T
2020-01-25,26.0,14.0,21.0,9.0,10.0,15.0,0.0,0.0,5.0,2100.0,emnid,T
2020-01-18,26.0,15.0,21.0,9.0,9.0,14.0,0.0,0.0,6.0,2009.0,emnid,T
2020-01-11,27.0,14.0,21.0,9.0,9.0,14.0,0.0,0.0,6.0,1829.0,emnid,T
2019-12-21,27.0,15.0,20.0,9.0,9.0,14.0,0.0,0.0,6.0,1899.0,emnid,T
2019-12-14,28.0,16.0,20.0,9.0,9.0,13.0,0.0,0.0,5.0,1978.0,emnid,T
2019-12-07,28.0,16.0,20.0,9.0,8.0,13.0,0.0,0.0,6.0,1876.0,emnid,T
2019-11-30,28.0,15.0,20.0,8.0,9.0,14.0,0.0,0.0,6.0,1910.0,emnid,T
2019-11-23,28.0,15.0,20.0,9.0,9.0,13.0,0.0,0.0,6.0,1905.0,emnid,T
2019-11-16,27.0,17.0,18.0,8.0,10.0,14.0,0.0,0.0,6.0,1525.0,emnid,T
2019-11-09,26.0,16.0,18.0,10.0,10.0,14.0,0.0,0.0,6.0,1431.0,emnid,T
2019-11-02,27.0,16.0,18.0,9.0,9.0,15.0,0.0,0.0,6.0,1920.0,emnid,T
2019-10-26,29.0,15.0,20.0,8.0,9.0,14.0,0.0,0.0,5.0,1441.0,emnid,T
2019-10-19,29.0,15.0,20.0,7.0,9.0,13.0,0.0,0.0,7.0,1444.0,emnid,T
2019-10-12,28.0,14.0,21.0,7.0,8.0,15.0,0.0,0.0,7.0,1916.0,emnid,T
2019-10-05,27.0,15.0,21.0,8.0,8.0,15.0,0.0,0.0,6.0,1449.0,emnid,T
2019-09-28,27.0,16.0,21.0,7.0,8.0,15.0,0.0,0.0,6.0,1719.0,emnid,T
2019-09-21,29.0,15.0,21.0,8.0,8.0,14.0,0.0,0.0,5.0,1639.0,emnid,T
2019-09-14,28.0,16.0,21.0,8.0,7.0,15.0,0.0,0.0,5.0,2835.0,emnid,T
2019-09-07,29.0,16.0,21.0,7.0,8.0,14.0,0.0,0.0,5.0,1884.0,emnid,T
2019-08-31,29.0,15.0,22.0,7.0,7.0,14.0,0.0,0.0,6.0,1434.0,emnid,T
2019-08-24,27.0,15.0,23.0,8.0,8.0,14.0,0.0,0.0,5.0,1555.0,emnid,T
2019-08-17,27.0,14.0,22.0,8.0,9.0,14.0,0.0,0.0,6.0,1897.0,emnid,T
2019-08-10,26.0,14.0,22.0,9.0,9.0,14.0,0.0,0.0,6.0,2388.0,emnid,T
2019-08-03,26.0,13.0,23.0,9.0,8.0,14.0,0.0,0.0,7.0,1419.0,emnid,T
2019-07-27,26.0,14.0,23.0,9.0,8.0,13.0,0.0,0.0,7.0,1520.0,emnid,T
2019-07-20,27.0,14.0,22.0,9.0,9.0,13.0,0.0,0.0,6.0,1908.0,emnid,T
2019-07-13,26.0,15.0,24.0,8.0,9.0,13.0,0.0,0.0,5.0,2377.0,emnid,T
2019-07-06,26.0,13.0,24.0,7.0,9.0,14.0,0.0,0.0,7.0,2389.0,emnid,T
2019-06-29,26.0,13.0,25.0,8.0,8.0,14.0,0.0,0.0,6.0,1906.0,emnid,T
2019-06-22,27.0,12.0,25.0,7.0,8.0,14.0,0.0,0.0,7.0,1910.0,emnid,T
2019-06-15,25.0,12.0,27.0,8.0,8.0,13.0,0.0,0.0,7.0,2377.0,emnid,T
2019-06-08,27.0,12.0,27.0,8.0,7.0,12.0,0.0,0.0,7.0,1903.0,emnid,T
2019-06-01,28.0,16.0,20.0,8.0,8.0,13.0,0.0,0.0,7.0,1413.0,emnid,T
2019-05-25,29.0,17.0,17.0,9.0,9.0,13.0,0.0,0.0,6.0,1895.0,emnid,T
2019-05-18,29.0,16.0,18.0,9.0,9.0,13.0,0.0,0.0,6.0,1975.0,emnid,T
2019-05-11,29.0,16.0,19.0,9.0,9.0,13.0,0.0,0.0,5.0,2393.0,emnid,T
2019-05-04,28.0,17.0,19.0,9.0,9.0,13.0,0.0,0.0,5.0,1903.0,emnid,T
2019-04-27,28.0,17.0,18.0,9.0,10.0,13.0,0.0,0.0,5.0,1433.0,emnid,T
2019-04-20,28.0,18.0,19.0,8.0,9.0,13.0,0.0,0.0,5.0,2709.0,emnid,T
2019-04-13,30.0,17.0,17.0,9.0,9.0,12.0,0.0,0.0,6.0,2559.0,emnid,T
2019-04-06,31.0,17.0,18.0,8.0,9.0,12.0,0.0,0.0,5.0,2335.0,emnid,T
2019-03-30,30.0,16.0,17.0,9.0,9.0,13.0,0.0,0.0,6.0,2361.0,emnid,T
2019-03-23,31.0,17.0,17.0,8.0,8.0,14.0,0.0,0.0,5.0,1518.0,emnid,T
2019-03-16,31.0,16.0,17.0,8.0,9.0,13.0,0.0,0.0,6.0,1904.0,emnid,T
2019-03-09,31.0,17.0,16.0,8.0,9.0,14.0,0.0,0.0,5.0,1906.0,emnid,T
2019-03-02,29.0,18.0,16.0,8.0,10.0,14.0,0.0,0.0,5.0,1420.0,emnid,T
2019-02-23,29.0,19.0,16.0,9.0,9.0,13.0,0.0,0.0,5.0,1511.0,emnid,T
2019-02-16,30.0,19.0,15.0,8.0,10.0,13.0,0.0,0.0,5.0,1891.0,emnid,T
2019-02-09,30.0,17.0,17.0,9.0,9.0,13.0,0.0,0.0,5.0,1900.0,emnid,T
2019-02-02,29.0,16.0,18.0,10.0,8.0,15.0,0.0,0.0,4.0,1434.0,emnid,T
2019-01-26,29.0,16.0,19.0,9.0,9.0,14.0,0.0,0.0,4.0,2017.0,emnid,T
2019-01-19,30.0,15.0,18.0,8.0,9.0,14.0,0.0,0.0,6.0,1448.0,emnid,T
2019-01-12,31.0,15.0,18.0,8.0,9.0,14.0,0.0,0.0,5.0,1964.0,emnid,T
2018-12-22,29.0,15.0,19.0,9.0,9.0,14.0,0.0,0.0,5.0,1889.0,emnid,T
2018-12-15,30.0,15.0,20.0,8.0,8.0,14.0,0.0,0.0,5.0,1997.0,emnid,T
2018-12-08,29.0,15.0,19.0,9.0,9.0,14.0,0.0,0.0,5.0,2469.0,emnid,T
2018-12-01,28.0,15.0,19.0,9.0,9.0,15.0,0.0,0.0,5.0,1531.0,emnid,T
2018-11-24,26.0,15.0,21.0,9.0,9.0,15.0,0.0,0.0,5.0,2361.0,emnid,T
2018-11-17,26.0,15.0,21.0,8.0,9.0,15.0,0.0,0.0,6.0,1987.0,emnid,T
2018-11-10,25.0,15.0,22.0,8.0,9.0,15.0,0.0,0.0,6.0,1518.0,emnid,T
2018-11-03,25.0,14.0,21.0,9.0,10.0,15.0,0.0,0.0,6.0,1815.0,emnid,T
2018-10-27,24.0,15.0,20.0,10.0,10.0,16.0,0.0,0.0,5.0,1905.0,emnid,T
2018-10-20,25.0,15.0,19.0,10.0,10.0,15.0,0.0,0.0,6.0,1609.0,emnid,T
2018-10-13,26.0,17.0,17.0,9.0,11.0,15.0,0.0,0.0,5.0,1899.0,emnid,T
2018-10-06,27.0,17.0,16.0,9.0,10.0,16.0,0.0,0.0,5.0,1515.0,emnid,T
2018-09-29,27.0,16.0,15.0,10.0,11.0,17.0,0.0,0.0,4.0,1902.0,emnid,T
2018-09-22,28.0,17.0,14.0,9.0,11.0,16.0,0.0,0.0,5.0,2368.0,emnid,T
2018-09-15,30.0,18.0,13.0,9.0,10.0,15.0,0.0,0.0,5.0,1978.0,emnid,T
2018-09-08,29.0,17.0,14.0,9.0,10.0,15.0,0.0,0.0,6.0,2472.0,emnid,T
2018-09-01,30.0,19.0,14.0,9.0,9.0,15.0,0.0,0.0,4.0,2390.0,emnid,T
2018-08-25,30.0,18.0,15.0,9.0,9.0,14.0,0.0,0.0,5.0,1891.0,emnid,T
2018-08-18,30.0,17.0,15.0,9.0,9.0,15.0,0.0,0.0,5.0,2942.0,emnid,T
2018-08-11,31.0,17.0,15.0,8.0,10.0,14.0,0.0,0.0,5.0,2502.0,emnid,T
2018-08-04,30.0,18.0,15.0,8.0,9.0,15.0,0.0,0.0,5.0,2478.0,emnid,T
2018-07-28,29.0,18.0,14.0,9.0,10.0,15.0,0.0,0.0,5.0,2001.0,emnid,T
2018-07-21,30.0,19.0,12.0,9.0,10.0,15.0,0.0,0.0,5.0,2476.0,emnid,T
2018-07-14,30.0,18.0,12.0,9.0,10.0,16.0,0.0,0.0,5.0,2368.0,emnid,T
2018-07-07,30.0,17.0,12.0,9.0,9.0,17.0,0.0,0.0,6.0,1894.0,emnid,T
2018-06-30,32.0,19.0,12.0,9.0,9.0,14.0,0.0,0.0,5.0,1954.0,emnid,T
2018-06-23,31.0,18.0,12.0,9.0,10.0,16.0,0.0,0.0,4.0,2336.0,emnid,T
2018-06-16,33.0,18.0,11.0,8.0,11.0,15.0,0.0,0.0,4.0,2310.0,emnid,T
2018-06-09,32.0,19.0,12.0,8.0,11.0,14.0,0.0,0.0,4.0,1950.0,emnid,T
2018-06-02,32.0,18.0,13.0,7.0,11.0,15.0,0.0,0.0,4.0,1397.0,emnid,T
2018-05-26,33.0,17.0,13.0,8.0,11.0,14.0,0.0,0.0,4.0,1946.0,emnid,T
2018-05-19,33.0,17.0,13.0,9.0,10.0,14.0,0.0,0.0,4.0,2030.0,emnid,T
2018-05-12,33.0,17.0,12.0,9.0,10.0,14.0,0.0,0.0,5.0,1489.0,emnid,T
2018-05-05,34.0,17.0,12.0,8.0,10.0,14.0,0.0,0.0,5.0,1507.0,emnid,T
2018-04-28,32.0,18.0,12.0,9.0,11.0,14.0,0.0,0.0,4.0,2350.0,emnid,T
2018-04-21,33.0,18.0,12.0,9.0,11.0,13.0,0.0,0.0,4.0,2437.0,emnid,T
2018-04-14,33.0,18.0,11.0,9.0,11.0,14.0,0.0,0.0,4.0,1786.0,emnid,T
2018-04-07,34.0,17.0,12.0,8.0,11.0,13.0,0.0,0.0,5.0,1414.0,emnid,T
2018-03-31,34.0,18.0,12.0,8.0,11.0,12.0,0.0,0.0,5.0,1982.0,emnid,T
2018-03-24,34.0,18.0,12.0,9.0,10.0,13.0,0.0,0.0,4.0,1972.0,emnid,T
2018-03-17,33.0,19.0,11.0,9.0,10.0,14.0,0.0,0.0,4.0,1959.0,emnid,T
2018-03-10,33.0,19.0,12.0,8.0,10.0,13.0,0.0,0.0,5.0,1869.0,emnid,T
2018-03-03,33.0,16.0,12.0,9.0,11.0,15.0,0.0,0.0,4.0,1890.0,emnid,T
2018-02-24,33.0,17.0,11.0,10.0,11.0,15.0,0.0,0.0,3.0,1985.0,emnid,T
2018-02-17,33.0,19.0,11.0,9.0,10.0,14.0,0.0,0.0,4.0,1478.0,emnid,T
2018-02-10,34.0,20.0,11.0,9.0,9.0,12.0,0.0,0.0,5.0,1226.0,emnid,T
2018-02-03,33.0,20.0,11.0,9.0,10.0,13.0,0.0,0.0,4.0,1247.0,emnid,T
2018-01-27,34.0,20.0,11.0,8.0,10.0,12.0,0.0,0.0,5.0,1513.0,emnid,T
2018-01-20,33.0,21.0,10.0,8.0,10.0,13.0,0.0,0.0,5.0,1419.0,emnid,T
2018-01-13,34.0,21.0,11.0,8.0,9.0,13.0,0.0,0.0,4.0,1899.0,emnid,T
2018-01-06,33.0,20.0,12.0,9.0,9.0,12.0,0.0,0.0,5.0,1440.0,emnid,T
2017-12-23,33.0,21.0,11.0,8.0,10.0,12.0,0.0,0.0,5.0,1861.0,emnid,T
2017-12-16,32.0,22.0,11.0,8.0,9.0,13.0,0.0,0.0,5.0,1865.0,emnid,T
2017-12-09,33.0,21.0,11.0,9.0,10.0,12.0,0.0,0.0,4.0,1880.0,emnid,T
2017-12-02,33.0,21.0,10.0,9.0,10.0,12.0,0.0,0.0,5.0,1888.0,emnid,T
2017-11-25,33.0,22.0,10.0,9.0,10.0,11.0,0.0,0.0,5.0,1225.0,emnid,T
2017-11-18,31.0,21.0,11.0,10.0,9.0,13.0,0.0,0.0,5.0,1842.0,emnid,T
2017-11-11,30.0,22.0,10.0,11.0,10.0,13.0,0.0,0.0,4.0,1392.0,emnid,T
2017-11-04,31.0,21.0,11.0,10.0,10.0,12.0,0.0,0.0,5.0,1476.0,emnid,T
2017-10-28,31.0,22.0,10.0,11.0,9.0,12.0,0.0,0.0,5.0,2296.0,emnid,T
2017-10-21,32.0,21.0,10.0,11.0,9.0,12.0,0.0,0.0,5.0,2304.0,emnid,T
2017-10-14,31.0,21.0,10.0,11.0,10.0,12.0,0.0,0.0,5.0,1960.0,emnid,T
2017-10-07,32.0,22.0,9.0,10.0,10.0,12.0,0.0,0.0,5.0,1490.0,emnid,T
2017-09-30,33.0,21.0,10.0,11.0,10.0,12.0,0.0,0.0,3.0,1038.0,emnid,T
2017-09-22,35.0,22.0,8.0,9.0,10.0,11.0,0.0,0.0,5.0,1994.0,emnid,T
2017-09-16,36.0,22.0,8.0,9.0,10.0,11.0,0.0,0.0,4.0,1888.0,emnid,T
2017-09-09,37.0,24.0,8.0,8.0,9.0,9.0,0.0,0.0,5.0,1869.0,emnid,T
2017-09-02,38.0,24.0,8.0,8.0,9.0,8.0,0.0,0.0,5.0,1889.0,emnid,T
2017-08-26,38.0,23.0,7.0,9.0,9.0,8.0,0.0,0.0,6.0,1979.0,emnid,T
2017-08-19,39.0,24.0,8.0,8.0,9.0,7.0,0.0,0.0,5.0,1426.0,emnid,T
2017-08-12,38.0,24.0,7.0,8.0,10.0,8.0,0.0,0.0,5.0,1886.0,emnid,T
2017-08-05,38.0,23.0,8.0,8.0,10.0,8.0,0.0,0.0,5.0,2453.0,emnid,T
2017-07-29,38.0,24.0,8.0,8.0,9.0,9.0,0.0,0.0,4.0,1921.0,emnid,T
2017-07-22,38.0,25.0,8.0,8.0,9.0,8.0,0.0,0.0,4.0,2349.0,emnid,T
2017-07-15,38.0,25.0,8.0,7.0,9.0,8.0,0.0,0.0,5.0,1263.0,emnid,T
2017-07-08,38.0,25.0,8.0,8.0,9.0,7.0,0.0,0.0,5.0,1878.0,emnid,T
2017-07-01,39.0,24.0,8.0,8.0,9.0,7.0,0.0,0.0,5.0,936.0,emnid,T
2017-06-24,39.0,24.0,8.0,7.0,9.0,8.0,0.0,0.0,5.0,1363.0,emnid,T
2017-06-17,39.0,25.0,7.0,7.0,9.0,8.0,0.0,0.0,5.0,2054.0,emnid,T
2017-06-10,39.0,25.0,8.0,7.0,9.0,8.0,0.0,0.0,4.0,1398.0,emnid,T
2017-06-03,38.0,27.0,7.0,7.0,8.0,8.0,0.0,0.0,5.0,1838.0,emnid,T
2017-05-27,38.0,25.0,8.0,8.0,8.0,8.0,0.0,0.0,5.0,1703.0,emnid,T
2017-05-20,38.0,26.0,7.0,7.0,9.0,8.0,0.0,0.0,5.0,2413.0,emnid,T
2017-05-13,37.0,27.0,8.0,6.0,10.0,8.0,0.0,0.0,4.0,1837.0,emnid,T
2017-05-06,36.0,28.0,7.0,6.0,9.0,9.0,0.0,0.0,5.0,1935.0,emnid,T
2017-04-29,36.0,29.0,7.0,6.0,9.0,9.0,0.0,0.0,4.0,2439.0,emnid,T
2017-04-22,36.0,31.0,6.0,5.0,9.0,9.0,0.0,0.0,4.0,1412.0,emnid,T
2017-04-15,35.0,31.0,7.0,6.0,9.0,9.0,0.0,0.0,3.0,2436.0,emnid,T
2017-04-08,35.0,33.0,7.0,5.0,8.0,9.0,0.0,0.0,3.0,1958.0,emnid,T
2017-04-01,33.0,33.0,7.0,6.0,8.0,8.0,0.0,0.0,5.0,2416.0,emnid,T
2017-03-25,33.0,33.0,8.0,5.0,8.0,9.0,0.0,0.0,4.0,2450.0,emnid,T
2017-03-18,33.0,32.0,8.0,5.0,8.0,9.0,0.0,0.0,5.0,1832.0,emnid,T
2017-03-11,33.0,33.0,7.0,6.0,8.0,8.0,0.0,0.0,5.0,1882.0,emnid,T
2017-03-04,33.0,32.0,7.0,6.0,8.0,10.0,0.0,0.0,4.0,1403.0,emnid,T
2017-02-25,32.0,32.0,7.0,7.0,8.0,9.0,0.0,0.0,5.0,1880.0,emnid,T
2017-02-18,32.0,33.0,7.0,6.0,8.0,9.0,0.0,0.0,5.0,1885.0,emnid,T
2017-02-11,33.0,32.0,7.0,6.0,8.0,10.0,0.0,0.0,4.0,1966.0,emnid,T
2017-02-04,33.0,29.0,8.0,6.0,8.0,11.0,0.0,0.0,5.0,2233.0,emnid,T
2017-01-28,37.0,23.0,10.0,6.0,10.0,11.0,0.0,0.0,3.0,1996.0,emnid,T
2017-01-21,36.0,21.0,9.0,6.0,11.0,12.0,0.0,0.0,5.0,2805.0,emnid,T
2017-01-14,37.0,21.0,10.0,6.0,10.0,12.0,0.0,0.0,4.0,1878.0,emnid,T
2017-01-07,38.0,22.0,10.0,5.0,9.0,12.0,0.0,0.0,4.0,834.0,emnid,T
2016-12-24,36.0,21.0,10.0,6.0,10.0,13.0,0.0,0.0,4.0,2326.0,emnid,T
2016-12-17,36.0,22.0,11.0,5.0,10.0,12.0,0.0,0.0,4.0,2411.0,emnid,T
2016-12-10,36.0,22.0,10.0,5.0,10.0,13.0,0.0,0.0,4.0,2426.0,emnid,T
2016-12-03,37.0,22.0,11.0,5.0,10.0,12.0,0.0,0.0,3.0,2658.0,emnid,T
2016-11-26,35.0,23.0,11.0,5.0,9.0,12.0,0.0,0.0,5.0,2426.0,emnid,T
2016-11-19,33.0,24.0,12.0,5.0,9.0,13.0,0.0,0.0,4.0,2859.0,emnid,T
2016-11-12,34.0,23.0,11.0,5.0,10.0,12.0,0.0,0.0,5.0,2782.0,emnid,T
2016-11-05,34.0,22.0,11.0,5.0,10.0,12.0,0.0,0.0,6.0,1678.0,emnid,T
2016-10-29,34.0,23.0,11.0,5.0,10.0,12.0,0.0,0.0,5.0,1840.0,emnid,T
2016-10-22,33.0,23.0,11.0,5.0,10.0,13.0,0.0,0.0,5.0,1961.0,emnid,T
2016-10-15,32.0,24.0,11.0,6.0,9.0,13.0,0.0,0.0,5.0,2827.0,emnid,T
2016-10-08,32.0,23.0,12.0,6.0,10.0,12.0,0.0,0.0,5.0,1866.0,emnid,T
2016-10-01,32.0,23.0,11.0,7.0,10.0,12.0,0.0,0.0,5.0,1939.0,emnid,T
2016-09-24,32.0,23.0,11.0,6.0,9.0,14.0,0.0,0.0,5.0,2798.0,emnid,T
2016-09-17,32.0,24.0,11.0,5.0,9.0,14.0,0.0,0.0,5.0,2780.0,emnid,T
2016-09-10,33.0,23.0,11.0,6.0,9.0,13.0,0.0,0.0,5.0,2423.0,emnid,T
2016-09-03,34.0,23.0,11.0,6.0,9.0,12.0,0.0,0.0,5.0,1966.0,emnid,T
2016-08-27,34.0,22.0,12.0,5.0,10.0,11.0,0.0,0.0,6.0,1981.0,emnid,T
2016-08-20,34.0,23.0,13.0,5.0,9.0,10.0,0.0,0.0,6.0,2358.0,emnid,T
2016-08-13,34.0,22.0,12.0,6.0,10.0,11.0,0.0,0.0,5.0,2352.0,emnid,T
2016-08-06,34.0,22.0,12.0,6.0,10.0,11.0,0.0,0.0,5.0,2815.0,emnid,T
2016-07-30,35.0,23.0,11.0,5.0,9.0,12.0,0.0,0.0,5.0,2815.0,emnid,T
2016-07-23,35.0,23.0,12.0,5.0,10.0,10.0,0.0,0.0,5.0,1870.0,emnid,T
2016-07-16,35.0,24.0,12.0,5.0,9.0,10.0,0.0,0.0,5.0,1973.0,emnid,T
2016-07-09,35.0,23.0,13.0,5.0,9.0,10.0,0.0,0.0,5.0,1402.0,emnid,T
2016-07-02,33.0,23.0,12.0,6.0,10.0,11.0,0.0,0.0,5.0,1936.0,emnid,T
2016-06-25,32.0,23.0,13.0,6.0,9.0,12.0,0.0,0.0,5.0,1905.0,emnid,T
2016-06-18,33.0,22.0,13.0,6.0,9.0,12.0,0.0,0.0,5.0,2744.0,emnid,T
2016-06-11,34.0,21.0,14.0,6.0,9.0,11.0,0.0,0.0,5.0,1838.0,emnid,T
2016-06-04,33.0,22.0,13.0,6.0,9.0,12.0,0.0,0.0,5.0,1851.0,emnid,T
2016-05-28,33.0,21.0,12.0,6.0,9.0,14.0,0.0,0.0,5.0,2881.0,emnid,T
2016-05-21,32.0,22.0,12.0,6.0,9.0,13.0,0.0,0.0,6.0,1485.0,emnid,T
2016-05-14,33.0,23.0,13.0,5.0,9.0,13.0,0.0,0.0,4.0,1922.0,emnid,T
2016-05-07,32.0,22.0,12.0,6.0,9.0,14.0,0.0,0.0,5.0,1838.0,emnid,T
2016-04-30,33.0,22.0,12.0,6.0,9.0,13.0,0.0,0.0,5.0,2805.0,emnid,T
2016-04-23,33.0,22.0,13.0,6.0,9.0,12.0,0.0,0.0,5.0,2393.0,emnid,T
2016-04-16,33.0,22.0,13.0,7.0,9.0,11.0,0.0,0.0,5.0,1941.0,emnid,T
2016-04-09,34.0,22.0,13.0,7.0,8.0,12.0,0.0,0.0,4.0,2240.0,emnid,T
2016-04-02,33.0,22.0,13.0,6.0,8.0,13.0,0.0,0.0,5.0,1405.0,emnid,T
2016-03-26,34.0,22.0,13.0,6.0,9.0,12.0,0.0,0.0,4.0,2828.0,emnid,T
2016-03-19,34.0,22.0,13.0,6.0,9.0,13.0,0.0,0.0,3.0,2424.0,emnid,T
2016-03-12,36.0,24.0,11.0,5.0,9.0,11.0,0.0,0.0,4.0,2340.0,emnid,T
2016-03-05,35.0,24.0,10.0,5.0,10.0,11.0,0.0,0.0,5.0,1869.0,emnid,T
2016-02-27,36.0,24.0,10.0,5.0,9.0,11.0,0.0,0.0,5.0,1978.0,emnid,T
2016-02-20,35.0,24.0,10.0,4.0,10.0,12.0,0.0,0.0,5.0,2409.0,emnid,T
2016-02-13,35.0,24.0,9.0,5.0,9.0,12.0,0.0,0.0,6.0,2090.0,emnid,T
2016-02-06,35.0,24.0,9.0,4.0,10.0,12.0,0.0,0.0,6.0,2306.0,emnid,T
2016-01-30,34.0,24.0,9.0,5.0,10.0,12.0,0.0,0.0,6.0,1638.0,emnid,T
2016-01-23,36.0,25.0,9.0,5.0,9.0,10.0,0.0,0.0,6.0,1875.0,emnid,T
2016-01-16,38.0,24.0,10.0,5.0,9.0,9.0,0.0,0.0,5.0,2016.0,emnid,T
2016-01-09,39.0,23.0,10.0,4.0,10.0,8.0,0.0,0.0,6.0,940.0,emnid,T
2015-12-26,39.0,24.0,9.0,4.0,10.0,9.0,0.0,0.0,5.0,1832.0,emnid,T
2015-12-19,38.0,25.0,9.0,5.0,9.0,8.0,0.0,0.0,6.0,2821.0,emnid,T
2015-12-12,37.0,26.0,9.0,4.0,10.0,8.0,0.0,0.0,6.0,2321.0,emnid,T
2015-12-05,37.0,25.0,10.0,4.0,10.0,8.0,0.0,0.0,6.0,2352.0,emnid,T
2015-11-28,38.0,25.0,10.0,4.0,10.0,8.0,0.0,0.0,5.0,2356.0,emnid,T
2015-11-21,37.0,26.0,9.0,5.0,9.0,7.0,0.0,0.0,7.0,2319.0,emnid,T
2015-11-14,37.0,25.0,10.0,5.0,9.0,8.0,0.0,0.0,6.0,2412.0,emnid,T
2015-11-07,36.0,26.0,10.0,4.0,9.0,9.0,0.0,0.0,6.0,2442.0,emnid,T
2015-10-31,36.0,25.0,10.0,5.0,10.0,8.0,0.0,0.0,6.0,1869.0,emnid,T
2015-10-24,36.0,26.0,10.0,5.0,10.0,7.0,0.0,0.0,6.0,2312.0,emnid,T
2015-10-17,37.0,26.0,9.0,5.0,10.0,7.0,0.0,0.0,6.0,1496.0,emnid,T
2015-10-10,38.0,25.0,9.0,5.0,10.0,6.0,0.0,0.0,7.0,1871.0,emnid,T
2015-10-03,40.0,25.0,9.0,4.0,10.0,5.0,0.0,0.0,7.0,2329.0,emnid,T
2015-09-26,40.0,25.0,10.0,4.0,10.0,6.0,0.0,0.0,5.0,1956.0,emnid,T
2015-09-19,40.0,24.0,10.0,5.0,9.0,5.0,0.0,0.0,7.0,1882.0,emnid,T
2015-09-12,41.0,25.0,11.0,4.0,10.0,4.0,0.0,0.0,5.0,2332.0,emnid,T
2015-09-05,41.0,24.0,11.0,4.0,10.0,4.0,0.0,0.0,6.0,2800.0,emnid,T
2015-08-29,41.0,24.0,10.0,4.0,10.0,4.0,0.0,0.0,7.0,2311.0,emnid,T
2015-08-22,42.0,24.0,10.0,4.0,10.0,4.0,0.0,0.0,6.0,2311.0,emnid,T
2015-08-16,43.0,24.0,11.0,4.0,10.0,3.0,0.0,0.0,5.0,2436.0,emnid,T
2015-08-08,43.0,24.0,10.0,4.0,10.0,4.0,0.0,0.0,5.0,1858.0,emnid,T
2015-08-01,43.0,24.0,10.0,4.0,9.0,3.0,0.0,0.0,7.0,1860.0,emnid,T
2015-07-25,43.0,24.0,10.0,4.0,10.0,3.0,0.0,0.0,6.0,1471.0,emnid,T
2015-07-18,43.0,25.0,11.0,4.0,9.0,4.0,0.0,0.0,4.0,1942.0,emnid,T
2015-07-12,42.0,26.0,10.0,4.0,10.0,3.0,0.0,0.0,5.0,1842.0,emnid,T
2015-07-04,40.0,24.0,11.0,4.0,10.0,5.0,0.0,0.0,6.0,2247.0,emnid,T
2015-06-27,41.0,24.0,10.0,4.0,10.0,5.0,0.0,0.0,6.0,2746.0,emnid,T
2015-06-20,40.0,25.0,10.0,5.0,9.0,5.0,0.0,0.0,6.0,2716.0,emnid,T
2015-06-13,40.0,25.0,10.0,5.0,9.0,5.0,0.0,0.0,6.0,2277.0,emnid,T
2015-06-06,40.0,25.0,10.0,5.0,10.0,5.0,0.0,0.0,5.0,1467.0,emnid,T
2015-05-30,40.0,25.0,10.0,6.0,9.0,5.0,0.0,0.0,5.0,1816.0,emnid,T
2015-05-23,40.0,26.0,9.0,5.0,9.0,5.0,0.0,0.0,6.0,2302.0,emnid,T
2015-05-16,40.0,25.0,10.0,4.0,9.0,5.0,0.0,0.0,7.0,1941.0,emnid,T
2015-05-09,40.0,25.0,10.0,3.0,10.0,6.0,0.0,0.0,6.0,1848.0,emnid,T
2015-05-03,41.0,25.0,10.0,3.0,9.0,6.0,0.0,0.0,6.0,3631.0,emnid,T
2015-04-25,41.0,25.0,10.0,4.0,8.0,6.0,0.0,0.0,6.0,3210.0,emnid,T
2015-04-18,41.0,25.0,10.0,4.0,9.0,6.0,0.0,0.0,5.0,2326.0,emnid,T
2015-04-11,41.0,25.0,10.0,4.0,9.0,5.0,0.0,0.0,6.0,1404.0,emnid,T
2015-04-04,42.0,25.0,9.0,4.0,9.0,5.0,0.0,0.0,6.0,2299.0,emnid,T
2015-03-28,42.0,25.0,9.0,5.0,8.0,6.0,0.0,0.0,5.0,1854.0,emnid,T
2015-03-21,41.0,24.0,10.0,4.0,9.0,6.0,0.0,0.0,6.0,1006.0,emnid,T
2015-03-14,41.0,24.0,11.0,4.0,9.0,6.0,0.0,0.0,5.0,1925.0,emnid,T
2015-03-07,40.0,25.0,10.0,4.0,9.0,7.0,0.0,0.0,5.0,2318.0,emnid,T
2015-02-28,41.0,25.0,9.0,4.0,9.0,6.0,0.0,0.0,6.0,2307.0,emnid,T
2015-02-21,41.0,26.0,9.0,4.0,9.0,6.0,0.0,0.0,5.0,2337.0,emnid,T
2015-02-14,41.0,25.0,10.0,4.0,10.0,6.0,0.0,0.0,4.0,1947.0,emnid,T
2015-02-07,40.0,26.0,10.0,3.0,10.0,5.0,0.0,0.0,6.0,1859.0,emnid,T
2015-01-31,40.0,25.0,10.0,3.0,10.0,6.0,0.0,0.0,6.0,1889.0,emnid,T
2015-01-24,41.0,25.0,10.0,4.0,9.0,6.0,0.0,0.0,5.0,1850.0,emnid,T
2015-01-17,42.0,24.0,9.0,4.0,9.0,7.0,0.0,0.0,5.0,3243.0,emnid,T
2015-01-10,43.0,24.0,9.0,3.0,9.0,7.0,0.0,0.0,5.0,2864.0,emnid,T
2014-12-20,42.0,25.0,9.0,2.0,9.0,7.0,0.0,0.0,6.0,2755.0,emnid,T
2014-12-14,41.0,25.0,10.0,3.0,9.0,6.0,0.0,0.0,6.0,2764.0,emnid,T
2014-12-07,41.0,26.0,10.0,3.0,9.0,6.0,0.0,0.0,5.0,2789.0,emnid,T
2014-11-30,41.0,25.0,10.0,3.0,9.0,7.0,0.0,0.0,5.0,2307.0,emnid,T
2014-11-22,42.0,25.0,10.0,3.0,8.0,6.0,0.0,0.0,6.0,2331.0,emnid,T
2014-11-16,41.0,24.0,10.0,3.0,9.0,7.0,0.0,0.0,6.0,2313.0,emnid,T
2014-11-09,41.0,25.0,9.0,2.0,9.0,7.0,0.0,0.0,7.0,2333.0,emnid,T
2014-11-02,41.0,25.0,9.0,3.0,9.0,7.0,0.0,0.0,6.0,2312.0,emnid,T
2014-10-26,41.0,25.0,9.0,3.0,9.0,6.0,0.0,0.0,7.0,2309.0,emnid,T
2014-10-19,42.0,24.0,9.0,3.0,9.0,7.0,0.0,0.0,6.0,2778.0,emnid,T
2014-10-11,42.0,24.0,10.0,2.0,8.0,8.0,0.0,0.0,6.0,2323.0,emnid,T
2014-10-05,41.0,24.0,10.0,2.0,9.0,9.0,0.0,0.0,5.0,2753.0,emnid,T
2014-09-28,40.0,25.0,9.0,2.0,10.0,8.0,0.0,0.0,6.0,2760.0,emnid,T
2014-09-21,40.0,25.0,9.0,3.0,9.0,8.0,0.0,0.0,6.0,2319.0,emnid,T
2014-09-14,41.0,25.0,9.0,3.0,9.0,7.0,0.0,0.0,6.0,2285.0,emnid,T
2014-09-07,42.0,25.0,9.0,3.0,10.0,6.0,0.0,0.0,5.0,2766.0,emnid,T
2014-08-31,43.0,26.0,9.0,3.0,9.0,5.0,0.0,0.0,5.0,2418.0,emnid,T
2014-08-24,41.0,26.0,10.0,4.0,9.0,4.0,0.0,0.0,6.0,3215.0,emnid,T
2014-08-17,41.0,27.0,10.0,3.0,9.0,4.0,0.0,0.0,6.0,1865.0,emnid,T
2014-08-10,41.0,27.0,9.0,3.0,9.0,5.0,0.0,0.0,6.0,2802.0,emnid,T
2014-08-03,42.0,25.0,10.0,3.0,9.0,5.0,0.0,0.0,6.0,1940.0,emnid,T
2014-07-27,41.0,25.0,10.0,3.0,10.0,5.0,0.0,0.0,6.0,2762.0,emnid,T
2014-07-20,40.0,26.0,10.0,3.0,9.0,5.0,0.0,0.0,7.0,2414.0,emnid,T
2014-07-13,40.0,25.0,11.0,3.0,9.0,5.0,0.0,0.0,7.0,2258.0,emnid,T
2014-07-06,40.0,25.0,10.0,3.0,9.0,6.0,0.0,0.0,7.0,2287.0,emnid,T
2014-06-29,40.0,25.0,10.0,3.0,9.0,7.0,0.0,0.0,6.0,2287.0,emnid,T
2014-06-22,39.0,25.0,10.0,4.0,9.0,7.0,0.0,0.0,6.0,1845.0,emnid,T
2014-06-15,39.0,25.0,11.0,4.0,10.0,6.0,0.0,0.0,5.0,2311.0,emnid,T
2014-06-08,39.0,25.0,10.0,3.0,10.0,7.0,0.0,0.0,6.0,2299.0,emnid,T
2014-06-01,39.0,25.0,10.0,4.0,10.0,6.0,0.0,0.0,6.0,2311.0,emnid,T
2014-05-25,39.0,24.0,10.0,5.0,10.0,6.0,0.0,0.0,6.0,2312.0,emnid,T
2014-05-18,39.0,25.0,10.0,5.0,10.0,6.0,0.0,0.0,5.0,2791.0,emnid,T
2014-05-11,40.0,25.0,11.0,4.0,9.0,5.0,0.0,0.0,6.0,2306.0,emnid,T
2014-05-04,40.0,25.0,10.0,4.0,10.0,5.0,0.0,0.0,6.0,2203.0,emnid,T
2014-04-27,41.0,24.0,10.0,4.0,10.0,5.0,0.0,0.0,6.0,1859.0,emnid,T
2014-04-20,40.0,25.0,10.0,4.0,9.0,6.0,0.0,0.0,6.0,2313.0,emnid,T
2014-04-13,42.0,23.0,9.0,4.0,10.0,6.0,0.0,0.0,6.0,2327.0,emnid,T
2014-04-06,41.0,24.0,10.0,3.0,10.0,6.0,0.0,0.0,6.0,2271.0,emnid,T
2014-03-30,41.0,25.0,11.0,3.0,10.0,5.0,0.0,0.0,5.0,2380.0,emnid,T
2014-03-23,41.0,25.0,10.0,3.0,10.0,5.0,0.0,0.0,6.0,2762.0,emnid,T
2014-03-16,41.0,24.0,11.0,4.0,10.0,5.0,0.0,0.0,5.0,2780.0,emnid,T
2014-03-09,42.0,23.0,10.0,3.0,10.0,5.0,0.0,0.0,7.0,2304.0,emnid,T
2014-03-02,40.0,24.0,10.0,4.0,10.0,5.0,0.0,0.0,7.0,2763.0,emnid,T
2014-02-23,41.0,24.0,10.0,4.0,10.0,5.0,0.0,0.0,6.0,2421.0,emnid,T
2014-02-16,41.0,24.0,11.0,4.0,10.0,5.0,0.0,0.0,5.0,2388.0,emnid,T
2014-02-09,42.0,25.0,10.0,4.0,9.0,4.0,0.0,0.0,6.0,2301.0,emnid,T
2014-02-02,42.0,25.0,9.0,4.0,10.0,4.0,0.0,0.0,6.0,2295.0,emnid,T
2014-01-26,41.0,26.0,9.0,5.0,9.0,4.0,0.0,0.0,6.0,2772.0,emnid,T
2014-01-19,41.0,26.0,8.0,4.0,10.0,5.0,0.0,0.0,6.0,2305.0,emnid,T
2014-01-12,42.0,25.0,9.0,4.0,9.0,5.0,0.0,0.0,6.0,1402.0,emnid,T
2013-12-22,41.0,25.0,9.0,4.0,9.0,5.0,0.0,0.0,7.0,2346.0,emnid,T
2013-12-15,42.0,25.0,9.0,4.0,9.0,5.0,0.0,0.0,6.0,1901.0,emnid,T
2013-12-08,42.0,26.0,9.0,3.0,9.0,5.0,0.0,0.0,6.0,2291.0,emnid,T
2013-12-01,41.0,26.0,9.0,4.0,9.0,5.0,0.0,0.0,6.0,2389.0,emnid,T
2013-11-24,42.0,25.0,10.0,3.0,9.0,5.0,0.0,0.0,6.0,2204.0,emnid,T
2013-11-17,41.0,25.0,10.0,3.0,9.0,5.0,0.0,0.0,7.0,2765.0,emnid,T
2013-11-10,41.0,26.0,10.0,3.0,9.0,5.0,0.0,0.0,6.0,2296.0,emnid,T
2013-11-03,42.0,25.0,9.0,3.0,9.0,5.0,0.0,0.0,7.0,2768.0,emnid,T
2013-10-27,41.0,26.0,10.0,3.0,9.0,5.0,0.0,0.0,6.0,3219.0,emnid,T
2013-10-20,42.0,25.0,9.0,3.0,10.0,5.0,0.0,0.0,6.0,2334.0,emnid,T
2013-10-13,42.0,25.0,9.0,3.0,10.0,6.0,0.0,0.0,5.0,1833.0,emnid,T
2013-10-06,42.0,25.0,8.0,4.0,9.0,6.0,0.0,0.0,6.0,1849.0,emnid,T
2013-09-29,43.0,26.0,7.0,3.0,9.0,6.0,0.0,0.0,6.0,1382.0,emnid,T
2000-12-29,37.0,39.0,6.0,7.0,5.0,0.0,0.0,0.0,6.0,,emnid,T
2000-12-15,36.0,39.0,6.0,7.0,5.0,0.0,0.0,0.0,7.0,,emnid,T
2000-12-08,37.0,39.0,6.0,7.0,5.0,0.0,0.0,0.0,6.0,,emnid,T
2000-12-01,37.0,38.0,6.0,6.0,6.0,0.0,0.0,0.0,7.0,,emnid,T
2000-11-24,38.0,38.0,6.0,7.0,6.0,0.0,0.0,0.0,5.0,,emnid,T
2000-11-17,38.0,38.0,5.0,7.0,5.0,0.0,0.0,0.0,7.0,,emnid,T
2000-11-10,37.0,38.0,6.0,7.0,5.0,0.0,0.0,0.0,7.0,,emnid,T
2000-11-03,37.0,39.0,6.0,7.0,6.0,0.0,0.0,0.0,5.0,,emnid,T
2000-10-27,38.0,39.0,6.0,7.0,5.0,0.0,0.0,0.0,5.0,,emnid,T
2000-10-20,38.0,39.0,6.0,7.0,5.0,0.0,0.0,0.0,5.0,,emnid,T
2000-10-13,38.0,40.0,6.0,7.0,5.0,0.0,0.0,0.0,4.0,,emnid,T
2000-10-06,37.0,41.0,6.0,7.0,5.0,0.0,0.0,0.0,4.0,,emnid,T
2000-09-29,37.0,40.0,6.0,7.0,5.0,0.0,0.0,0.0,5.0,,emnid,T
2000-09-22,36.0,39.0,6.0,8.0,5.0,0.0,0.0,0.0,6.0,,emnid,T
2000-09-15,35.0,41.0,7.0,6.0,5.0,0.0,0.0,0.0,6.0,,emnid,T
2000-09-08,34.0,41.0,7.0,8.0,5.0,0.0,0.0,0.0,5.0,,emnid,T
2000-09-01,34.0,41.0,6.0,8.0,5.0,0.0,0.0,0.0,6.0,,emnid,T
2000-08-25,35.0,40.0,6.0,8.0,6.0,0.0,0.0,0.0,5.0,,emnid,T
2000-08-18,35.0,41.0,6.0,8.0,5.0,0.0,0.0,0.0,5.0,,emnid,T
2000-08-11,34.0,41.0,6.0,8.0,6.0,0.0,0.0,0.0,5.0,,emnid,T
2000-08-04,35.0,40.0,6.0,8.0,5.0,0.0,0.0,0.0,6.0,,emnid,T
2000-07-28,35.0,40.0,6.0,8.0,5.0,0.0,0.0,0.0,6.0,,emnid,T
2000-07-21,36.0,39.0,6.0,9.0,5.0,0.0,0.0,0.0,5.0,,emnid,T
2000-07-14,37.0,38.0,6.0,9.0,5.0,0.0,0.0,0.0,5.0,,emnid,T
2000-07-07,36.0,38.0,6.0,10.0,6.0,0.0,0.0,0.0,4.0,,emnid,T
2000-06-30,37.0,38.0,6.0,9.0,5.0,0.0,0.0,0.0,5.0,,emnid,T
2000-06-23,39.0,37.0,6.0,9.0,5.0,0.0,0.0,0.0,1.0,,emnid,T
2000-06-16,37.0,38.0,7.0,9.0,5.0,0.0,0.0,0.0,4.0,,emnid,T
2000-06-09,37.0,39.0,6.0,8.0,5.0,0.0,0.0,0.0,2.0,,emnid,T
2000-06-02,36.0,39.0,6.0,9.0,5.0,0.0,0.0,0.0,1.0,,emnid,T
2000-05-26,36.0,40.0,6.0,9.0,5.0,0.0,0.0,0.0,1.0,,emnid,T
2000-05-19,37.0,40.0,6.0,8.0,5.0,0.0,0.0,0.0,1.0,,emnid,T
2000-05-12,37.0,41.0,6.0,6.0,5.0,0.0,0.0,0.0,2.0,,emnid,T
2000-05-05,38.0,40.0,7.0,6.0,6.0,0.0,0.0,0.0,1.0,,emnid,T
2000-04-28,38.0,39.0,7.0,6.0,5.0,0.0,0.0,0.0,2.0,,emnid,T
2000-04-21,38.0,39.0,7.0,6.0,6.0,0.0,0.0,0.0,1.0,,emnid,T
2000-04-14,38.0,39.0,6.0,6.0,6.0,0.0,0.0,0.0,1.0,,emnid,T
2000-04-07,35.0,39.0,8.0,7.0,6.0,0.0,0.0,0.0,2.0,,emnid,T
2000-03-31,36.0,39.0,7.0,7.0,7.0,0.0,0.0,0.0,4.0,,emnid,T
2000-03-24,33.0,41.0,6.0,9.0,6.0,0.0,0.0,0.0,2.0,,emnid,T
2000-03-17,32.0,41.0,8.0,9.0,6.0,0.0,0.0,0.0,1.0,,emnid,T
2000-03-10,30.0,42.0,6.0,10.0,6.0,0.0,0.0,0.0,2.0,,emnid,T
2000-03-03,31.0,43.0,7.0,8.0,6.0,0.0,0.0,0.0,2.0,,emnid,T
2000-02-25,30.0,43.0,8.0,8.0,7.0,0.0,0.0,0.0,1.0,,emnid,T
2000-02-18,31.0,41.0,8.0,8.0,6.0,0.0,0.0,0.0,2.0,,emnid,T
2000-02-11,30.0,42.0,7.0,8.0,7.0,0.0,0.0,0.0,4.0,,emnid,T
2000-02-04,33.0,42.0,6.0,7.0,6.0,0.0,0.0,0.0,1.0,,emnid,T
2000-01-28,32.0,41.0,7.0,7.0,7.0,0.0,0.0,0.0,2.0,,emnid,T
2000-01-21,36.0,40.0,6.0,6.0,6.0,0.0,0.0,0.0,3.0,,emnid,T
2000-01-14,37.0,39.0,6.0,6.0,6.0,0.0,0.0,0.0,3.0,,emnid,T
2000-01-07,37.0,38.0,6.0,6.0,7.0,0.0,0.0,0.0,3.0,,emnid,T
2001-12-22,36.0,39.0,6.0,7.0,7.0,0.0,0.0,0.0,5.0,,emnid,T
2001-12-15,36.0,38.0,6.0,7.0,7.0,0.0,0.0,0.0,6.0,,emnid,T
2001-12-08,37.0,39.0,5.0,7.0,6.0,0.0,0.0,0.0,6.0,,emnid,T
2001-12-01,36.0,39.0,5.0,7.0,8.0,0.0,0.0,0.0,4.0,,emnid,T
2001-11-24,35.0,40.0,5.0,8.0,7.0,0.0,0.0,0.0,4.0,,emnid,T
2001-11-17,34.0,40.0,5.0,9.0,7.0,0.0,0.0,0.0,5.0,,emnid,T
2001-11-10,35.0,40.0,6.0,8.0,7.0,0.0,0.0,0.0,4.0,,emnid,T
2001-11-03,35.0,41.0,6.0,7.0,6.0,0.0,0.0,0.0,5.0,,emnid,T
2001-10-27,36.0,41.0,6.0,7.0,5.0,0.0,0.0,0.0,5.0,,emnid,T
2001-10-20,36.0,41.0,6.0,7.0,5.0,0.0,0.0,0.0,5.0,,emnid,T
2001-10-13,37.0,39.0,6.0,8.0,6.0,0.0,0.0,0.0,4.0,,emnid,T
2001-10-06,36.0,40.0,6.0,8.0,5.0,0.0,0.0,0.0,5.0,1000.0,emnid,T
2001-09-29,38.0,39.0,6.0,8.0,5.0,0.0,0.0,0.0,4.0,,emnid,T
2001-09-22,38.0,38.0,5.0,10.0,5.0,0.0,0.0,0.0,4.0,,emnid,T
2001-09-15,37.0,38.0,6.0,8.0,7.0,0.0,0.0,0.0,3.0,,emnid,T
2001-09-08,37.0,38.0,6.0,9.0,6.0,0.0,0.0,0.0,4.0,1000.0,emnid,T
2001-09-01,37.0,37.0,6.0,8.0,6.0,0.0,0.0,0.0,6.0,1000.0,emnid,T
2001-08-25,36.0,39.0,6.0,9.0,6.0,0.0,0.0,0.0,4.0,1000.0,emnid,T
2001-08-18,37.0,39.0,6.0,7.0,5.0,0.0,0.0,0.0,6.0,,emnid,T
2001-08-11,36.0,38.0,7.0,9.0,6.0,0.0,0.0,0.0,4.0,1000.0,emnid,T
2001-08-04,37.0,38.0,6.0,9.0,6.0,0.0,0.0,0.0,4.0,,emnid,T
2001-07-28,35.0,38.0,6.0,9.0,6.0,0.0,0.0,0.0,6.0,1000.0,emnid,T
2001-07-21,35.0,39.0,7.0,9.0,6.0,0.0,0.0,0.0,4.0,,emnid,T
2001-07-07,36.0,38.0,6.0,8.0,7.0,0.0,0.0,0.0,4.0,,emnid,T
2001-06-29,37.0,40.0,6.0,8.0,5.0,0.0,0.0,0.0,4.0,,emnid,T
2001-06-22,36.0,39.0,7.0,9.0,5.0,0.0,0.0,0.0,4.0,,emnid,T
2001-06-15,36.0,39.0,7.0,9.0,5.0,0.0,0.0,0.0,4.0,,emnid,T
2001-06-08,36.0,40.0,7.0,8.0,5.0,0.0,0.0,0.0,4.0,,emnid,T
2001-06-01,35.0,40.0,7.0,9.0,5.0,0.0,0.0,0.0,4.0,1000.0,emnid,T
2001-05-25,35.0,40.0,7.0,9.0,5.0,0.0,0.0,0.0,4.0,,emnid,T
2001-05-18,36.0,41.0,6.0,8.0,5.0,0.0,0.0,0.0,4.0,1000.0,emnid,T
2001-05-11,35.0,40.0,6.0,9.0,5.0,0.0,0.0,0.0,5.0,1000.0,emnid,T
2001-05-03,36.0,41.0,7.0,7.0,5.0,0.0,0.0,0.0,4.0,,emnid,T
2001-04-27,37.0,39.0,7.0,7.0,5.0,0.0,0.0,0.0,4.0,1000.0,emnid,T
2001-04-20,37.0,40.0,6.0,7.0,5.0,0.0,0.0,0.0,4.0,,emnid,T
2001-04-13,36.0,40.0,6.0,7.0,5.0,0.0,0.0,0.0,5.0,,emnid,T
2001-04-06,37.0,40.0,7.0,7.0,4.0,0.0,0.0,0.0,5.0,,emnid,T
2001-03-30,36.0,41.0,7.0,7.0,5.0,0.0,0.0,0.0,4.0,,emnid,T
2001-03-23,36.0,40.0,7.0,7.0,5.0,0.0,0.0,0.0,5.0,,emnid,T
2001-03-16,35.0,40.0,7.0,7.0,5.0,0.0,0.0,0.0,6.0,,emnid,T
2001-03-09,35.0,40.0,7.0,7.0,5.0,0.0,0.0,0.0,6.0,,emnid,T
2001-03-02,35.0,40.0,6.0,8.0,4.0,0.0,0.0,0.0,7.0,,emnid,T
2001-02-23,36.0,40.0,6.0,7.0,5.0,0.0,0.0,0.0,6.0,,emnid,T
2001-02-16,34.0,39.0,7.0,10.0,5.0,0.0,0.0,0.0,5.0,,emnid,T
2001-02-09,36.0,40.0,6.0,8.0,5.0,0.0,0.0,0.0,5.0,,emnid,T
2001-02-02,37.0,40.0,7.0,7.0,5.0,0.0,0.0,0.0,4.0,,emnid,T
2001-01-19,39.0,38.0,6.0,7.0,5.0,0.0,0.0,0.0,5.0,,emnid,T
2001-01-12,38.0,39.0,6.0,7.0,5.0,0.0,0.0,0.0,5.0,,emnid,T
2001-01-05,37.0,40.0,6.0,7.0,5.0,0.0,0.0,0.0,5.0,,emnid,T
2002-12-19,48.0,29.0,11.0,5.0,4.0,0.0,0.0,0.0,3.0,3899.0,emnid,T
2002-12-12,49.0,28.0,10.0,5.0,5.0,0.0,0.0,0.0,3.0,4865.0,emnid,T
2002-12-05,49.0,28.0,10.0,5.0,5.0,0.0,0.0,0.0,3.0,1958.0,emnid,T
2002-11-28,50.0,28.0,10.0,5.0,4.0,0.0,0.0,0.0,3.0,3247.0,emnid,T
2002-11-21,48.0,29.0,10.0,6.0,4.0,0.0,0.0,0.0,3.0,2650.0,emnid,T
2002-11-14,46.0,32.0,9.0,5.0,5.0,0.0,0.0,0.0,3.0,4158.0,emnid,T
2002-11-07,44.0,34.0,10.0,5.0,4.0,0.0,0.0,0.0,3.0,,emnid,T
2002-10-31,42.0,35.0,10.0,5.0,4.0,0.0,0.0,0.0,4.0,2515.0,emnid,T
2002-10-24,41.0,37.0,10.0,6.0,3.0,0.0,0.0,0.0,3.0,1409.0,emnid,T
2002-10-17,40.0,37.0,10.0,6.0,4.0,0.0,0.0,0.0,3.0,,emnid,T
2002-10-10,40.0,38.0,8.0,7.0,4.0,0.0,0.0,0.0,3.0,,emnid,T
2002-10-03,40.0,38.0,9.0,7.0,4.0,0.0,0.0,0.0,2.0,,emnid,T
2002-09-26,39.0,38.0,9.0,7.0,4.0,0.0,0.0,0.0,3.0,770.0,emnid,T
2002-09-14,37.0,39.0,7.0,8.0,5.0,0.0,0.0,0.0,4.0,3518.0,emnid,T
2002-09-12,38.0,38.0,7.0,8.0,4.0,0.0,0.0,0.0,5.0,1313.0,emnid,T
2002-09-10,38.0,38.0,7.0,8.0,4.0,0.0,0.0,0.0,5.0,,emnid,T
2002-09-05,39.0,37.0,6.0,8.0,5.0,0.0,0.0,0.0,5.0,1974.0,emnid,T
2002-08-29,40.0,37.0,6.0,9.0,4.0,0.0,0.0,0.0,4.0,1301.0,emnid,T
2002-08-27,40.0,37.0,6.0,9.0,4.0,0.0,0.0,0.0,4.0,,emnid,T
2002-08-23,39.0,36.0,7.0,9.0,5.0,0.0,0.0,0.0,4.0,,emnid,T
2002-08-22,40.0,34.0,6.0,9.0,6.0,0.0,0.0,0.0,5.0,1568.0,emnid,T
2002-08-21,41.0,34.0,6.0,9.0,5.0,0.0,0.0,0.0,5.0,,emnid,T
2002-08-15,40.0,34.0,7.0,10.0,5.0,0.0,0.0,0.0,4.0,2163.0,emnid,T
2002-08-12,41.0,34.0,6.0,9.0,5.0,0.0,0.0,0.0,5.0,,emnid,T
2002-08-08,41.0,34.0,7.0,9.0,4.0,0.0,0.0,0.0,5.0,,emnid,T
2002-08-06,41.0,34.0,7.0,9.0,4.0,0.0,0.0,0.0,5.0,,emnid,T
2002-08-02,40.0,34.0,7.0,8.0,6.0,0.0,0.0,0.0,5.0,2284.0,emnid,T
2002-07-30,40.0,34.0,7.0,8.0,6.0,0.0,0.0,0.0,5.0,,emnid,T
2002-07-25,39.0,34.0,7.0,9.0,6.0,0.0,0.0,0.0,5.0,667.0,emnid,T
2002-07-18,41.0,35.0,6.0,9.0,5.0,0.0,0.0,0.0,4.0,664.0,emnid,T
2002-07-11,40.0,35.0,6.0,9.0,5.0,0.0,0.0,0.0,5.0,635.0,emnid,T
2002-07-04,39.0,35.0,6.0,9.0,6.0,0.0,0.0,0.0,5.0,1302.0,emnid,T
2002-07-01,39.0,35.0,6.0,10.0,5.0,0.0,0.0,0.0,5.0,,emnid,T
2002-06-27,40.0,35.0,6.0,9.0,5.0,0.0,0.0,0.0,5.0,2953.0,emnid,T
2002-06-25,40.0,34.0,6.0,9.0,6.0,0.0,0.0,0.0,5.0,,emnid,T
2002-06-20,38.0,34.0,7.0,10.0,6.0,0.0,0.0,0.0,5.0,2449.0,emnid,T
2002-06-13,39.0,35.0,6.0,11.0,5.0,0.0,0.0,0.0,4.0,703.0,emnid,T
2002-06-11,39.0,35.0,6.0,11.0,6.0,0.0,0.0,0.0,3.0,,emnid,T
2002-06-10,38.0,34.0,7.0,11.0,6.0,0.0,0.0,0.0,4.0,,emnid,T
2002-06-06,38.0,33.0,7.0,10.0,6.0,0.0,0.0,0.0,6.0,1523.0,emnid,T
2002-05-30,39.0,33.0,6.0,11.0,6.0,0.0,0.0,0.0,5.0,1605.0,emnid,T
2002-05-23,39.0,32.0,8.0,10.0,5.0,0.0,0.0,0.0,6.0,2581.0,emnid,T
2002-05-16,38.0,33.0,7.0,12.0,5.0,0.0,0.0,0.0,5.0,,emnid,T
2002-05-09,39.0,32.0,6.0,11.0,6.0,0.0,0.0,0.0,6.0,,emnid,T
2002-05-04,40.0,34.0,6.0,10.0,6.0,0.0,0.0,0.0,4.0,,emnid,T
2002-04-27,40.0,35.0,5.0,9.0,6.0,0.0,0.0,0.0,5.0,,emnid,T
2002-04-20,39.0,36.0,6.0,9.0,6.0,0.0,0.0,0.0,4.0,,emnid,T
2002-04-13,39.0,37.0,6.0,8.0,6.0,0.0,0.0,0.0,4.0,,emnid,T
2002-04-06,39.0,36.0,7.0,9.0,7.0,0.0,0.0,0.0,2.0,,emnid,T
2002-03-28,40.0,36.0,6.0,9.0,6.0,0.0,0.0,0.0,3.0,,emnid,T
2002-03-23,40.0,35.0,7.0,9.0,6.0,0.0,0.0,0.0,3.0,,emnid,T
2002-03-16,40.0,36.0,6.0,8.0,6.0,0.0,0.0,0.0,4.0,,emnid,T
2002-03-08,39.0,38.0,6.0,9.0,6.0,0.0,0.0,0.0,2.0,,emnid,T
2002-03-02,41.0,37.0,5.0,7.0,6.0,0.0,0.0,0.0,4.0,,emnid,T
2002-02-23,41.0,37.0,5.0,9.0,6.0,0.0,0.0,0.0,2.0,,emnid,T
2002-02-16,41.0,37.0,5.0,8.0,6.0,0.0,0.0,0.0,3.0,,emnid,T
2002-02-09,41.0,38.0,5.0,8.0,6.0,0.0,0.0,0.0,2.0,,emnid,T
2002-02-02,41.0,37.0,6.0,8.0,6.0,0.0,0.0,0.0,2.0,,emnid,T
2002-01-26,41.0,38.0,5.0,7.0,6.0,0.0,0.0,0.0,3.0,,emnid,T
2002-01-18,40.0,37.0,6.0,7.0,7.0,0.0,0.0,0.0,3.0,,emnid,T
2002-01-12,39.0,38.0,6.0,7.0,7.0,0.0,0.0,0.0,3.0,,emnid,T
2002-01-05,37.0,38.0,6.0,7.0,7.0,0.0,0.0,0.0,5.0,,emnid,T
2003-12-18,49.0,26.0,10.0,7.0,5.0,0.0,0.0,0.0,3.0,,emnid,T
2003-12-11,50.0,25.0,10.0,7.0,4.0,0.0,0.0,0.0,4.0,,emnid,T
2003-12-04,49.0,26.0,10.0,7.0,5.0,0.0,0.0,0.0,3.0,,emnid,T
2003-11-27,48.0,26.0,10.0,7.0,5.0,0.0,0.0,0.0,4.0,2587.0,emnid,T
2003-11-20,50.0,24.0,10.0,7.0,5.0,0.0,0.0,0.0,4.0,2851.0,emnid,T
2003-11-13,50.0,24.0,11.0,6.0,5.0,0.0,0.0,0.0,4.0,,emnid,T
2003-11-06,49.0,25.0,11.0,7.0,4.0,0.0,0.0,0.0,4.0,2361.0,emnid,T
2003-10-30,50.0,25.0,11.0,7.0,4.0,0.0,0.0,0.0,3.0,2638.0,emnid,T
2003-10-23,50.0,26.0,11.0,6.0,3.0,0.0,0.0,0.0,4.0,2682.0,emnid,T
2003-10-16,49.0,27.0,11.0,6.0,4.0,0.0,0.0,0.0,3.0,3593.0,emnid,T
2003-10-09,50.0,27.0,11.0,5.0,4.0,0.0,0.0,0.0,3.0,3997.0,emnid,T
2003-10-02,49.0,27.0,12.0,5.0,4.0,0.0,0.0,0.0,3.0,3074.0,emnid,T
2003-09-25,46.0,29.0,11.0,6.0,5.0,0.0,0.0,0.0,3.0,3626.0,emnid,T
2003-09-18,46.0,30.0,10.0,6.0,5.0,0.0,0.0,0.0,3.0,2641.0,emnid,T
2003-09-11,46.0,29.0,10.0,7.0,5.0,0.0,0.0,0.0,3.0,2691.0,emnid,T
2003-09-04,44.0,31.0,11.0,6.0,5.0,0.0,0.0,0.0,3.0,2468.0,emnid,T
2003-08-28,45.0,30.0,11.0,7.0,4.0,0.0,0.0,0.0,3.0,2693.0,emnid,T
2003-08-21,44.0,31.0,10.0,7.0,4.0,0.0,0.0,0.0,4.0,1753.0,emnid,T
2003-08-14,45.0,32.0,10.0,6.0,5.0,0.0,0.0,0.0,2.0,2082.0,emnid,T
2003-08-07,44.0,31.0,10.0,7.0,5.0,0.0,0.0,0.0,3.0,1745.0,emnid,T
2003-07-31,45.0,31.0,11.0,7.0,4.0,0.0,0.0,0.0,2.0,238.0,emnid,T
2003-07-31,45.0,31.0,11.0,7.0,4.0,0.0,0.0,0.0,2.0,238.0,emnid,T
2003-07-24,45.0,32.0,10.0,6.0,4.0,0.0,0.0,0.0,3.0,3035.0,emnid,T
2003-07-17,44.0,32.0,10.0,7.0,4.0,0.0,0.0,0.0,3.0,2373.0,emnid,T
2003-07-10,45.0,31.0,11.0,6.0,4.0,0.0,0.0,0.0,3.0,3304.0,emnid,T
2003-07-03,46.0,30.0,10.0,6.0,4.0,0.0,0.0,0.0,4.0,2162.0,emnid,T
2003-06-26,45.0,29.0,11.0,7.0,4.0,0.0,0.0,0.0,4.0,1868.0,emnid,T
2003-06-19,46.0,30.0,10.0,6.0,4.0,0.0,0.0,0.0,4.0,2507.0,emnid,T
2003-06-12,46.0,30.0,10.0,7.0,4.0,0.0,0.0,0.0,3.0,1814.0,emnid,T
2003-06-05,48.0,27.0,10.0,7.0,4.0,0.0,0.0,0.0,4.0,1531.0,emnid,T
2003-05-29,47.0,27.0,11.0,8.0,4.0,0.0,0.0,0.0,3.0,1588.0,emnid,T
2003-05-22,49.0,26.0,11.0,6.0,5.0,0.0,0.0,0.0,3.0,2814.0,emnid,T
2003-05-15,48.0,26.0,12.0,6.0,5.0,0.0,0.0,0.0,3.0,2157.0,emnid,T
2003-05-08,47.0,27.0,11.0,7.0,5.0,0.0,0.0,0.0,3.0,1899.0,emnid,T
2003-05-01,46.0,29.0,11.0,7.0,5.0,0.0,0.0,0.0,2.0,,emnid,T
2003-04-24,47.0,30.0,10.0,7.0,4.0,0.0,0.0,0.0,2.0,2307.0,emnid,T
2003-04-17,44.0,32.0,10.0,7.0,4.0,0.0,0.0,0.0,3.0,3228.0,emnid,T
2003-04-10,46.0,31.0,11.0,6.0,4.0,0.0,0.0,0.0,2.0,2991.0,emnid,T
2003-04-04,45.0,32.0,11.0,6.0,4.0,0.0,0.0,0.0,2.0,2271.0,emnid,T
2003-03-28,46.0,30.0,11.0,7.0,4.0,0.0,0.0,0.0,2.0,2576.0,emnid,T
2003-03-21,48.0,28.0,11.0,7.0,4.0,0.0,0.0,0.0,2.0,26.0,emnid,T
2003-03-13,47.0,27.0,11.0,7.0,4.0,0.0,0.0,0.0,4.0,2387.0,emnid,T
2003-03-06,47.0,28.0,11.0,7.0,4.0,0.0,0.0,0.0,3.0,2984.0,emnid,T
2003-02-28,47.0,28.0,11.0,7.0,4.0,0.0,0.0,0.0,3.0,2289.0,emnid,T
2003-02-20,48.0,28.0,11.0,7.0,4.0,0.0,0.0,0.0,2.0,133.0,emnid,T
2003-02-13,49.0,27.0,11.0,7.0,4.0,0.0,0.0,0.0,2.0,2042.0,emnid,T
2003-02-06,48.0,29.0,10.0,6.0,4.0,0.0,0.0,0.0,3.0,1301.0,emnid,T
2003-01-30,47.0,30.0,10.0,6.0,4.0,0.0,0.0,0.0,3.0,1692.0,emnid,T
2003-01-23,47.0,31.0,9.0,6.0,4.0,0.0,0.0,0.0,3.0,1035.0,emnid,T
2003-01-16,48.0,29.0,10.0,6.0,4.0,0.0,0.0,0.0,3.0,194.0,emnid,T
2003-01-09,47.0,30.0,10.0,6.0,4.0,0.0,0.0,0.0,3.0,6370.0,emnid,T
2003-01-03,48.0,29.0,10.0,5.0,5.0,0.0,0.0,0.0,3.0,,emnid,T
2004-12-22,40.0,31.0,11.0,7.0,6.0,0.0,0.0,0.0,5.0,3869.0,emnid,T
2004-12-15,39.0,31.0,10.0,8.0,6.0,0.0,0.0,0.0,6.0,3772.0,emnid,T
2004-12-08,40.0,31.0,11.0,7.0,6.0,0.0,0.0,0.0,5.0,349.0,emnid,T
2004-12-01,39.0,31.0,11.0,8.0,6.0,0.0,0.0,0.0,5.0,401.0,emnid,T
2004-11-24,38.0,32.0,12.0,7.0,6.0,0.0,0.0,0.0,5.0,3699.0,emnid,T
2004-11-17,39.0,31.0,11.0,8.0,6.0,0.0,0.0,0.0,5.0,3858.0,emnid,T
2004-11-10,39.0,31.0,12.0,7.0,6.0,0.0,0.0,0.0,5.0,2457.0,emnid,T
2004-11-03,39.0,31.0,12.0,8.0,6.0,0.0,0.0,0.0,4.0,21.0,emnid,T
2004-10-27,39.0,31.0,12.0,7.0,6.0,0.0,0.0,0.0,5.0,3273.0,emnid,T
2004-10-19,40.0,29.0,12.0,8.0,6.0,0.0,0.0,0.0,5.0,3911.0,emnid,T
2004-10-13,40.0,28.0,12.0,8.0,7.0,0.0,0.0,0.0,5.0,3499.0,emnid,T
2004-08-19,42.0,23.0,13.0,9.0,8.0,0.0,0.0,0.0,5.0,,emnid,T
2004-08-12,43.0,25.0,12.0,8.0,7.0,0.0,0.0,0.0,5.0,,emnid,T
2004-08-05,43.0,25.0,12.0,8.0,7.0,0.0,0.0,0.0,5.0,,emnid,T
2004-07-29,45.0,24.0,13.0,7.0,6.0,0.0,0.0,0.0,5.0,,emnid,T
2004-07-22,44.0,24.0,13.0,8.0,6.0,0.0,0.0,0.0,5.0,,emnid,T
2004-07-15,45.0,25.0,12.0,8.0,6.0,0.0,0.0,0.0,4.0,,emnid,T
2004-07-08,45.0,24.0,13.0,8.0,6.0,0.0,0.0,0.0,4.0,,emnid,T
2004-07-01,45.0,25.0,13.0,7.0,6.0,0.0,0.0,0.0,4.0,,emnid,T
2004-06-24,45.0,25.0,12.0,8.0,6.0,0.0,0.0,0.0,4.0,,emnid,T
2004-06-17,47.0,26.0,11.0,7.0,5.0,0.0,0.0,0.0,4.0,,emnid,T
2004-06-11,48.0,27.0,10.0,7.0,5.0,0.0,0.0,0.0,3.0,,emnid,T
2004-06-04,47.0,26.0,11.0,7.0,5.0,0.0,0.0,0.0,4.0,,emnid,T
2004-05-20,47.0,26.0,11.0,6.0,6.0,0.0,0.0,0.0,4.0,,emnid,T
2004-05-13,48.0,26.0,10.0,6.0,6.0,0.0,0.0,0.0,4.0,,emnid,T
2004-05-07,47.0,27.0,11.0,6.0,5.0,0.0,0.0,0.0,4.0,,emnid,T
2004-04-30,47.0,27.0,11.0,7.0,5.0,0.0,0.0,0.0,3.0,,emnid,T
2004-04-23,46.0,27.0,11.0,7.0,5.0,0.0,0.0,0.0,4.0,,emnid,T
2004-04-15,47.0,27.0,11.0,6.0,5.0,0.0,0.0,0.0,4.0,,emnid,T
2004-04-01,48.0,26.0,11.0,6.0,5.0,0.0,0.0,0.0,4.0,,emnid,T
2004-03-25,49.0,24.0,12.0,6.0,5.0,0.0,0.0,0.0,4.0,,emnid,T
2004-03-18,49.0,25.0,11.0,6.0,5.0,0.0,0.0,0.0,4.0,,emnid,T
2004-03-12,50.0,23.0,11.0,7.0,5.0,0.0,0.0,0.0,4.0,,emnid,T
2004-03-04,48.0,24.0,11.0,8.0,5.0,0.0,0.0,0.0,4.0,,emnid,T
2004-02-26,48.0,24.0,11.0,7.0,5.0,0.0,0.0,0.0,5.0,,emnid,T
2004-02-19,47.0,24.0,12.0,8.0,5.0,0.0,0.0,0.0,4.0,,emnid,T
2004-02-11,49.0,24.0,11.0,7.0,5.0,0.0,0.0,0.0,4.0,,emnid,T
2004-02-05,48.0,26.0,11.0,7.0,5.0,0.0,0.0,0.0,3.0,,emnid,T
2004-01-29,49.0,25.0,11.0,7.0,5.0,0.0,0.0,0.0,3.0,,emnid,T
2004-01-22,48.0,26.0,11.0,7.0,5.0,0.0,0.0,0.0,3.0,,emnid,T
2004-01-15,48.0,27.0,10.0,7.0,5.0,0.0,0.0,0.0,3.0,,emnid,T
2004-01-08,47.0,27.0,10.0,7.0,5.0,0.0,0.0,0.0,4.0,,emnid,T
2004-01-01,48.0,28.0,10.0,6.0,4.0,0.0,0.0,0.0,4.0,,emnid,T
2005-12-15,35.0,32.0,9.0,10.0,10.0,0.0,0.0,0.0,4.0,,emnid,T
2005-11-29,34.0,32.0,9.0,10.0,11.0,0.0,0.0,0.0,4.0,4400.0,emnid,T
2005-11-22,32.0,32.0,10.0,11.0,10.0,0.0,0.0,0.0,5.0,2600.0,emnid,T
2005-11-15,33.0,31.0,9.0,12.0,11.0,0.0,0.0,0.0,4.0,4200.0,emnid,T
2005-11-03,34.0,31.0,9.0,11.0,11.0,0.0,0.0,0.0,4.0,1400.0,emnid,T
2005-11-01,34.0,33.0,9.0,10.0,10.0,0.0,0.0,0.0,4.0,3500.0,emnid,T
2005-10-26,35.0,33.0,9.0,9.0,10.0,0.0,0.0,0.0,4.0,1000.0,emnid,T
2005-10-18,35.0,34.0,9.0,9.0,9.0,0.0,0.0,0.0,4.0,4000.0,emnid,T
2005-09-22,36.0,33.0,8.0,10.0,10.0,0.0,0.0,0.0,3.0,2000.0,emnid,T
2005-09-13,42.0,33.5,7.0,6.5,8.0,0.0,0.0,0.0,3.0,2000.0,emnid,T
2005-09-10,40.5,34.5,7.0,7.0,8.0,0.0,0.0,0.0,3.0,,emnid,T
2005-09-08,42.0,33.0,7.0,7.0,9.0,0.0,0.0,0.0,2.0,3000.0,emnid,T
2005-09-07,42.0,32.0,7.0,7.0,9.0,0.0,0.0,0.0,3.0,4058.0,emnid,T
2005-09-01,42.0,31.0,7.0,7.0,10.0,0.0,0.0,0.0,3.0,3000.0,emnid,T
2005-08-30,42.0,30.0,7.0,7.0,10.0,0.0,0.0,0.0,4.0,3725.0,emnid,T
2005-08-25,42.0,30.0,8.0,7.0,10.0,0.0,0.0,0.0,3.0,3000.0,emnid,T
2005-08-23,42.0,30.0,8.0,7.0,10.0,0.0,0.0,0.0,3.0,3157.0,emnid,T
2005-08-18,42.0,29.0,7.0,7.0,11.0,0.0,0.0,0.0,4.0,3000.0,emnid,T
2005-08-16,42.0,29.0,8.0,7.0,11.0,0.0,0.0,0.0,3.0,5099.0,emnid,T
2005-08-11,41.0,28.0,8.0,8.0,12.0,0.0,0.0,0.0,3.0,3000.0,emnid,T
2005-08-10,42.0,28.0,7.0,7.0,12.0,0.0,0.0,0.0,4.0,5528.0,emnid,T
2005-08-04,43.0,26.0,8.0,7.0,13.0,0.0,0.0,0.0,3.0,3000.0,emnid,T
2005-08-03,42.0,26.0,8.0,8.0,12.0,0.0,0.0,0.0,4.0,5976.0,emnid,T
2005-07-29,42.0,26.0,9.0,8.0,12.0,0.0,0.0,0.0,3.0,3374.0,emnid,T
2005-07-22,43.0,27.0,8.0,7.0,12.0,0.0,0.0,0.0,3.0,3347.0,emnid,T
2005-07-16,43.0,27.0,8.0,7.0,12.0,0.0,0.0,0.0,3.0,5053.0,emnid,T
2005-07-15,43.0,27.0,8.0,7.0,12.0,0.0,0.0,0.0,3.0,3379.0,emnid,T
2005-07-09,43.0,28.0,8.0,7.0,11.0,0.0,0.0,0.0,3.0,4191.0,emnid,T
2005-07-05,43.0,27.0,8.0,7.0,11.0,0.0,0.0,0.0,4.0,2555.0,emnid,T
2005-07-02,44.0,26.0,9.0,7.0,11.0,0.0,0.0,0.0,3.0,3236.0,emnid,T
2005-06-25,46.0,27.0,8.0,7.0,9.0,0.0,0.0,0.0,3.0,4134.0,emnid,T
2005-06-18,45.0,27.0,8.0,7.0,9.0,0.0,0.0,0.0,4.0,5970.0,emnid,T
2005-06-14,46.0,28.0,8.0,7.0,8.0,0.0,0.0,0.0,3.0,4265.0,emnid,T
2005-06-11,48.0,27.0,8.0,7.0,6.0,0.0,0.0,0.0,4.0,5492.0,emnid,T
2005-06-04,48.0,28.0,8.0,6.0,6.0,0.0,0.0,0.0,4.0,5983.0,emnid,T
2005-05-31,47.0,29.0,8.0,6.0,6.0,0.0,0.0,0.0,4.0,3835.0,emnid,T
2005-05-18,44.0,29.0,10.0,8.0,5.0,0.0,0.0,0.0,4.0,3340.0,emnid,T
2005-04-26,45.0,29.0,9.0,7.0,6.0,0.0,0.0,0.0,4.0,4270.0,emnid,T
2005-04-19,45.0,29.0,9.0,7.0,5.0,0.0,0.0,0.0,5.0,3896.0,emnid,T
2005-04-12,44.0,30.0,10.0,7.0,4.0,0.0,0.0,0.0,5.0,3287.0,emnid,T
2005-03-30,46.0,29.0,9.0,7.0,5.0,0.0,0.0,0.0,4.0,2109.0,emnid,T
2005-03-16,44.0,29.0,10.0,6.0,6.0,0.0,0.0,0.0,5.0,3070.0,emnid,T
2005-03-09,43.0,32.0,9.0,7.0,5.0,0.0,0.0,0.0,4.0,4315.0,emnid,T
2005-03-02,42.0,32.0,10.0,7.0,4.0,0.0,0.0,0.0,5.0,4440.0,emnid,T
2005-02-23,40.0,32.0,10.0,8.0,5.0,0.0,0.0,0.0,5.0,3664.0,emnid,T
2005-02-16,39.0,32.0,11.0,7.0,5.0,0.0,0.0,0.0,6.0,3347.0,emnid,T
2005-02-09,39.0,33.0,11.0,7.0,5.0,0.0,0.0,0.0,5.0,2493.0,emnid,T
2005-02-02,39.0,33.0,11.0,8.0,5.0,0.0,0.0,0.0,4.0,2493.0,emnid,T
2005-01-26,38.0,33.0,11.0,8.0,5.0,0.0,0.0,0.0,5.0,4035.0,emnid,T
2005-01-19,38.0,33.0,11.0,8.0,5.0,0.0,0.0,0.0,5.0,3859.0,emnid,T
2005-01-12,38.0,34.0,11.0,8.0,5.0,0.0,0.0,0.0,4.0,2758.0,emnid,T
2005-01-05,37.0,34.0,11.0,8.0,6.0,0.0,0.0,0.0,4.0,1470.0,emnid,T
2006-12-20,33.0,29.0,11.0,12.0,10.0,0.0,0.0,0.0,5.0,5034.0,emnid,T
2006-12-13,34.0,30.0,10.0,10.0,11.0,0.0,0.0,0.0,5.0,4583.0,emnid,T
2006-12-05,33.0,29.0,11.0,11.0,11.0,0.0,0.0,0.0,5.0,5967.0,emnid,T
2006-11-28,32.0,30.0,10.0,12.0,11.0,0.0,0.0,0.0,5.0,6402.0,emnid,T
2006-11-22,31.0,30.0,10.0,13.0,11.0,0.0,0.0,0.0,5.0,2768.0,emnid,T
2006-11-14,31.0,30.0,11.0,12.0,11.0,0.0,0.0,0.0,5.0,4121.0,emnid,T
2006-11-07,29.0,30.0,11.0,14.0,11.0,0.0,0.0,0.0,5.0,3227.0,emnid,T
2006-10-31,30.0,29.0,12.0,13.0,11.0,0.0,0.0,0.0,5.0,3682.0,emnid,T
2006-10-25,30.0,30.0,11.0,14.0,10.0,0.0,0.0,0.0,5.0,459.0,emnid,T
2006-10-18,29.0,31.0,11.0,13.0,10.0,0.0,0.0,0.0,6.0,367.0,emnid,T
2006-10-11,29.0,31.0,11.0,14.0,10.0,0.0,0.0,0.0,5.0,4616.0,emnid,T
2006-10-04,31.0,31.0,10.0,14.0,9.0,0.0,0.0,0.0,5.0,3643.0,emnid,T
2006-09-27,30.0,30.0,10.0,14.0,10.0,0.0,0.0,0.0,6.0,3663.0,emnid,T
2006-09-19,30.0,30.0,10.0,13.0,11.0,0.0,0.0,0.0,6.0,5058.0,emnid,T
2006-09-13,31.0,29.0,11.0,13.0,11.0,0.0,0.0,0.0,5.0,4136.0,emnid,T
2006-09-06,31.0,30.0,10.0,12.0,11.0,0.0,0.0,0.0,6.0,4599.0,emnid,T
2006-08-30,31.0,30.0,10.0,13.0,11.0,0.0,0.0,0.0,5.0,4212.0,emnid,T
2006-08-23,32.0,29.0,10.0,13.0,10.0,0.0,0.0,0.0,6.0,4585.0,emnid,T
2006-08-16,31.0,29.0,10.0,13.0,11.0,0.0,0.0,0.0,6.0,3213.0,emnid,T
2006-08-09,32.0,29.0,10.0,13.0,10.0,0.0,0.0,0.0,6.0,3707.0,emnid,T
2006-08-02,33.0,30.0,10.0,12.0,10.0,0.0,0.0,0.0,5.0,322.0,emnid,T
2006-07-26,33.0,31.0,10.0,12.0,10.0,0.0,0.0,0.0,4.0,3212.0,emnid,T
2006-07-19,33.0,30.0,10.0,13.0,10.0,0.0,0.0,0.0,4.0,3674.0,emnid,T
2006-07-12,34.0,29.0,10.0,12.0,10.0,0.0,0.0,0.0,5.0,2487.0,emnid,T
2006-07-04,34.0,31.0,9.0,12.0,10.0,0.0,0.0,0.0,4.0,276.0,emnid,T
2006-06-27,34.0,31.0,10.0,11.0,10.0,0.0,0.0,0.0,4.0,3569.0,emnid,T
2006-06-20,35.0,31.0,9.0,11.0,10.0,0.0,0.0,0.0,4.0,4115.0,emnid,T
2006-06-14,35.0,30.0,9.0,11.0,10.0,0.0,0.0,0.0,5.0,4567.0,emnid,T
2006-06-07,34.0,30.0,9.0,12.0,10.0,0.0,0.0,0.0,5.0,6387.0,emnid,T
2006-05-30,35.0,30.0,10.0,12.0,10.0,0.0,0.0,0.0,3.0,3847.0,emnid,T
2006-05-09,37.0,30.0,9.0,10.0,10.0,0.0,0.0,0.0,4.0,3681.0,emnid,T
2006-05-03,37.0,31.0,8.0,10.0,10.0,0.0,0.0,0.0,4.0,6471.0,emnid,T
2006-04-25,37.0,31.0,9.0,10.0,9.0,0.0,0.0,0.0,4.0,4161.0,emnid,T
2006-04-19,37.0,32.0,9.0,9.0,9.0,0.0,0.0,0.0,4.0,3635.0,emnid,T
2006-04-12,38.0,30.0,9.0,10.0,9.0,0.0,0.0,0.0,4.0,4595.0,emnid,T
2006-04-04,38.0,30.0,9.0,9.0,9.0,0.0,0.0,0.0,5.0,645.0,emnid,T
2006-03-28,38.0,30.0,9.0,9.0,9.0,0.0,0.0,0.0,5.0,3913.0,emnid,T
2006-03-14,39.0,30.0,9.0,9.0,9.0,0.0,0.0,0.0,4.0,2571.0,emnid,T
2006-03-07,38.0,30.0,9.0,9.0,9.0,0.0,0.0,0.0,5.0,2636.0,emnid,T
2006-02-28,40.0,29.0,9.0,9.0,9.0,0.0,0.0,0.0,4.0,232.0,emnid,T
2006-02-23,40.0,30.0,8.0,9.0,9.0,0.0,0.0,0.0,4.0,232.0,emnid,T
2006-02-14,39.0,31.0,9.0,9.0,9.0,0.0,0.0,0.0,3.0,2605.0,emnid,T
2006-02-07,40.0,31.0,8.0,9.0,9.0,0.0,0.0,0.0,3.0,3313.0,emnid,T
2006-01-31,39.0,30.0,8.0,9.0,10.0,0.0,0.0,0.0,4.0,2711.0,emnid,T
2006-01-24,38.0,30.0,9.0,9.0,9.0,0.0,0.0,0.0,5.0,2357.0,emnid,T
2006-01-17,38.0,29.0,9.0,10.0,10.0,0.0,0.0,0.0,4.0,2322.0,emnid,T
2006-01-09,39.0,31.0,9.0,9.0,8.0,0.0,0.0,0.0,4.0,2026.0,emnid,T
2007-12-18,38.0,29.0,10.0,9.0,11.0,0.0,0.0,0.0,3.0,5959.0,emnid,T
2007-12-11,38.0,29.0,9.0,8.0,12.0,0.0,0.0,0.0,4.0,413.0,emnid,T
2007-12-04,37.0,27.0,10.0,10.0,12.0,0.0,0.0,0.0,4.0,46.0,emnid,T
2007-11-27,37.0,28.0,10.0,9.0,12.0,0.0,0.0,0.0,4.0,3673.0,emnid,T
2007-11-21,36.0,28.0,10.0,10.0,12.0,0.0,0.0,0.0,4.0,5465.0,emnid,T
2007-11-18,36.0,28.0,10.0,10.0,12.0,0.0,0.0,0.0,4.0,1885.0,emnid,T
2007-11-14,37.0,28.0,10.0,10.0,11.0,0.0,0.0,0.0,4.0,5085.0,emnid,T
2007-11-06,37.0,30.0,9.0,10.0,10.0,0.0,0.0,0.0,4.0,5077.0,emnid,T
2007-10-30,38.0,29.0,9.0,9.0,11.0,0.0,0.0,0.0,4.0,3663.0,emnid,T
2007-10-23,39.0,28.0,9.0,9.0,11.0,0.0,0.0,0.0,4.0,3221.0,emnid,T
2007-10-16,39.0,27.0,10.0,9.0,11.0,0.0,0.0,0.0,4.0,4589.0,emnid,T
2007-10-10,38.0,28.0,10.0,9.0,11.0,0.0,0.0,0.0,4.0,413.0,emnid,T
2007-10-01,37.0,27.0,11.0,9.0,12.0,0.0,0.0,0.0,4.0,5046.0,emnid,T
2007-09-25,35.0,28.0,10.0,11.0,12.0,0.0,0.0,0.0,4.0,4132.0,emnid,T
2007-09-18,38.0,28.0,10.0,9.0,11.0,0.0,0.0,0.0,4.0,275.0,emnid,T
2007-09-11,37.0,27.0,10.0,10.0,12.0,0.0,0.0,0.0,4.0,4117.0,emnid,T
2007-09-04,37.0,28.0,9.0,9.0,12.0,0.0,0.0,0.0,5.0,5024.0,emnid,T
2007-08-28,36.0,29.0,9.0,10.0,12.0,0.0,0.0,0.0,4.0,4587.0,emnid,T
2007-08-21,36.0,28.0,9.0,11.0,12.0,0.0,0.0,0.0,4.0,2749.0,emnid,T
2007-08-15,36.0,27.0,10.0,10.0,13.0,0.0,0.0,0.0,4.0,4135.0,emnid,T
2007-08-08,36.0,26.0,10.0,10.0,13.0,0.0,0.0,0.0,5.0,5058.0,emnid,T
2007-08-01,37.0,27.0,9.0,10.0,13.0,0.0,0.0,0.0,4.0,4142.0,emnid,T
2007-07-25,37.0,27.0,10.0,9.0,13.0,0.0,0.0,0.0,4.0,3217.0,emnid,T
2007-07-18,36.0,27.0,9.0,10.0,14.0,0.0,0.0,0.0,4.0,3657.0,emnid,T
2007-07-11,36.0,27.0,10.0,10.0,13.0,0.0,0.0,0.0,4.0,3248.0,emnid,T
2007-07-04,36.0,26.0,10.0,10.0,14.0,0.0,0.0,0.0,4.0,3211.0,emnid,T
2007-06-26,36.0,27.0,10.0,10.0,14.0,0.0,0.0,0.0,3.0,2759.0,emnid,T
2007-06-19,36.0,28.0,10.0,10.0,13.0,0.0,0.0,0.0,3.0,5493.0,emnid,T
2007-06-12,36.0,28.0,9.0,10.0,12.0,0.0,0.0,0.0,5.0,3669.0,emnid,T
2007-06-06,34.0,29.0,11.0,10.0,12.0,0.0,0.0,0.0,4.0,5047.0,emnid,T
2007-05-29,34.0,30.0,11.0,10.0,11.0,0.0,0.0,0.0,4.0,5544.0,emnid,T
2007-05-22,35.0,29.0,11.0,10.0,11.0,0.0,0.0,0.0,4.0,3639.0,emnid,T
2007-05-20,34.0,30.0,11.0,11.0,11.0,0.0,0.0,0.0,3.0,2599.0,emnid,T
2007-05-15,35.0,29.0,11.0,11.0,10.0,0.0,0.0,0.0,4.0,3689.0,emnid,T
2007-05-08,36.0,30.0,11.0,10.0,9.0,0.0,0.0,0.0,4.0,5683.0,emnid,T
2007-05-02,37.0,29.0,10.0,10.0,10.0,0.0,0.0,0.0,4.0,5083.0,emnid,T
2007-04-24,37.0,29.0,9.0,10.0,11.0,0.0,0.0,0.0,4.0,4628.0,emnid,T
2007-04-17,35.0,30.0,10.0,10.0,10.0,0.0,0.0,0.0,5.0,3243.0,emnid,T
2007-04-11,35.0,29.0,11.0,10.0,10.0,0.0,0.0,0.0,5.0,3669.0,emnid,T
2007-04-03,36.0,30.0,10.0,10.0,10.0,0.0,0.0,0.0,4.0,5554.0,emnid,T
2007-03-27,35.0,30.0,11.0,10.0,9.0,0.0,0.0,0.0,5.0,4154.0,emnid,T
2007-03-20,36.0,29.0,11.0,10.0,9.0,0.0,0.0,0.0,5.0,4634.0,emnid,T
2007-03-13,35.0,29.0,11.0,11.0,9.0,0.0,0.0,0.0,5.0,2763.0,emnid,T
2007-03-06,34.0,30.0,10.0,11.0,10.0,0.0,0.0,0.0,5.0,6001.0,emnid,T
2007-02-27,33.0,29.0,11.0,11.0,10.0,0.0,0.0,0.0,6.0,4631.0,emnid,T
2007-02-21,33.0,30.0,11.0,12.0,10.0,0.0,0.0,0.0,4.0,323.0,emnid,T
2007-02-14,33.0,30.0,11.0,11.0,10.0,0.0,0.0,0.0,5.0,4592.0,emnid,T
2007-02-06,34.0,30.0,11.0,12.0,9.0,0.0,0.0,0.0,4.0,3206.0,emnid,T
2007-01-30,33.0,31.0,10.0,13.0,9.0,0.0,0.0,0.0,4.0,55.0,emnid,T
2007-01-24,35.0,31.0,10.0,12.0,8.0,0.0,0.0,0.0,4.0,4124.0,emnid,T
2007-01-17,34.0,30.0,11.0,12.0,9.0,0.0,0.0,0.0,4.0,5078.0,emnid,T
2007-01-10,34.0,30.0,11.0,11.0,9.0,0.0,0.0,0.0,5.0,2299.0,emnid,T
2007-01-03,33.0,29.0,11.0,11.0,10.0,0.0,0.0,0.0,6.0,1387.0,emnid,T
2008-12-23,35.0,26.0,11.0,12.0,12.0,0.0,0.0,0.0,4.0,3692.0,emnid,T
2008-12-17,36.0,24.0,11.0,12.0,13.0,0.0,0.0,0.0,4.0,4148.0,emnid,T
2008-12-09,35.0,25.0,11.0,12.0,13.0,0.0,0.0,0.0,4.0,4151.0,emnid,T
2008-12-03,34.0,25.0,11.0,13.0,13.0,0.0,0.0,0.0,4.0,4128.0,emnid,T
2008-11-26,34.0,24.0,11.0,13.0,14.0,0.0,0.0,0.0,4.0,4606.0,emnid,T
2008-11-19,35.0,25.0,10.0,12.0,14.0,0.0,0.0,0.0,4.0,4615.0,emnid,T
2008-11-12,35.0,26.0,9.0,13.0,13.0,0.0,0.0,0.0,4.0,4127.0,emnid,T
2008-11-06,34.0,25.0,10.0,12.0,14.0,0.0,0.0,0.0,5.0,3663.0,emnid,T
2008-10-28,33.0,26.0,11.0,12.0,13.0,0.0,0.0,0.0,5.0,4103.0,emnid,T
2008-10-22,33.0,26.0,10.0,13.0,14.0,0.0,0.0,0.0,4.0,4133.0,emnid,T
2008-10-15,33.0,25.0,10.0,13.0,14.0,0.0,0.0,0.0,5.0,4111.0,emnid,T
2008-10-08,33.0,26.0,11.0,13.0,13.0,0.0,0.0,0.0,4.0,3134.0,emnid,T
2008-10-01,34.0,25.0,10.0,12.0,14.0,0.0,0.0,0.0,5.0,3619.0,emnid,T
2008-09-23,34.0,26.0,10.0,11.0,14.0,0.0,0.0,0.0,5.0,4133.0,emnid,T
2008-09-17,35.0,26.0,10.0,12.0,13.0,0.0,0.0,0.0,4.0,3665.0,emnid,T
2008-09-09,36.0,27.0,10.0,11.0,13.0,0.0,0.0,0.0,3.0,9870.0,emnid,T
2008-09-11,36.0,26.0,10.0,11.0,13.0,0.0,0.0,0.0,4.0,4585.0,emnid,T
2008-09-02,36.0,25.0,11.0,11.0,14.0,0.0,0.0,0.0,3.0,3186.0,emnid,T
2008-08-27,36.0,24.0,11.0,12.0,13.0,0.0,0.0,0.0,4.0,4597.0,emnid,T
2008-08-20,36.0,24.0,10.0,12.0,14.0,0.0,0.0,0.0,4.0,3208.0,emnid,T
2008-08-13,36.0,24.0,11.0,11.0,14.0,0.0,0.0,0.0,4.0,369.0,emnid,T
2008-08-06,35.0,25.0,10.0,12.0,14.0,0.0,0.0,0.0,4.0,3703.0,emnid,T
2008-07-30,35.0,26.0,10.0,12.0,13.0,0.0,0.0,0.0,4.0,3664.0,emnid,T
2008-07-23,35.0,26.0,11.0,12.0,13.0,0.0,0.0,0.0,3.0,324.0,emnid,T
2008-07-15,34.0,27.0,10.0,12.0,13.0,0.0,0.0,0.0,4.0,3193.0,emnid,T
2008-07-08,36.0,25.0,10.0,11.0,14.0,0.0,0.0,0.0,4.0,3212.0,emnid,T
2008-07-02,35.0,26.0,10.0,12.0,13.0,0.0,0.0,0.0,4.0,3175.0,emnid,T
2008-06-24,34.0,25.0,10.0,13.0,14.0,0.0,0.0,0.0,4.0,3216.0,emnid,T
2008-06-18,34.0,25.0,10.0,12.0,15.0,0.0,0.0,0.0,4.0,4102.0,emnid,T
2008-06-11,33.0,24.0,11.0,13.0,15.0,0.0,0.0,0.0,4.0,3197.0,emnid,T
2008-06-03,35.0,25.0,10.0,12.0,14.0,0.0,0.0,0.0,4.0,4574.0,emnid,T
2008-05-27,34.0,26.0,10.0,11.0,14.0,0.0,0.0,0.0,5.0,3797.0,emnid,T
2008-05-21,34.0,25.0,10.0,12.0,15.0,0.0,0.0,0.0,4.0,4557.0,emnid,T
2008-05-14,35.0,25.0,11.0,11.0,13.0,0.0,0.0,0.0,5.0,6356.0,emnid,T
2008-05-06,35.0,27.0,10.0,11.0,13.0,0.0,0.0,0.0,4.0,5905.0,emnid,T
2008-04-29,36.0,27.0,11.0,10.0,13.0,0.0,0.0,0.0,3.0,5941.0,emnid,T
2008-04-23,37.0,26.0,10.0,11.0,13.0,0.0,0.0,0.0,3.0,4988.0,emnid,T
2008-04-15,37.0,26.0,10.0,10.0,13.0,0.0,0.0,0.0,4.0,4529.0,emnid,T
2008-04-08,36.0,27.0,10.0,11.0,13.0,0.0,0.0,0.0,3.0,4177.0,emnid,T
2008-04-02,36.0,26.0,11.0,11.0,13.0,0.0,0.0,0.0,3.0,461.0,emnid,T
2008-03-26,37.0,25.0,11.0,10.0,14.0,0.0,0.0,0.0,3.0,2297.0,emnid,T
2008-03-19,37.0,25.0,10.0,10.0,14.0,0.0,0.0,0.0,4.0,418.0,emnid,T
2008-03-11,37.0,27.0,10.0,9.0,13.0,0.0,0.0,0.0,4.0,5526.0,emnid,T
2008-03-04,37.0,28.0,9.0,9.0,14.0,0.0,0.0,0.0,3.0,4644.0,emnid,T
2008-03-02,36.0,27.0,9.0,10.0,14.0,0.0,0.0,0.0,4.0,1348.0,emnid,T
2008-02-26,36.0,27.0,10.0,10.0,13.0,0.0,0.0,0.0,4.0,5086.0,emnid,T
2008-02-19,36.0,28.0,9.0,11.0,12.0,0.0,0.0,0.0,4.0,3684.0,emnid,T
2008-02-12,35.0,29.0,9.0,10.0,13.0,0.0,0.0,0.0,4.0,3225.0,emnid,T
2008-02-05,35.0,30.0,9.0,10.0,13.0,0.0,0.0,0.0,3.0,4612.0,emnid,T
2008-01-29,36.0,30.0,10.0,10.0,11.0,0.0,0.0,0.0,3.0,3196.0,emnid,T
2008-01-22,37.0,28.0,10.0,10.0,11.0,0.0,0.0,0.0,4.0,3664.0,emnid,T
2008-01-16,38.0,28.0,10.0,9.0,11.0,0.0,0.0,0.0,4.0,3655.0,emnid,T
2008-01-08,38.0,28.0,9.0,10.0,11.0,0.0,0.0,0.0,4.0,2316.0,emnid,T
2013-09-20,39.0,26.0,9.0,6.0,9.0,4.0,0.0,0.0,7.0,2047.0,emnid,T
2013-09-15,39.0,26.0,10.0,5.0,9.0,4.0,0.0,0.0,4.0,1840.0,emnid,T
2013-09-08,40.0,25.0,11.0,5.0,9.0,3.0,0.0,0.0,4.0,1376.0,emnid,T
2013-09-01,39.0,23.0,11.0,6.0,10.0,3.0,0.0,0.0,5.0,1851.0,emnid,T
2013-08-25,40.0,25.0,12.0,5.0,8.0,3.0,0.0,0.0,4.0,2755.0,emnid,T
2013-08-18,40.0,24.0,12.0,6.0,8.0,1.0,0.0,0.0,5.0,1883.0,emnid,T
2013-08-11,41.0,25.0,13.0,5.0,8.0,2.0,0.0,0.0,3.0,1875.0,emnid,T
2013-08-04,40.0,25.0,13.0,5.0,8.0,2.0,0.0,0.0,4.0,2770.0,emnid,T
2013-07-28,40.0,25.0,13.0,5.0,8.0,3.0,0.0,0.0,3.0,2321.0,emnid,T
2013-07-21,40.0,25.0,13.0,6.0,8.0,2.0,0.0,0.0,3.0,1854.0,emnid,T
2013-07-14,41.0,26.0,12.0,5.0,7.0,1.0,0.0,0.0,4.0,1838.0,emnid,T
2013-07-07,42.0,26.0,12.0,4.0,8.0,2.0,0.0,0.0,3.0,1956.0,emnid,T
2013-06-30,41.0,25.0,13.0,5.0,7.0,2.0,0.0,0.0,4.0,1840.0,emnid,T
2013-06-23,41.0,25.0,14.0,4.0,8.0,2.0,0.0,0.0,3.0,2755.0,emnid,T
2013-06-16,41.0,25.0,13.0,5.0,8.0,2.0,0.0,0.0,3.0,2727.0,emnid,T
2013-06-09,41.0,26.0,13.0,4.0,7.0,3.0,0.0,0.0,3.0,1951.0,emnid,T
2013-06-02,40.0,26.0,14.0,5.0,7.0,2.0,0.0,0.0,2.0,1866.0,emnid,T
2013-05-26,40.0,27.0,13.0,4.0,7.0,2.0,0.0,0.0,3.0,1568.0,emnid,T
2013-05-19,39.0,26.0,15.0,4.0,7.0,3.0,0.0,0.0,2.0,2003.0,emnid,T
2013-05-12,38.0,26.0,15.0,4.0,8.0,2.0,0.0,0.0,3.0,2362.0,emnid,T
2013-05-05,37.0,27.0,15.0,5.0,7.0,2.0,0.0,0.0,3.0,2282.0,emnid,T
2013-04-28,40.0,27.0,14.0,4.0,7.0,2.0,0.0,0.0,3.0,2440.0,emnid,T
2013-04-21,39.0,26.0,14.0,5.0,8.0,0.0,0.0,0.0,4.0,2410.0,emnid,T
2013-04-14,41.0,26.0,14.0,5.0,8.0,0.0,0.0,0.0,3.0,1848.0,emnid,T
2013-04-07,39.0,26.0,15.0,5.0,8.0,0.0,0.0,0.0,4.0,1416.0,emnid,T
2013-03-31,39.0,26.0,15.0,5.0,7.0,0.0,0.0,0.0,5.0,1958.0,emnid,T
2013-03-24,40.0,27.0,15.0,5.0,7.0,0.0,0.0,0.0,3.0,2515.0,emnid,T
2013-03-17,39.0,28.0,16.0,4.0,8.0,0.0,0.0,0.0,2.0,2768.0,emnid,T
2013-03-10,40.0,27.0,15.0,4.0,8.0,0.0,0.0,0.0,3.0,2500.0,emnid,T
2013-03-03,40.0,27.0,15.0,5.0,7.0,0.0,0.0,0.0,3.0,1850.0,emnid,T
2013-02-24,41.0,27.0,14.0,4.0,7.0,0.0,0.0,0.0,3.0,2513.0,emnid,T
2013-02-17,41.0,27.0,15.0,4.0,6.0,0.0,0.0,0.0,4.0,2052.0,emnid,T
2013-02-10,40.0,27.0,15.0,4.0,7.0,0.0,0.0,0.0,3.0,2338.0,emnid,T
2013-02-03,41.0,27.0,14.0,4.0,7.0,0.0,0.0,0.0,3.0,1862.0,emnid,T
2013-01-27,41.0,27.0,13.0,4.0,7.0,0.0,0.0,0.0,4.0,1868.0,emnid,T
2013-01-20,43.0,25.0,13.0,4.0,7.0,0.0,0.0,0.0,4.0,1864.0,emnid,T
2013-01-13,41.0,26.0,14.0,3.0,8.0,0.0,0.0,0.0,4.0,2361.0,emnid,T
2013-01-06,40.0,27.0,14.0,4.0,8.0,0.0,0.0,0.0,3.0,1876.0,emnid,T
2012-12-23,40.0,28.0,13.0,4.0,8.0,0.0,0.0,0.0,3.0,2765.0,emnid,T
2012-12-16,40.0,28.0,14.0,4.0,7.0,0.0,0.0,0.0,3.0,3203.0,emnid,T
2012-12-09,40.0,28.0,14.0,4.0,7.0,0.0,0.0,0.0,4.0,2716.0,emnid,T
2012-12-02,38.0,28.0,14.0,4.0,8.0,0.0,0.0,0.0,4.0,2742.0,emnid,T
2012-11-25,38.0,29.0,15.0,4.0,7.0,0.0,0.0,0.0,3.0,2815.0,emnid,T
2012-11-18,39.0,28.0,13.0,4.0,7.0,0.0,0.0,0.0,4.0,2805.0,emnid,T
2012-11-11,38.0,30.0,12.0,4.0,7.0,0.0,0.0,0.0,4.0,1861.0,emnid,T
2012-11-04,38.0,29.0,13.0,4.0,8.0,0.0,0.0,0.0,4.0,2352.0,emnid,T
2012-10-28,38.0,29.0,12.0,4.0,8.0,0.0,0.0,0.0,4.0,2785.0,emnid,T
2012-10-21,38.0,29.0,12.0,4.0,7.0,0.0,0.0,0.0,4.0,3257.0,emnid,T
2012-10-14,38.0,30.0,11.0,4.0,8.0,0.0,0.0,0.0,4.0,2803.0,emnid,T
2012-10-07,37.0,28.0,12.0,5.0,8.0,0.0,0.0,0.0,4.0,1820.0,emnid,T
2012-09-30,37.0,27.0,13.0,5.0,8.0,0.0,0.0,0.0,4.0,2284.0,emnid,T
2012-09-23,37.0,27.0,13.0,5.0,8.0,0.0,0.0,0.0,4.0,1834.0,emnid,T
2012-09-16,38.0,26.0,14.0,4.0,7.0,0.0,0.0,0.0,4.0,2288.0,emnid,T
2012-09-09,36.0,28.0,14.0,4.0,7.0,0.0,0.0,0.0,4.0,1840.0,emnid,T
2012-09-02,36.0,28.0,13.0,5.0,7.0,0.0,0.0,0.0,4.0,2311.0,emnid,T
2012-08-26,36.0,28.0,14.0,4.0,7.0,0.0,0.0,0.0,4.0,2792.0,emnid,T
2012-08-19,35.0,29.0,13.0,5.0,7.0,0.0,0.0,0.0,3.0,2816.0,emnid,T
2012-08-12,36.0,28.0,14.0,4.0,7.0,0.0,0.0,0.0,3.0,1873.0,emnid,T
2012-08-05,36.0,29.0,13.0,5.0,7.0,0.0,0.0,0.0,3.0,1847.0,emnid,T
2012-07-29,36.0,29.0,12.0,4.0,7.0,0.0,0.0,0.0,4.0,2333.0,emnid,T
2012-07-22,35.0,29.0,13.0,5.0,6.0,0.0,0.0,0.0,4.0,2310.0,emnid,T
2012-07-15,34.0,29.0,13.0,5.0,7.0,0.0,0.0,0.0,3.0,2305.0,emnid,T
2012-07-08,34.0,29.0,14.0,5.0,6.0,0.0,0.0,0.0,3.0,3256.0,emnid,T
2012-07-01,34.0,31.0,13.0,5.0,6.0,0.0,0.0,0.0,3.0,2261.0,emnid,T
2012-06-24,34.0,30.0,13.0,5.0,6.0,0.0,0.0,0.0,3.0,2740.0,emnid,T
2012-06-17,33.0,29.0,12.0,6.0,7.0,0.0,0.0,0.0,4.0,3167.0,emnid,T
2012-06-10,32.0,30.0,13.0,5.0,6.0,0.0,0.0,0.0,4.0,2308.0,emnid,T
2012-06-03,33.0,29.0,12.0,5.0,6.0,0.0,0.0,0.0,4.0,2297.0,emnid,T
2012-05-24,32.0,30.0,12.0,6.0,6.0,0.0,0.0,0.0,3.0,2248.0,emnid,T
2012-05-20,35.0,27.0,12.0,5.0,6.0,0.0,0.0,0.0,4.0,2287.0,emnid,T
2012-05-12,34.0,27.0,13.0,4.0,7.0,0.0,0.0,0.0,4.0,3684.0,emnid,T
2012-05-06,34.0,27.0,13.0,5.0,7.0,0.0,0.0,0.0,3.0,3195.0,emnid,T
2012-04-29,35.0,26.0,13.0,5.0,7.0,0.0,0.0,0.0,3.0,2742.0,emnid,T
2012-04-22,34.0,27.0,13.0,4.0,7.0,0.0,0.0,0.0,3.0,2768.0,emnid,T
2012-04-15,35.0,26.0,12.0,4.0,7.0,0.0,0.0,0.0,4.0,1871.0,emnid,T
2012-04-08,36.0,26.0,13.0,4.0,7.0,0.0,0.0,0.0,4.0,2804.0,emnid,T
2012-04-01,36.0,27.0,13.0,4.0,7.0,0.0,0.0,0.0,4.0,1845.0,emnid,T
2012-03-25,35.0,28.0,15.0,4.0,7.0,0.0,0.0,0.0,4.0,2774.0,emnid,T
2012-03-18,35.0,27.0,14.0,4.0,8.0,0.0,0.0,0.0,4.0,2736.0,emnid,T
2012-03-11,36.0,28.0,14.0,3.0,7.0,0.0,0.0,0.0,4.0,2770.0,emnid,T
2012-03-04,35.0,28.0,14.0,3.0,7.0,0.0,0.0,0.0,4.0,2312.0,emnid,T
2012-02-26,35.0,27.0,15.0,3.0,8.0,0.0,0.0,0.0,3.0,2336.0,emnid,T
2012-02-19,35.0,28.0,14.0,3.0,7.0,0.0,0.0,0.0,4.0,2760.0,emnid,T
2012-02-12,36.0,27.0,14.0,3.0,8.0,0.0,0.0,0.0,5.0,2804.0,emnid,T
2012-02-05,35.0,28.0,14.0,3.0,7.0,0.0,0.0,0.0,5.0,3237.0,emnid,T
2012-01-29,34.0,29.0,15.0,3.0,7.0,0.0,0.0,0.0,4.0,2795.0,emnid,T
2012-01-22,35.0,29.0,15.0,3.0,7.0,0.0,0.0,0.0,4.0,2787.0,emnid,T
2012-01-15,35.0,29.0,16.0,3.0,7.0,0.0,0.0,0.0,3.0,1856.0,emnid,T
2012-01-08,35.0,29.0,16.0,3.0,7.0,0.0,0.0,0.0,3.0,1855.0,emnid,T
2011-12-25,35.0,30.0,15.0,3.0,7.0,0.0,0.0,0.0,3.0,2728.0,emnid,T
2011-12-18,34.0,30.0,15.0,3.0,7.0,0.0,0.0,0.0,4.0,3203.0,emnid,T
2011-12-11,35.0,30.0,14.0,3.0,7.0,0.0,0.0,0.0,4.0,3635.0,emnid,T
2011-12-04,34.0,28.0,15.0,3.0,8.0,0.0,0.0,0.0,5.0,3255.0,emnid,T
2011-11-27,34.0,29.0,15.0,3.0,8.0,0.0,0.0,0.0,4.0,2324.0,emnid,T
2011-11-20,33.0,30.0,16.0,3.0,8.0,0.0,0.0,0.0,3.0,3254.0,emnid,T
2011-11-13,33.0,30.0,15.0,4.0,8.0,0.0,0.0,0.0,3.0,2351.0,emnid,T
2011-11-06,32.0,29.0,15.0,4.0,8.0,0.0,0.0,0.0,4.0,2363.0,emnid,T
2011-10-30,30.0,28.0,17.0,3.0,8.0,0.0,0.0,0.0,4.0,2325.0,emnid,T
2011-10-23,32.0,28.0,16.0,3.0,7.0,0.0,0.0,0.0,4.0,1888.0,emnid,T
2011-10-16,32.0,28.0,16.0,4.0,7.0,0.0,0.0,0.0,4.0,2350.0,emnid,T
2011-10-09,32.0,28.0,17.0,3.0,7.0,0.0,0.0,0.0,4.0,3257.0,emnid,T
2011-10-02,32.0,28.0,17.0,4.0,7.0,0.0,0.0,0.0,5.0,2806.0,emnid,T
2011-09-25,33.0,30.0,18.0,4.0,8.0,0.0,0.0,0.0,7.0,2803.0,emnid,T
2011-09-18,32.0,30.0,19.0,4.0,8.0,0.0,0.0,0.0,7.0,2808.0,emnid,T
2011-09-11,33.0,30.0,19.0,4.0,8.0,0.0,0.0,0.0,6.0,2844.0,emnid,T
2011-09-04,32.0,28.0,21.0,4.0,8.0,0.0,0.0,0.0,7.0,2854.0,emnid,T
2011-08-28,32.0,28.0,20.0,5.0,8.0,0.0,0.0,0.0,7.0,1873.0,emnid,T
2011-08-21,31.0,29.0,20.0,5.0,8.0,0.0,0.0,0.0,7.0,2814.0,emnid,T
2011-08-14,33.0,27.0,21.0,4.0,9.0,0.0,0.0,0.0,6.0,2366.0,emnid,T
2011-08-07,33.0,28.0,21.0,5.0,8.0,0.0,0.0,0.0,5.0,2363.0,emnid,T
2011-07-31,33.0,28.0,22.0,4.0,8.0,0.0,0.0,0.0,5.0,3291.0,emnid,T
2011-07-24,33.0,27.0,22.0,4.0,9.0,0.0,0.0,0.0,5.0,3299.0,emnid,T
2011-07-17,32.0,27.0,21.0,5.0,9.0,0.0,0.0,0.0,6.0,1886.0,emnid,T
2011-07-10,33.0,27.0,21.0,5.0,8.0,0.0,0.0,0.0,6.0,1857.0,emnid,T
2011-07-03,34.0,26.0,21.0,5.0,8.0,0.0,0.0,0.0,6.0,1857.0,emnid,T
2011-06-26,32.0,26.0,22.0,6.0,8.0,0.0,0.0,0.0,6.0,2812.0,emnid,T
2011-06-19,32.0,25.0,23.0,5.0,9.0,0.0,0.0,0.0,6.0,2327.0,emnid,T
2011-06-12,34.0,26.0,22.0,4.0,8.0,0.0,0.0,0.0,6.0,3705.0,emnid,T
2011-06-05,33.0,25.0,23.0,5.0,8.0,0.0,0.0,0.0,6.0,2766.0,emnid,T
2011-05-29,34.0,26.0,21.0,6.0,8.0,0.0,0.0,0.0,5.0,2769.0,emnid,T
2011-05-22,34.0,26.0,21.0,5.0,8.0,0.0,0.0,0.0,6.0,2319.0,emnid,T
2011-05-15,33.0,24.0,22.0,5.0,9.0,0.0,0.0,0.0,7.0,2770.0,emnid,T
2011-05-08,33.0,24.0,23.0,5.0,9.0,0.0,0.0,0.0,6.0,2291.0,emnid,T
2011-05-01,34.0,24.0,24.0,4.0,8.0,0.0,0.0,0.0,6.0,1881.0,emnid,T
2011-04-24,33.0,25.0,23.0,4.0,8.0,0.0,0.0,0.0,7.0,3268.0,emnid,T
2011-04-17,32.0,23.0,24.0,5.0,9.0,0.0,0.0,0.0,7.0,4193.0,emnid,T
2011-04-10,33.0,25.0,24.0,4.0,8.0,0.0,0.0,0.0,6.0,1862.0,emnid,T
2011-04-03,33.0,26.0,23.0,5.0,8.0,0.0,0.0,0.0,5.0,2777.0,emnid,T
2011-03-27,34.0,27.0,20.0,4.0,9.0,0.0,0.0,0.0,6.0,2793.0,emnid,T
2011-03-20,34.0,28.0,18.0,5.0,9.0,0.0,0.0,0.0,6.0,3723.0,emnid,T
2011-03-13,35.0,28.0,15.0,6.0,10.0,0.0,0.0,0.0,6.0,3757.0,emnid,T
2011-03-06,33.0,29.0,15.0,7.0,9.0,0.0,0.0,0.0,7.0,2827.0,emnid,T
2011-02-27,35.0,28.0,16.0,6.0,9.0,0.0,0.0,0.0,6.0,5152.0,emnid,T
2011-02-20,35.0,25.0,19.0,6.0,9.0,0.0,0.0,0.0,6.0,3265.0,emnid,T
2011-02-13,34.0,25.0,19.0,6.0,10.0,0.0,0.0,0.0,6.0,2827.0,emnid,T
2011-02-06,35.0,27.0,17.0,5.0,10.0,0.0,0.0,0.0,6.0,2790.0,emnid,T
2011-01-30,36.0,28.0,18.0,4.0,9.0,0.0,0.0,0.0,5.0,3298.0,emnid,T
2011-01-23,35.0,27.0,19.0,5.0,9.0,0.0,0.0,0.0,5.0,4256.0,emnid,T
2011-01-16,35.0,26.0,19.0,5.0,9.0,0.0,0.0,0.0,6.0,3286.0,emnid,T
2011-01-09,35.0,26.0,20.0,5.0,9.0,0.0,0.0,0.0,5.0,1910.0,emnid,T
2010-12-26,34.0,27.0,19.0,5.0,10.0,0.0,0.0,0.0,5.0,3267.0,emnid,T
2010-12-19,34.0,26.0,20.0,5.0,10.0,0.0,0.0,0.0,5.0,4159.0,emnid,T
2010-12-12,35.0,25.0,19.0,5.0,10.0,0.0,0.0,0.0,6.0,2819.0,emnid,T
2010-12-05,34.0,24.0,20.0,5.0,10.0,0.0,0.0,0.0,7.0,3271.0,emnid,T
2010-11-28,33.0,24.0,21.0,6.0,9.0,0.0,0.0,0.0,7.0,3288.0,emnid,T
2010-11-21,32.0,26.0,20.0,6.0,10.0,0.0,0.0,0.0,6.0,3749.0,emnid,T
2010-11-14,31.0,27.0,22.0,5.0,10.0,0.0,0.0,0.0,5.0,3281.0,emnid,T
2010-11-10,31.0,27.0,21.0,6.0,10.0,0.0,0.0,0.0,5.0,3281.0,emnid,T
2010-11-03,31.0,25.0,22.0,5.0,11.0,0.0,0.0,0.0,6.0,3712.0,emnid,T
2010-10-27,31.0,25.0,22.0,5.0,10.0,0.0,0.0,0.0,7.0,3261.0,emnid,T
2010-10-20,30.0,26.0,23.0,5.0,10.0,0.0,0.0,0.0,6.0,4204.0,emnid,T
2010-10-13,30.0,27.0,22.0,5.0,10.0,0.0,0.0,0.0,6.0,4657.0,emnid,T
2010-10-06,31.0,28.0,20.0,6.0,9.0,0.0,0.0,0.0,6.0,4196.0,emnid,T
2010-09-29,30.0,28.0,20.0,6.0,10.0,0.0,0.0,0.0,6.0,3271.0,emnid,T
2010-09-22,31.0,26.0,20.0,6.0,11.0,0.0,0.0,0.0,6.0,3228.0,emnid,T
2010-09-15,31.0,28.0,18.0,6.0,11.0,0.0,0.0,0.0,6.0,2329.0,emnid,T
2010-09-08,31.0,28.0,19.0,6.0,11.0,0.0,0.0,0.0,5.0,3253.0,emnid,T
2010-09-01,31.0,30.0,18.0,6.0,10.0,0.0,0.0,0.0,5.0,3282.0,emnid,T
2010-08-25,31.0,28.0,18.0,7.0,10.0,0.0,0.0,0.0,6.0,3251.0,emnid,T
2010-08-18,32.0,29.0,17.0,6.0,10.0,0.0,0.0,0.0,6.0,3757.0,emnid,T
2010-08-11,31.0,30.0,17.0,6.0,11.0,0.0,0.0,0.0,5.0,3308.0,emnid,T
2010-08-04,31.0,29.0,16.0,7.0,11.0,0.0,0.0,0.0,6.0,4681.0,emnid,T
2010-07-28,32.0,29.0,16.0,6.0,11.0,0.0,0.0,0.0,6.0,3291.0,emnid,T
2010-07-21,32.0,30.0,16.0,5.0,11.0,0.0,0.0,0.0,6.0,3729.0,emnid,T
2010-07-14,31.0,30.0,16.0,6.0,11.0,0.0,0.0,0.0,6.0,3272.0,emnid,T
2010-07-07,31.0,28.0,17.0,6.0,11.0,0.0,0.0,0.0,7.0,3240.0,emnid,T
2010-06-30,32.0,29.0,16.0,6.0,12.0,0.0,0.0,0.0,5.0,3678.0,emnid,T
2010-06-23,32.0,28.0,16.0,6.0,13.0,0.0,0.0,0.0,5.0,3675.0,emnid,T
2010-06-16,31.0,29.0,15.0,6.0,12.0,0.0,0.0,0.0,7.0,2318.0,emnid,T
2010-06-09,32.0,27.0,15.0,7.0,13.0,0.0,0.0,0.0,6.0,2776.0,emnid,T
2010-06-02,31.0,27.0,16.0,7.0,13.0,0.0,0.0,0.0,6.0,3260.0,emnid,T
2010-05-26,31.0,28.0,16.0,8.0,12.0,0.0,0.0,0.0,5.0,2295.0,emnid,T
2010-05-19,31.0,28.0,15.0,8.0,12.0,0.0,0.0,0.0,6.0,2787.0,emnid,T
2010-05-12,34.0,26.0,15.0,8.0,11.0,0.0,0.0,0.0,6.0,3218.0,emnid,T
2010-05-05,34.0,26.0,16.0,9.0,10.0,0.0,0.0,0.0,5.0,2752.0,emnid,T
2010-04-28,36.0,25.0,15.0,9.0,10.0,0.0,0.0,0.0,5.0,3226.0,emnid,T
2010-04-21,35.0,25.0,14.0,9.0,11.0,0.0,0.0,0.0,6.0,4164.0,emnid,T
2010-04-14,35.0,25.0,15.0,8.0,12.0,0.0,0.0,0.0,5.0,2807.0,emnid,T
2010-04-07,34.0,26.0,14.0,9.0,12.0,0.0,0.0,0.0,5.0,2315.0,emnid,T
2010-03-31,35.0,25.0,14.0,9.0,12.0,0.0,0.0,0.0,5.0,3713.0,emnid,T
2010-03-24,35.0,25.0,14.0,9.0,11.0,0.0,0.0,0.0,6.0,3256.0,emnid,T
2010-03-17,35.0,24.0,15.0,9.0,11.0,0.0,0.0,0.0,6.0,3735.0,emnid,T
2010-03-10,34.0,25.0,14.0,10.0,12.0,0.0,0.0,0.0,5.0,4197.0,emnid,T
2010-03-03,34.0,24.0,15.0,10.0,12.0,0.0,0.0,0.0,5.0,3247.0,emnid,T
2010-02-24,34.0,25.0,14.0,10.0,12.0,0.0,0.0,0.0,5.0,3260.0,emnid,T
2010-02-17,35.0,24.0,15.0,9.0,12.0,0.0,0.0,0.0,5.0,2327.0,emnid,T
2010-02-10,36.0,25.0,14.0,9.0,11.0,0.0,0.0,0.0,5.0,3258.0,emnid,T
2010-02-03,36.0,25.0,12.0,10.0,11.0,0.0,0.0,0.0,6.0,3256.0,emnid,T
2010-01-27,35.0,24.0,13.0,10.0,12.0,0.0,0.0,0.0,6.0,3280.0,emnid,T
2010-01-20,35.0,24.0,13.0,11.0,11.0,0.0,0.0,0.0,6.0,4219.0,emnid,T
2010-01-13,34.0,23.0,13.0,12.0,12.0,0.0,0.0,0.0,6.0,4220.0,emnid,T
2009-12-23,34.0,24.0,12.0,12.0,12.0,0.0,0.0,0.0,6.0,3707.0,emnid,T
2009-12-16,34.0,23.0,13.0,12.0,12.0,0.0,0.0,0.0,6.0,3678.0,emnid,T
2009-12-09,34.0,23.0,13.0,12.0,12.0,0.0,0.0,0.0,6.0,4611.0,emnid,T
2009-12-02,35.0,23.0,12.0,12.0,12.0,0.0,0.0,0.0,6.0,4165.0,emnid,T
2009-11-25,34.0,23.0,12.0,13.0,13.0,0.0,0.0,0.0,5.0,4177.0,emnid,T
2009-11-18,34.0,22.0,13.0,12.0,13.0,0.0,0.0,0.0,6.0,5081.0,emnid,T
2009-11-11,34.0,21.0,13.0,13.0,13.0,0.0,0.0,0.0,6.0,3251.0,emnid,T
2009-11-04,33.0,22.0,13.0,14.0,13.0,0.0,0.0,0.0,5.0,2761.0,emnid,T
2009-10-28,34.0,21.0,12.0,14.0,14.0,0.0,0.0,0.0,5.0,3235.0,emnid,T
2009-10-21,34.0,21.0,12.0,14.0,13.0,0.0,0.0,0.0,6.0,3235.0,emnid,T
2009-10-14,34.0,20.0,11.0,15.0,14.0,0.0,0.0,0.0,6.0,3242.0,emnid,T
2009-10-07,33.0,21.0,11.0,15.0,14.0,0.0,0.0,0.0,6.0,2766.0,emnid,T
2009-09-17,35.0,25.0,11.0,13.0,12.0,0.0,0.0,0.0,4.0,1411.0,emnid,T
2009-09-09,35.0,24.0,12.0,13.0,12.0,0.0,0.0,0.0,4.0,3718.0,emnid,T
2009-09-03,34.0,26.0,11.0,14.0,11.0,0.0,0.0,0.0,4.0,1833.0,emnid,T
2009-09-02,35.0,24.0,11.0,14.0,11.0,0.0,0.0,0.0,5.0,3195.0,emnid,T
2009-08-26,36.0,24.0,12.0,14.0,10.0,0.0,0.0,0.0,4.0,3281.0,emnid,T
2009-08-19,36.0,23.0,12.0,14.0,10.0,0.0,0.0,0.0,5.0,3737.0,emnid,T
2009-08-12,35.0,24.0,12.0,14.0,11.0,0.0,0.0,0.0,4.0,3727.0,emnid,T
2009-08-05,35.0,23.0,12.0,15.0,11.0,0.0,0.0,0.0,4.0,2340.0,emnid,T
2009-07-29,35.0,24.0,11.0,15.0,11.0,0.0,0.0,0.0,4.0,2798.0,emnid,T
2009-07-22,36.0,23.0,11.0,14.0,12.0,0.0,0.0,0.0,4.0,3245.0,emnid,T
2009-07-15,36.0,23.0,12.0,13.0,11.0,0.0,0.0,0.0,5.0,4189.0,emnid,T
2009-07-09,36.0,24.0,11.0,14.0,11.0,0.0,0.0,0.0,4.0,3235.0,emnid,T
2009-06-30,35.0,24.0,12.0,14.0,11.0,0.0,0.0,0.0,4.0,3205.0,emnid,T
2009-06-23,36.0,24.0,11.0,14.0,11.0,0.0,0.0,0.0,4.0,4142.0,emnid,T
2009-06-17,35.0,26.0,12.0,14.0,10.0,0.0,0.0,0.0,3.0,3674.0,emnid,T
2009-06-10,35.0,25.0,12.0,14.0,10.0,0.0,0.0,0.0,4.0,4133.0,emnid,T
2009-06-03,34.0,26.0,11.0,14.0,11.0,0.0,0.0,0.0,4.0,3206.0,emnid,T
2009-05-27,34.0,27.0,10.0,14.0,11.0,0.0,0.0,0.0,4.0,4113.0,emnid,T
2009-05-20,35.0,27.0,11.0,13.0,10.0,0.0,0.0,0.0,4.0,4572.0,emnid,T
2009-05-12,34.0,28.0,10.0,13.0,11.0,0.0,0.0,0.0,4.0,3207.0,emnid,T
2009-05-05,36.0,26.0,9.0,14.0,11.0,0.0,0.0,0.0,4.0,3169.0,emnid,T
2009-04-29,35.0,27.0,10.0,14.0,10.0,0.0,0.0,0.0,4.0,3179.0,emnid,T
2009-04-21,34.0,28.0,10.0,13.0,11.0,0.0,0.0,0.0,4.0,3671.0,emnid,T
2009-04-15,34.0,27.0,10.0,14.0,11.0,0.0,0.0,0.0,4.0,2749.0,emnid,T
2009-04-08,34.0,26.0,10.0,15.0,11.0,0.0,0.0,0.0,4.0,3201.0,emnid,T
2009-03-31,33.0,27.0,9.0,16.0,12.0,0.0,0.0,0.0,3.0,3199.0,emnid,T
2009-03-24,33.0,27.0,10.0,15.0,12.0,0.0,0.0,0.0,3.0,2265.0,emnid,T
2009-03-17,33.0,25.0,11.0,16.0,11.0,0.0,0.0,0.0,4.0,3679.0,emnid,T
2009-03-10,33.0,26.0,10.0,16.0,11.0,0.0,0.0,0.0,4.0,4154.0,emnid,T
2009-03-03,32.0,26.0,11.0,15.0,12.0,0.0,0.0,0.0,4.0,3675.0,emnid,T
2009-02-25,33.0,24.0,11.0,17.0,12.0,0.0,0.0,0.0,3.0,4595.0,emnid,T
2009-02-17,34.0,24.0,12.0,16.0,11.0,0.0,0.0,0.0,3.0,4666.0,emnid,T
2009-02-10,33.0,24.0,11.0,16.0,12.0,0.0,0.0,0.0,4.0,5115.0,emnid,T
2009-02-04,34.0,24.0,11.0,16.0,12.0,0.0,0.0,0.0,3.0,5120.0,emnid,T
2009-01-27,34.0,23.0,12.0,15.0,12.0,0.0,0.0,0.0,4.0,5570.0,emnid,T
2009-01-21,35.0,25.0,11.0,13.0,12.0,0.0,0.0,0.0,4.0,4193.0,emnid,T
2009-01-14,36.0,26.0,10.0,12.0,12.0,0.0,0.0,0.0,4.0,4653.0,emnid,T
2009-01-07,36.0,25.0,11.0,12.0,11.0,0.0,0.0,0.0,5.0,2324.0,emnid,T
2026-09-01,21.0,12.0,16.0,4.0,12.0,28.0,0.0,0.0,7.0,2504.0,forsa,T
2026-08-25,21.0,12.0,16.0,4.0,12.0,28.0,0.0,0.0,7.0,2501.0,forsa,T
2026-08-18,21.0,12.0,16.0,4.0,12.0,28.0,0.0,0.0,7.0,2504.0,forsa,T
2026-08-11,21.0,12.0,16.0,4.0,12.0,28.0,0.0,0.0,7.0,2503.0,forsa,T
2026-08-04,21.0,12.0,16.0,4.0,12.0,28.0,0.0,0.0,7.0,2501.0,forsa,T
2026-07-28,21.0,12.0,16.0,4.0,13.0,27.0,0.0,0.0,7.0,2502.0,forsa,T
2026-07-21,22.0,12.0,16.0,4.0,12.0,26.0,0.0,0.0,8.0,2502.0,forsa,T
2026-07-14,22.0,12.0,16.0,4.0,12.0,26.0,0.0,0.0,8.0,2503.0,forsa,T
2026-07-07,22.0,12.0,15.0,4.0,12.0,26.0,0.0,3.0,6.0,2502.0,forsa,T
2026-06-30,22.0,12.0,15.0,4.0,12.0,26.0,0.0,3.0,6.0,2505.0,forsa,T
2026-06-23,22.0,12.0,15.0,4.0,11.0,27.0,0.0,3.0,6.0,2504.0,forsa,T
2026-06-16,21.0,12.0,15.0,5.0,11.0,27.0,0.0,3.0,6.0,2500.0,forsa,T
2026-06-09,22.0,11.0,15.0,5.0,11.0,27.0,0.0,3.0,6.0,2502.0,forsa,T
2026-06-02,21.0,12.0,15.0,5.0,11.0,27.0,0.0,3.0,6.0,2502.0,forsa,T
2026-05-26,22.0,12.0,15.0,4.0,11.0,27.0,0.0,3.0,6.0,2002.0,forsa,T
2026-05-19,22.0,12.0,14.0,4.0,11.0,28.0,0.0,3.0,6.0,2000.0,forsa,T
2026-05-12,22.0,12.0,15.0,4.0,11.0,27.0,0.0,0.0,9.0,2501.0,forsa,T
2026-05-05,22.0,12.0,16.0,4.0,11.0,27.0,0.0,0.0,8.0,2002.0,forsa,T
2026-04-28,22.0,12.0,15.0,4.0,12.0,27.0,0.0,0.0,8.0,2503.0,forsa,T
2026-04-21,24.0,12.0,15.0,4.0,11.0,26.0,0.0,0.0,8.0,2502.0,forsa,T
2026-04-14,24.0,12.0,15.0,4.0,11.0,26.0,0.0,0.0,8.0,2502.0,forsa,T
2026-04-07,26.0,12.0,15.0,0.0,10.0,26.0,0.0,0.0,11.0,1503.0,forsa,T
2026-03-31,26.0,12.0,15.0,0.0,10.0,25.0,0.0,3.0,9.0,2504.0,forsa,T
2026-03-24,26.0,12.0,15.0,0.0,10.0,25.0,0.0,3.0,9.0,2501.0,forsa,T
2026-03-17,27.0,12.0,15.0,0.0,11.0,23.0,0.0,3.0,9.0,2503.0,forsa,T
2026-03-10,26.0,14.0,12.0,3.0,11.0,24.0,0.0,3.0,7.0,2502.0,forsa,T
2026-03-03,26.0,14.0,12.0,3.0,11.0,24.0,0.0,3.0,7.0,2503.0,forsa,T
2026-02-24,26.0,14.0,12.0,3.0,11.0,24.0,0.0,3.0,7.0,2504.0,forsa,T
2026-02-17,26.0,14.0,12.0,3.0,10.0,25.0,0.0,3.0,7.0,2504.0,forsa,T
2026-02-10,26.0,14.0,13.0,3.0,11.0,24.0,0.0,3.0,6.0,2503.0,forsa,T
2026-02-03,26.0,14.0,12.0,3.0,11.0,24.0,0.0,3.0,7.0,2503.0,forsa,T
2026-01-27,26.0,14.0,12.0,3.0,11.0,24.0,0.0,3.0,7.0,2501.0,forsa,T
2026-01-20,25.0,14.0,12.0,3.0,10.0,26.0,0.0,3.0,7.0,2501.0,forsa,T
2026-01-13,24.0,13.0,13.0,3.0,11.0,26.0,0.0,3.0,7.0,3004.0,forsa,T
2025-12-23,24.0,13.0,13.0,3.0,11.0,26.0,0.0,3.0,7.0,2003.0,forsa,T
2025-12-16,24.0,13.0,13.0,3.0,11.0,26.0,0.0,3.0,7.0,2503.0,forsa,T
2025-12-09,24.0,14.0,12.0,3.0,11.0,26.0,0.0,3.0,7.0,2503.0,forsa,T
2025-12-02,25.0,14.0,12.0,3.0,11.0,26.0,0.0,3.0,6.0,2501.0,forsa,T
2025-11-25,25.0,14.0,12.0,3.0,11.0,26.0,0.0,3.0,6.0,2501.0,forsa,T
2025-11-18,25.0,14.0,12.0,3.0,11.0,26.0,0.0,0.0,9.0,2502.0,forsa,T
2025-11-11,24.0,14.0,12.0,3.0,11.0,26.0,0.0,3.0,7.0,2503.0,forsa,T
2025-11-04,24.0,14.0,12.0,3.0,12.0,26.0,0.0,3.0,6.0,2500.0,forsa,T
2025-10-28,25.0,13.0,12.0,3.0,12.0,26.0,0.0,3.0,6.0,2502.0,forsa,T
2025-10-21,24.0,14.0,12.0,3.0,11.0,26.0,0.0,4.0,6.0,2505.0,forsa,T
2025-10-14,24.0,13.0,12.0,3.0,12.0,26.0,0.0,4.0,6.0,2500.0,forsa,T
2025-10-07,24.0,13.0,12.0,3.0,12.0,26.0,0.0,4.0,6.0,2001.0,forsa,T
2025-09-30,24.0,13.0,12.0,3.0,11.0,27.0,0.0,4.0,6.0,2504.0,forsa,T
2025-09-23,25.0,13.0,11.0,3.0,11.0,27.0,0.0,4.0,6.0,2504.0,forsa,T
2025-09-16,25.0,14.0,12.0,3.0,11.0,25.0,0.0,4.0,6.0,2502.0,forsa,T
2025-09-09,25.0,14.0,11.0,3.0,12.0,26.0,0.0,3.0,7.0,2500.0,forsa,T
2025-09-02,25.0,14.0,11.0,3.0,12.0,26.0,0.0,3.0,7.0,2502.0,forsa,T
2025-08-26,25.0,13.0,12.0,3.0,11.0,26.0,0.0,3.0,7.0,2501.0,forsa,T
2025-08-19,25.0,13.0,12.0,3.0,12.0,26.0,0.0,3.0,6.0,2502.0,forsa,T
2025-08-12,24.0,13.0,13.0,3.0,11.0,26.0,0.0,4.0,6.0,2505.0,forsa,T
2025-08-05,25.0,13.0,12.0,3.0,12.0,25.0,0.0,4.0,6.0,2503.0,forsa,T
2025-07-29,26.0,13.0,12.0,3.0,12.0,25.0,0.0,3.0,6.0,2502.0,forsa,T
2025-07-22,25.0,13.0,12.0,3.0,12.0,25.0,0.0,4.0,6.0,2502.0,forsa,T
2025-07-15,26.0,13.0,12.0,4.0,11.0,24.0,0.0,4.0,6.0,2503.0,forsa,T
2025-07-08,27.0,13.0,12.0,3.0,11.0,24.0,0.0,4.0,6.0,2503.0,forsa,T
2025-07-01,28.0,14.0,11.0,3.0,11.0,24.0,0.0,3.0,6.0,2501.0,forsa,T
2025-06-23,28.0,14.0,11.0,3.0,11.0,24.0,0.0,3.0,6.0,2003.0,forsa,T
2025-06-17,28.0,14.0,11.0,4.0,10.0,23.0,0.0,4.0,6.0,2502.0,forsa,T
2025-06-10,27.0,14.0,11.0,4.0,11.0,24.0,0.0,3.0,6.0,2002.0,forsa,T
2025-06-03,27.0,15.0,12.0,3.0,11.0,23.0,0.0,3.0,6.0,2002.0,forsa,T
2025-05-27,26.0,15.0,11.0,4.0,11.0,24.0,0.0,3.0,6.0,2501.0,forsa,T
2025-05-20,26.0,15.0,11.0,4.0,11.0,24.0,0.0,3.0,6.0,2504.0,forsa,T
2025-05-13,25.0,15.0,11.0,3.0,10.0,25.0,0.0,4.0,7.0,3001.0,forsa,T
2025-05-05,25.0,15.0,12.0,3.0,10.0,25.0,0.0,3.0,7.0,1503.0,forsa,T
2025-04-29,24.0,14.0,12.0,3.0,10.0,26.0,0.0,4.0,7.0,2004.0,forsa,T
2025-04-22,25.0,15.0,11.0,4.0,9.0,26.0,0.0,4.0,6.0,1502.0,forsa,T
2025-04-15,25.0,15.0,12.0,3.0,10.0,24.0,0.0,4.0,7.0,2502.0,forsa,T
2025-04-08,25.0,15.0,12.0,3.0,10.0,24.0,0.0,4.0,7.0,2501.0,forsa,T
2025-04-01,25.0,15.0,12.0,4.0,10.0,24.0,0.0,4.0,6.0,2508.0,forsa,T
2025-03-25,26.0,15.0,12.0,4.0,10.0,23.0,0.0,4.0,6.0,2502.0,forsa,T
2025-03-18,27.0,14.0,12.0,4.0,11.0,23.0,0.0,3.0,6.0,2501.0,forsa,T
2025-03-11,28.0,15.0,11.0,4.0,11.0,22.0,0.0,3.0,6.0,2504.0,forsa,T
2025-03-04,28.0,15.0,11.0,3.0,12.0,22.0,0.0,3.0,6.0,3001.0,forsa,T
2025-02-21,29.0,15.0,13.0,5.0,8.0,21.0,0.0,3.0,6.0,2002.0,forsa,T
2025-02-18,30.0,16.0,13.0,5.0,7.0,20.0,0.0,4.0,5.0,2501.0,forsa,T
2025-02-16,30.0,16.0,13.0,5.0,7.0,20.0,0.0,4.0,5.0,2005.0,forsa,T
2025-02-11,29.0,16.0,14.0,4.0,6.0,20.0,0.0,4.0,7.0,2502.0,forsa,T
2025-02-04,28.0,16.0,15.0,4.0,5.0,20.0,0.0,4.0,8.0,2503.0,forsa,T
2025-01-28,30.0,16.0,14.0,4.0,4.0,20.0,0.0,3.0,9.0,2504.0,forsa,T
2025-01-21,31.0,16.0,13.0,4.0,3.0,19.0,0.0,4.0,10.0,2502.0,forsa,T
2025-01-14,31.0,16.0,13.0,4.0,3.0,20.0,0.0,4.0,9.0,2504.0,forsa,T
2025-01-07,32.0,17.0,12.0,3.0,3.0,19.0,0.0,4.0,10.0,1501.0,forsa,T
2024-12-23,31.0,16.0,13.0,3.0,4.0,19.0,0.0,4.0,10.0,2008.0,forsa,T
2024-12-17,30.0,17.0,13.0,4.0,3.0,19.0,0.0,4.0,10.0,2501.0,forsa,T
2024-12-10,31.0,17.0,13.0,4.0,3.0,18.0,0.0,4.0,10.0,2501.0,forsa,T
2024-12-03,32.0,16.0,12.0,3.0,4.0,18.0,0.0,4.0,11.0,2502.0,forsa,T
2024-11-26,32.0,15.0,12.0,4.0,4.0,18.0,0.0,4.0,11.0,2500.0,forsa,T
2024-11-19,33.0,15.0,11.0,4.0,4.0,18.0,0.0,4.0,11.0,2500.0,forsa,T
2024-11-12,33.0,16.0,11.0,4.0,3.0,17.0,0.0,5.0,11.0,2501.0,forsa,T
2024-11-07,32.0,17.0,11.0,3.0,3.0,17.0,0.0,6.0,11.0,1181.0,forsa,T
2024-11-05,33.0,16.0,10.0,3.0,3.0,16.0,0.0,6.0,13.0,2500.0,forsa,T
2024-10-29,32.0,16.0,9.0,4.0,3.0,17.0,0.0,7.0,12.0,2503.0,forsa,T
2024-10-22,31.0,16.0,11.0,3.0,3.0,17.0,0.0,7.0,12.0,2500.0,forsa,T
2024-10-15,31.0,16.0,10.0,4.0,3.0,17.0,0.0,7.0,12.0,2501.0,forsa,T
2024-10-08,31.0,17.0,11.0,3.0,3.0,17.0,0.0,6.0,12.0,2001.0,forsa,T
2024-10-01,31.0,17.0,10.0,4.0,3.0,17.0,0.0,6.0,12.0,2501.0,forsa,T
2024-09-24,32.0,15.0,11.0,4.0,0.0,17.0,0.0,7.0,14.0,2500.0,forsa,T
2024-09-17,31.0,15.0,11.0,4.0,3.0,17.0,0.0,6.0,13.0,2501.0,forsa,T
2024-09-10,33.0,14.0,11.0,3.0,3.0,17.0,0.0,7.0,12.0,2500.0,forsa,T
2024-09-03,32.0,14.0,11.0,5.0,3.0,17.0,0.0,7.0,11.0,2508.0,forsa,T
2024-08-27,31.0,15.0,11.0,5.0,3.0,17.0,0.0,7.0,11.0,2501.0,forsa,T
2024-08-20,31.0,15.0,11.0,5.0,3.0,17.0,0.0,7.0,11.0,2503.0,forsa,T
2024-08-13,30.0,15.0,11.0,5.0,3.0,17.0,0.0,7.0,12.0,2502.0,forsa,T
2024-08-06,30.0,15.0,11.0,5.0,3.0,17.0,3.0,7.0,9.0,2500.0,forsa,T
2024-07-30,30.0,15.0,11.0,4.0,3.0,17.0,0.0,7.0,13.0,2501.0,forsa,T
2024-07-23,31.0,14.0,11.0,5.0,4.0,17.0,0.0,7.0,11.0,2504.0,forsa,T
2024-07-16,32.0,14.0,11.0,5.0,3.0,16.0,0.0,7.0,12.0,2503.0,forsa,T
2024-07-09,30.0,14.0,11.0,5.0,0.0,17.0,0.0,8.0,15.0,2504.0,forsa,T
2024-07-02,31.0,15.0,11.0,6.0,0.0,16.0,0.0,7.0,14.0,2506.0,forsa,T
2024-06-25,31.0,15.0,11.0,5.0,0.0,16.0,3.0,7.0,12.0,2505.0,forsa,T
2024-06-18,30.0,15.0,12.0,5.0,0.0,16.0,3.0,7.0,12.0,2504.0,forsa,T
2024-06-11,30.0,16.0,13.0,6.0,0.0,16.0,0.0,6.0,13.0,2505.0,forsa,T
2024-06-04,30.0,17.0,13.0,6.0,0.0,15.0,0.0,6.0,13.0,2506.0,forsa,T
2024-05-28,30.0,16.0,13.0,6.0,0.0,15.0,0.0,6.0,14.0,2503.0,forsa,T
2024-05-21,32.0,16.0,14.0,5.0,0.0,15.0,0.0,5.0,13.0,2001.0,forsa,T
2024-05-14,32.0,16.0,13.0,5.0,3.0,15.0,0.0,5.0,11.0,2006.0,forsa,T
2024-05-07,31.0,16.0,12.0,6.0,3.0,15.0,0.0,4.0,13.0,2000.0,forsa,T
2024-04-30,30.0,17.0,12.0,5.0,3.0,16.0,0.0,4.0,13.0,2505.0,forsa,T
2024-04-23,31.0,16.0,12.0,5.0,0.0,16.0,0.0,5.0,15.0,2501.0,forsa,T
2024-04-16,31.0,16.0,12.0,5.0,0.0,17.0,0.0,5.0,14.0,2505.0,forsa,T
2024-04-09,30.0,16.0,13.0,5.0,0.0,17.0,0.0,5.0,14.0,2506.0,forsa,T
2024-04-02,31.0,16.0,13.0,4.0,0.0,17.0,0.0,5.0,14.0,1508.0,forsa,T
2024-03-26,31.0,16.0,13.0,4.0,3.0,17.0,3.0,5.0,8.0,2503.0,forsa,T
2024-03-19,31.0,16.0,13.0,4.0,3.0,17.0,3.0,5.0,8.0,2500.0,forsa,T
2024-03-12,30.0,15.0,14.0,5.0,3.0,17.0,3.0,5.0,8.0,2502.0,forsa,T
2024-03-05,31.0,15.0,14.0,5.0,3.0,17.0,3.0,4.0,8.0,2506.0,forsa,T
2024-02-27,30.0,14.0,15.0,5.0,3.0,17.0,3.0,4.0,9.0,2503.0,forsa,T
2024-02-20,30.0,15.0,14.0,5.0,3.0,17.0,3.0,4.0,9.0,2504.0,forsa,T
2024-02-13,31.0,15.0,14.0,4.0,3.0,18.0,0.0,5.0,10.0,2502.0,forsa,T
2024-02-06,31.0,15.0,14.0,4.0,3.0,18.0,3.0,5.0,7.0,2503.0,forsa,T
2024-01-30,32.0,15.0,14.0,3.0,3.0,19.0,3.0,3.0,8.0,2506.0,forsa,T
2024-01-23,31.0,14.0,14.0,4.0,4.0,20.0,3.0,3.0,7.0,2503.0,forsa,T
2024-01-16,31.0,13.0,14.0,4.0,4.0,22.0,3.0,0.0,9.0,2504.0,forsa,T
2024-01-09,30.0,15.0,14.0,4.0,4.0,22.0,3.0,0.0,8.0,2502.0,forsa,T
2023-12-19,31.0,14.0,13.0,5.0,3.0,23.0,0.0,0.0,11.0,2501.0,forsa,T
2023-12-12,31.0,14.0,13.0,5.0,4.0,22.0,0.0,0.0,11.0,2501.0,forsa,T
2023-12-05,30.0,14.0,14.0,5.0,4.0,22.0,0.0,0.0,11.0,2501.0,forsa,T
2023-11-28,30.0,14.0,15.0,5.0,4.0,21.0,0.0,0.0,11.0,2500.0,forsa,T
2023-11-21,30.0,15.0,14.0,5.0,3.0,21.0,3.0,0.0,9.0,2501.0,forsa,T
2023-11-14,30.0,14.0,14.0,5.0,4.0,21.0,3.0,0.0,9.0,2504.0,forsa,T
2023-11-07,29.0,15.0,14.0,5.0,4.0,21.0,3.0,0.0,9.0,2502.0,forsa,T
2023-10-31,29.0,15.0,14.0,5.0,3.0,22.0,3.0,0.0,9.0,2501.0,forsa,T
2023-10-24,31.0,14.0,14.0,5.0,4.0,21.0,3.0,0.0,8.0,2504.0,forsa,T
2023-10-17,32.0,14.0,14.0,4.0,4.0,21.0,3.0,0.0,8.0,2501.0,forsa,T
2023-10-10,28.0,18.0,14.0,6.0,4.0,20.0,0.0,0.0,10.0,2003.0,forsa,T
2023-10-02,28.0,18.0,14.0,5.0,4.0,20.0,0.0,0.0,11.0,2004.0,forsa,T
2023-09-26,27.0,17.0,14.0,6.0,4.0,21.0,0.0,0.0,11.0,2503.0,forsa,T
2023-09-19,27.0,17.0,14.0,6.0,4.0,22.0,0.0,0.0,10.0,2504.0,forsa,T
2023-09-12,27.0,17.0,13.0,7.0,4.0,21.0,0.0,0.0,11.0,2505.0,forsa,T
2023-09-05,27.0,16.0,14.0,7.0,4.0,21.0,0.0,0.0,11.0,2506.0,forsa,T
2023-08-29,26.0,17.0,14.0,7.0,4.0,21.0,0.0,0.0,11.0,2504.0,forsa,T
2023-08-22,26.0,18.0,14.0,7.0,4.0,20.0,0.0,0.0,11.0,2506.0,forsa,T
2023-08-15,25.0,17.0,15.0,7.0,4.0,21.0,0.0,0.0,11.0,2501.0,forsa,T
2023-08-08,25.0,17.0,15.0,7.0,4.0,21.0,0.0,0.0,11.0,2502.0,forsa,T
2023-08-01,25.0,17.0,15.0,6.0,5.0,21.0,0.0,0.0,11.0,2500.0,forsa,T
2023-07-25,27.0,18.0,14.0,6.0,5.0,19.0,0.0,0.0,11.0,2504.0,forsa,T
2023-07-18,26.0,18.0,15.0,7.0,4.0,20.0,0.0,0.0,10.0,2502.0,forsa,T
2023-07-11,27.0,18.0,14.0,7.0,5.0,19.0,0.0,0.0,10.0,2003.0,forsa,T
2023-07-04,27.0,18.0,15.0,6.0,5.0,19.0,0.0,0.0,10.0,2501.0,forsa,T
2023-06-27,27.0,18.0,15.0,7.0,4.0,19.0,0.0,0.0,10.0,2506.0,forsa,T
2023-06-20,27.0,18.0,15.0,7.0,4.0,19.0,0.0,0.0,10.0,2503.0,forsa,T
2023-06-13,29.0,18.0,14.0,7.0,4.0,19.0,0.0,0.0,9.0,2504.0,forsa,T
2023-06-06,30.0,18.0,14.0,7.0,4.0,17.0,0.0,0.0,10.0,2505.0,forsa,T
2023-05-30,29.0,18.0,14.0,7.0,5.0,17.0,0.0,0.0,10.0,2001.0,forsa,T
2023-05-23,30.0,18.0,14.0,7.0,5.0,16.0,0.0,0.0,10.0,2003.0,forsa,T
2023-05-16,30.0,17.0,15.0,8.0,4.0,16.0,0.0,0.0,10.0,2503.0,forsa,T
2023-05-09,29.0,18.0,16.0,7.0,4.0,16.0,0.0,0.0,10.0,2505.0,forsa,T
2023-05-02,30.0,17.0,16.0,7.0,4.0,16.0,0.0,0.0,10.0,2007.0,forsa,T
2023-04-25,30.0,18.0,16.0,7.0,4.0,15.0,0.0,0.0,10.0,2506.0,forsa,T
2023-04-18,29.0,18.0,17.0,7.0,4.0,15.0,0.0,0.0,10.0,2508.0,forsa,T
2023-04-11,30.0,18.0,18.0,7.0,4.0,14.0,0.0,0.0,9.0,1501.0,forsa,T
2023-04-04,29.0,18.0,18.0,7.0,4.0,14.0,0.0,0.0,10.0,2502.0,forsa,T
2023-03-28,29.0,19.0,18.0,6.0,4.0,14.0,0.0,0.0,10.0,2506.0,forsa,T
2023-03-21,29.0,19.0,18.0,6.0,5.0,14.0,0.0,0.0,9.0,2503.0,forsa,T
2023-03-14,29.0,20.0,17.0,6.0,5.0,14.0,0.0,0.0,9.0,2505.0,forsa,T
2023-03-07,31.0,20.0,17.0,5.0,5.0,13.0,0.0,0.0,9.0,2504.0,forsa,T
2023-02-28,31.0,20.0,17.0,5.0,5.0,13.0,0.0,0.0,9.0,2501.0,forsa,T
2023-02-21,31.0,19.0,17.0,6.0,5.0,13.0,0.0,0.0,9.0,2510.0,forsa,T
2023-02-14,28.0,21.0,18.0,6.0,5.0,13.0,0.0,0.0,9.0,2505.0,forsa,T
2023-02-07,28.0,21.0,18.0,7.0,5.0,13.0,0.0,0.0,8.0,2502.0,forsa,T
2023-01-31,27.0,20.0,19.0,7.0,5.0,13.0,0.0,0.0,9.0,2503.0,forsa,T
2023-01-24,28.0,19.0,20.0,7.0,5.0,12.0,0.0,0.0,9.0,2502.0,forsa,T
2023-01-17,28.0,18.0,20.0,7.0,5.0,13.0,0.0,0.0,9.0,2500.0,forsa,T
2023-01-10,29.0,18.0,20.0,7.0,5.0,13.0,0.0,0.0,8.0,2502.0,forsa,T
2022-12-20,28.0,19.0,19.0,7.0,5.0,13.0,0.0,0.0,9.0,2503.0,forsa,T
2022-12-13,29.0,19.0,19.0,7.0,5.0,12.0,0.0,0.0,9.0,2506.0,forsa,T
2022-12-06,29.0,19.0,19.0,7.0,5.0,12.0,0.0,0.0,9.0,2500.0,forsa,T
2022-11-29,29.0,19.0,20.0,6.0,5.0,12.0,0.0,0.0,9.0,2505.0,forsa,T
2022-11-22,28.0,19.0,20.0,6.0,5.0,13.0,0.0,0.0,9.0,2502.0,forsa,T
2022-11-15,28.0,19.0,20.0,6.0,4.0,14.0,0.0,0.0,9.0,2503.0,forsa,T
2022-11-08,28.0,19.0,19.0,6.0,5.0,14.0,0.0,0.0,9.0,2502.0,forsa,T
2022-11-02,27.0,20.0,20.0,6.0,4.0,14.0,0.0,0.0,9.0,2503.0,forsa,T
2022-10-25,28.0,19.0,20.0,6.0,4.0,14.0,0.0,0.0,9.0,2502.0,forsa,T
2022-10-18,27.0,20.0,20.0,6.0,4.0,14.0,0.0,0.0,9.0,2505.0,forsa,T
2022-10-11,28.0,18.0,20.0,6.0,5.0,14.0,0.0,0.0,9.0,2501.0,forsa,T
2022-10-04,28.0,18.0,20.0,6.0,5.0,14.0,0.0,0.0,9.0,2001.0,forsa,T
2022-09-27,28.0,18.0,20.0,7.0,5.0,13.0,0.0,0.0,9.0,2505.0,forsa,T
2022-09-20,28.0,19.0,19.0,7.0,5.0,13.0,0.0,0.0,9.0,2506.0,forsa,T
2022-09-13,28.0,19.0,20.0,6.0,5.0,13.0,0.0,0.0,9.0,2501.0,forsa,T
2022-09-06,26.0,18.0,24.0,7.0,5.0,11.0,0.0,0.0,9.0,2500.0,forsa,T
2022-08-30,26.0,17.0,25.0,7.0,5.0,11.0,0.0,0.0,9.0,2503.0,forsa,T
2022-08-23,26.0,18.0,25.0,7.0,4.0,11.0,0.0,0.0,9.0,2505.0,forsa,T
2022-08-16,26.0,18.0,25.0,6.0,4.0,11.0,0.0,0.0,10.0,2500.0,forsa,T
2022-08-09,26.0,18.0,24.0,7.0,5.0,10.0,0.0,0.0,10.0,2504.0,forsa,T
2022-08-02,27.0,18.0,24.0,7.0,5.0,10.0,0.0,0.0,9.0,2504.0,forsa,T
2022-07-26,26.0,19.0,24.0,6.0,5.0,10.0,0.0,0.0,10.0,2510.0,forsa,T
2022-07-19,26.0,20.0,24.0,6.0,5.0,9.0,0.0,0.0,10.0,2501.0,forsa,T
2022-07-12,26.0,19.0,24.0,7.0,5.0,9.0,0.0,0.0,10.0,2503.0,forsa,T
2022-07-05,26.0,20.0,24.0,8.0,4.0,9.0,0.0,0.0,9.0,2502.0,forsa,T
2022-06-28,26.0,20.0,24.0,8.0,4.0,9.0,0.0,0.0,9.0,2500.0,forsa,T
2022-06-21,28.0,19.0,23.0,8.0,4.0,9.0,0.0,0.0,9.0,2504.0,forsa,T
2022-06-14,27.0,20.0,23.0,8.0,4.0,9.0,0.0,0.0,9.0,2511.0,forsa,T
2022-06-07,27.0,19.0,23.0,8.0,4.0,10.0,0.0,0.0,9.0,2002.0,forsa,T
2022-05-31,29.0,19.0,24.0,7.0,4.0,9.0,0.0,0.0,8.0,2004.0,forsa,T
2022-05-24,28.0,21.0,23.0,7.0,4.0,9.0,0.0,0.0,8.0,2505.0,forsa,T
2022-05-17,27.0,22.0,22.0,8.0,4.0,8.0,0.0,0.0,9.0,2502.0,forsa,T
2022-05-10,26.0,23.0,21.0,9.0,4.0,9.0,0.0,0.0,8.0,2501.0,forsa,T
2022-05-03,26.0,23.0,20.0,9.0,4.0,9.0,0.0,0.0,9.0,2508.0,forsa,T
2022-04-26,25.0,24.0,20.0,9.0,4.0,9.0,0.0,0.0,9.0,2507.0,forsa,T
2022-04-19,25.0,25.0,20.0,8.0,4.0,9.0,0.0,0.0,9.0,1501.0,forsa,T
2022-04-12,24.0,27.0,19.0,8.0,4.0,9.0,0.0,0.0,9.0,2500.0,forsa,T
2022-04-05,24.0,27.0,19.0,8.0,4.0,9.0,0.0,0.0,9.0,2508.0,forsa,T
2022-03-29,26.0,24.0,18.0,9.0,5.0,9.0,0.0,0.0,9.0,2507.0,forsa,T
2022-03-22,27.0,23.0,18.0,10.0,5.0,9.0,0.0,0.0,8.0,2501.0,forsa,T
2022-03-15,26.0,25.0,18.0,9.0,5.0,9.0,0.0,0.0,8.0,2502.0,forsa,T
2022-03-08,25.0,26.0,18.0,9.0,6.0,7.0,0.0,0.0,9.0,2501.0,forsa,T
2022-03-01,26.0,25.0,18.0,9.0,6.0,7.0,0.0,0.0,9.0,1500.0,forsa,T
2022-02-22,27.0,23.0,17.0,9.0,6.0,9.0,0.0,0.0,9.0,2500.0,forsa,T
2022-02-15,27.0,23.0,16.0,9.0,6.0,9.0,0.0,0.0,10.0,2504.0,forsa,T
2022-02-08,27.0,22.0,16.0,9.0,6.0,10.0,0.0,0.0,10.0,2502.0,forsa,T
2022-02-01,27.0,23.0,16.0,9.0,6.0,10.0,0.0,0.0,9.0,2501.0,forsa,T
2022-01-25,24.0,25.0,16.0,10.0,6.0,10.0,0.0,0.0,9.0,2502.0,forsa,T
2022-01-18,25.0,25.0,16.0,10.0,5.0,10.0,0.0,0.0,9.0,2504.0,forsa,T
2022-01-11,25.0,25.0,17.0,10.0,5.0,9.0,0.0,0.0,9.0,3003.0,forsa,T
2021-12-21,24.0,26.0,16.0,10.0,5.0,9.0,0.0,0.0,10.0,2501.0,forsa,T
2021-12-14,23.0,26.0,15.0,11.0,5.0,10.0,0.0,0.0,10.0,2509.0,forsa,T
2021-12-07,22.0,25.0,17.0,11.0,5.0,10.0,0.0,0.0,10.0,2503.0,forsa,T
2021-11-30,22.0,24.0,17.0,12.0,5.0,10.0,0.0,0.0,10.0,2509.0,forsa,T
2021-11-23,22.0,24.0,17.0,12.0,5.0,10.0,0.0,0.0,10.0,2501.0,forsa,T
2021-11-16,22.0,24.0,17.0,12.0,5.0,10.0,0.0,0.0,10.0,2510.0,forsa,T
2021-11-09,22.0,25.0,16.0,14.0,5.0,9.0,0.0,0.0,9.0,2502.0,forsa,T
2021-11-02,21.0,25.0,16.0,15.0,5.0,9.0,0.0,0.0,9.0,2501.0,forsa,T
2021-10-26,20.0,25.0,17.0,16.0,5.0,9.0,0.0,0.0,8.0,2510.0,forsa,T
2021-10-19,20.0,26.0,16.0,15.0,5.0,9.0,0.0,0.0,9.0,2502.0,forsa,T
2021-10-12,20.0,26.0,16.0,14.0,5.0,9.0,0.0,0.0,10.0,2503.0,forsa,T
2021-10-05,20.0,26.0,16.0,14.0,5.0,9.0,0.0,0.0,10.0,3004.0,forsa,T
2021-09-24,22.0,25.0,17.0,12.0,6.0,10.0,3.0,0.0,5.0,2002.0,forsa,T
2021-09-21,22.0,25.0,17.0,11.0,6.0,11.0,3.0,0.0,5.0,2502.0,forsa,T
2021-09-14,21.0,25.0,17.0,11.0,6.0,11.0,3.0,0.0,6.0,2501.0,forsa,T
2021-09-07,19.0,25.0,17.0,13.0,6.0,11.0,0.0,0.0,9.0,2505.0,forsa,T
2021-08-31,21.0,23.0,18.0,12.0,6.0,11.0,0.0,0.0,9.0,2508.0,forsa,T
2021-08-24,22.0,23.0,18.0,12.0,6.0,10.0,0.0,0.0,9.0,2504.0,forsa,T
2021-08-18,23.0,21.0,19.0,12.0,6.0,10.0,0.0,0.0,9.0,2501.0,forsa,T
2021-08-11,23.0,19.0,20.0,12.0,7.0,10.0,0.0,0.0,9.0,2509.0,forsa,T
2021-08-03,26.0,16.0,20.0,13.0,6.0,10.0,0.0,0.0,9.0,2502.0,forsa,T
2021-07-28,26.0,15.0,21.0,13.0,7.0,10.0,0.0,0.0,8.0,2501.0,forsa,T
2021-07-21,28.0,16.0,19.0,12.0,7.0,10.0,0.0,0.0,8.0,2503.0,forsa,T
2021-07-14,30.0,15.0,19.0,12.0,7.0,9.0,0.0,0.0,8.0,2502.0,forsa,T
2021-07-07,30.0,15.0,19.0,11.0,7.0,10.0,0.0,0.0,8.0,2505.0,forsa,T
2021-06-30,30.0,14.0,20.0,12.0,7.0,9.0,0.0,0.0,8.0,2501.0,forsa,T
2021-06-23,29.0,15.0,21.0,13.0,6.0,9.0,0.0,0.0,7.0,2502.0,forsa,T
2021-06-16,28.0,14.0,21.0,14.0,7.0,9.0,0.0,0.0,7.0,2501.0,forsa,T
2021-06-09,27.0,14.0,22.0,14.0,6.0,9.0,0.0,0.0,8.0,2501.0,forsa,T
2021-06-02,25.0,14.0,24.0,14.0,6.0,9.0,0.0,0.0,8.0,2500.0,forsa,T
2021-05-26,24.0,14.0,25.0,13.0,6.0,10.0,0.0,0.0,8.0,2004.0,forsa,T
2021-05-19,24.0,15.0,26.0,11.0,6.0,10.0,0.0,0.0,8.0,2001.0,forsa,T
2021-05-12,24.0,15.0,27.0,11.0,6.0,10.0,0.0,0.0,7.0,2501.0,forsa,T
2021-05-12,24.0,15.0,27.0,11.0,6.0,10.0,0.0,0.0,7.0,2501.0,forsa,T
2021-05-05,23.0,14.0,28.0,12.0,6.0,10.0,0.0,0.0,7.0,2508.0,forsa,T
2021-04-28,22.0,13.0,28.0,12.0,7.0,11.0,0.0,0.0,7.0,2507.0,forsa,T
2021-04-20,21.0,13.0,28.0,12.0,7.0,11.0,0.0,0.0,8.0,1502.0,forsa,T
2021-04-20,28.0,15.0,23.0,10.0,6.0,11.0,0.0,0.0,7.0,2003.0,forsa,T
2021-04-14,27.0,15.0,23.0,9.0,8.0,11.0,0.0,0.0,7.0,2500.0,forsa,T
2021-04-07,27.0,15.0,23.0,10.0,7.0,10.0,0.0,0.0,8.0,1501.0,forsa,T
2021-03-31,27.0,15.0,23.0,10.0,7.0,11.0,0.0,0.0,7.0,2503.0,forsa,T
2021-03-24,26.0,16.0,22.0,10.0,8.0,10.0,0.0,0.0,8.0,2511.0,forsa,T
2021-03-17,29.0,16.0,21.0,8.0,8.0,10.0,0.0,0.0,8.0,2501.0,forsa,T
2021-03-10,33.0,16.0,18.0,8.0,8.0,10.0,0.0,0.0,7.0,2510.0,forsa,T
2021-03-02,34.0,16.0,19.0,7.0,8.0,9.0,0.0,0.0,7.0,2501.0,forsa,T
2021-02-23,35.0,16.0,19.0,8.0,7.0,8.0,0.0,0.0,7.0,2505.0,forsa,T
2021-02-16,35.0,16.0,19.0,7.0,8.0,8.0,0.0,0.0,7.0,2502.0,forsa,T
2021-02-09,37.0,15.0,19.0,7.0,7.0,8.0,0.0,0.0,7.0,2501.0,forsa,T
2021-02-02,37.0,15.0,19.0,6.0,8.0,8.0,0.0,0.0,7.0,2503.0,forsa,T
2021-01-26,37.0,15.0,18.0,7.0,7.0,9.0,0.0,0.0,7.0,3005.0,forsa,T
2021-01-18,35.0,15.0,19.0,7.0,8.0,9.0,0.0,0.0,7.0,2014.0,forsa,T
2021-01-18,35.0,15.0,20.0,6.0,8.0,9.0,0.0,0.0,7.0,2504.0,forsa,T
2021-01-09,36.0,14.0,20.0,7.0,8.0,8.0,0.0,0.0,7.0,2503.0,forsa,T
2020-12-26,36.0,15.0,18.0,6.0,9.0,9.0,0.0,0.0,7.0,1501.0,forsa,T
2020-12-19,37.0,15.0,19.0,6.0,8.0,8.0,0.0,0.0,7.0,2505.0,forsa,T
2020-12-12,37.0,15.0,20.0,5.0,8.0,8.0,0.0,0.0,7.0,2503.0,forsa,T
2020-12-05,36.0,15.0,20.0,6.0,8.0,8.0,0.0,0.0,7.0,2507.0,forsa,T
2020-11-28,37.0,15.0,21.0,6.0,8.0,7.0,0.0,0.0,6.0,2500.0,forsa,T
2020-11-21,36.0,16.0,19.0,6.0,7.0,9.0,0.0,0.0,7.0,2505.0,forsa,T
2020-11-14,36.0,15.0,19.0,5.0,8.0,10.0,0.0,0.0,7.0,2502.0,forsa,T
2020-11-07,36.0,15.0,18.0,6.0,8.0,10.0,0.0,0.0,7.0,2502.0,forsa,T
2020-10-31,35.0,16.0,19.0,6.0,8.0,10.0,0.0,0.0,6.0,2503.0,forsa,T
2020-10-24,36.0,15.0,20.0,6.0,7.0,9.0,0.0,0.0,7.0,2503.0,forsa,T
2020-10-17,36.0,15.0,20.0,6.0,7.0,9.0,0.0,0.0,7.0,2501.0,forsa,T
2020-10-10,36.0,15.0,20.0,5.0,8.0,9.0,0.0,0.0,7.0,2504.0,forsa,T
2020-10-03,36.0,15.0,20.0,6.0,7.0,9.0,0.0,0.0,7.0,2502.0,forsa,T
2020-09-26,35.0,15.0,21.0,6.0,8.0,9.0,0.0,0.0,6.0,2504.0,forsa,T
2020-09-19,36.0,14.0,22.0,5.0,8.0,8.0,0.0,0.0,7.0,2501.0,forsa,T
2020-09-12,36.0,16.0,18.0,5.0,9.0,9.0,0.0,0.0,7.0,2501.0,forsa,T
2020-09-05,36.0,16.0,18.0,5.0,9.0,9.0,0.0,0.0,7.0,2503.0,forsa,T
2020-08-29,36.0,16.0,19.0,5.0,7.0,9.0,0.0,0.0,8.0,2502.0,forsa,T
2020-08-22,36.0,16.0,19.0,5.0,7.0,9.0,0.0,0.0,8.0,2504.0,forsa,T
2020-08-15,36.0,16.0,20.0,6.0,6.0,9.0,0.0,0.0,7.0,2501.0,forsa,T
2020-08-08,38.0,14.0,18.0,6.0,8.0,8.0,0.0,0.0,8.0,2502.0,forsa,T
2020-08-01,38.0,14.0,18.0,6.0,8.0,8.0,0.0,0.0,8.0,2504.0,forsa,T
2020-07-25,38.0,14.0,18.0,6.0,8.0,9.0,0.0,0.0,7.0,2504.0,forsa,T
2020-07-18,38.0,14.0,18.0,6.0,8.0,9.0,0.0,0.0,7.0,2501.0,forsa,T
2020-07-11,38.0,14.0,18.0,6.0,7.0,10.0,0.0,0.0,7.0,2500.0,forsa,T
2020-07-04,38.0,14.0,18.0,5.0,8.0,10.0,0.0,0.0,7.0,2503.0,forsa,T
2020-06-27,38.0,14.0,17.0,6.0,8.0,10.0,0.0,0.0,7.0,2501.0,forsa,T
2020-06-20,39.0,14.0,18.0,5.0,8.0,9.0,0.0,0.0,7.0,2501.0,forsa,T
2020-06-13,40.0,14.0,17.0,6.0,8.0,8.0,0.0,0.0,7.0,2504.0,forsa,T
2020-06-06,40.0,16.0,15.0,6.0,8.0,8.0,0.0,0.0,7.0,2002.0,forsa,T
2020-05-30,40.0,15.0,16.0,5.0,8.0,9.0,0.0,0.0,7.0,2500.0,forsa,T
2020-05-23,40.0,15.0,16.0,5.0,8.0,9.0,0.0,0.0,7.0,2002.0,forsa,T
2020-05-16,39.0,15.0,16.0,6.0,8.0,9.0,0.0,0.0,7.0,2509.0,forsa,T
2020-05-09,40.0,15.0,15.0,6.0,7.0,10.0,0.0,0.0,7.0,2503.0,forsa,T
2020-05-02,38.0,17.0,14.0,6.0,8.0,10.0,0.0,0.0,7.0,2004.0,forsa,T
2020-04-25,39.0,16.0,15.0,6.0,8.0,9.0,0.0,0.0,7.0,2505.0,forsa,T
2020-04-18,39.0,16.0,15.0,5.0,8.0,10.0,0.0,0.0,7.0,2002.0,forsa,T
2020-04-11,37.0,17.0,16.0,5.0,8.0,10.0,0.0,0.0,7.0,2001.0,forsa,T
2020-04-04,37.0,17.0,16.0,6.0,8.0,9.0,0.0,0.0,7.0,2506.0,forsa,T
2020-03-28,36.0,16.0,17.0,6.0,8.0,9.0,0.0,0.0,8.0,2511.0,forsa,T
2020-03-26,36.0,16.0,17.0,6.0,8.0,9.0,0.0,0.0,8.0,1502.0,forsa,T
2020-03-21,32.0,15.0,20.0,7.0,9.0,9.0,0.0,0.0,8.0,2504.0,forsa,T
2020-03-14,29.0,14.0,22.0,6.0,10.0,11.0,0.0,0.0,8.0,2503.0,forsa,T
2020-03-07,26.0,15.0,24.0,6.0,10.0,11.0,0.0,0.0,8.0,2503.0,forsa,T
2020-02-29,27.0,16.0,24.0,5.0,10.0,10.0,0.0,0.0,8.0,2505.0,forsa,T
2020-02-22,27.0,14.0,24.0,7.0,10.0,10.0,0.0,0.0,8.0,2504.0,forsa,T
2020-02-15,27.0,14.0,24.0,6.0,10.0,11.0,0.0,0.0,8.0,2502.0,forsa,T
2020-02-08,28.0,14.0,23.0,8.0,9.0,10.0,0.0,0.0,8.0,2503.0,forsa,T
2020-02-01,28.0,12.0,23.0,9.0,9.0,11.0,0.0,0.0,8.0,2504.0,forsa,T
2020-01-25,28.0,12.0,23.0,9.0,9.0,12.0,0.0,0.0,7.0,2507.0,forsa,T
2020-01-18,28.0,13.0,22.0,8.0,9.0,13.0,0.0,0.0,7.0,2504.0,forsa,T
2020-01-11,28.0,12.0,22.0,9.0,8.0,13.0,0.0,0.0,8.0,2503.0,forsa,T
2019-12-21,28.0,13.0,22.0,8.0,8.0,13.0,0.0,0.0,8.0,2501.0,forsa,T
2019-12-14,28.0,12.0,22.0,8.0,9.0,13.0,0.0,0.0,8.0,2502.0,forsa,T
2019-12-07,28.0,11.0,22.0,9.0,8.0,14.0,0.0,0.0,8.0,2502.0,forsa,T
2019-11-30,27.0,14.0,22.0,8.0,8.0,13.0,0.0,0.0,8.0,2500.0,forsa,T
2019-11-23,26.0,14.0,21.0,9.0,9.0,13.0,0.0,0.0,8.0,2501.0,forsa,T
2019-11-16,26.0,15.0,19.0,9.0,10.0,13.0,0.0,0.0,8.0,2501.0,forsa,T
2019-11-09,26.0,13.0,21.0,9.0,10.0,13.0,0.0,0.0,8.0,2501.0,forsa,T
2019-11-02,28.0,13.0,20.0,8.0,10.0,13.0,0.0,0.0,8.0,2502.0,forsa,T
2019-10-26,29.0,14.0,20.0,8.0,8.0,13.0,0.0,0.0,8.0,2501.0,forsa,T
2019-10-19,27.0,14.0,22.0,8.0,8.0,13.0,0.0,0.0,8.0,2501.0,forsa,T
2019-10-12,27.0,14.0,23.0,8.0,8.0,12.0,0.0,0.0,8.0,2500.0,forsa,T
2019-10-05,28.0,14.0,22.0,8.0,7.0,13.0,0.0,0.0,8.0,2505.0,forsa,T
2019-09-28,27.0,13.0,23.0,9.0,7.0,13.0,0.0,0.0,8.0,2505.0,forsa,T
2019-09-21,27.0,15.0,22.0,8.0,7.0,13.0,0.0,0.0,8.0,2500.0,forsa,T
2019-09-14,27.0,15.0,22.0,8.0,7.0,14.0,0.0,0.0,7.0,2503.0,forsa,T
2019-09-07,27.0,15.0,23.0,8.0,6.0,13.0,0.0,0.0,8.0,2503.0,forsa,T
2019-08-31,27.0,15.0,23.0,9.0,7.0,12.0,0.0,0.0,7.0,2501.0,forsa,T
2019-08-24,26.0,14.0,23.0,9.0,8.0,13.0,0.0,0.0,7.0,2504.0,forsa,T
2019-08-17,25.0,13.0,24.0,9.0,8.0,13.0,0.0,0.0,8.0,2501.0,forsa,T
2019-08-10,26.0,12.0,25.0,8.0,8.0,13.0,0.0,0.0,8.0,2503.0,forsa,T
2019-08-03,27.0,13.0,23.0,9.0,8.0,13.0,0.0,0.0,7.0,2501.0,forsa,T
2019-07-27,27.0,13.0,24.0,9.0,7.0,13.0,0.0,0.0,7.0,2502.0,forsa,T
2019-07-20,27.0,13.0,24.0,8.0,8.0,12.0,0.0,0.0,8.0,2500.0,forsa,T
2019-07-13,26.0,13.0,25.0,7.0,8.0,13.0,0.0,0.0,8.0,2500.0,forsa,T
2019-07-06,26.0,12.0,26.0,8.0,8.0,12.0,0.0,0.0,8.0,2501.0,forsa,T
2019-06-29,26.0,12.0,26.0,8.0,8.0,12.0,0.0,0.0,8.0,2501.0,forsa,T
2019-06-22,24.0,12.0,27.0,8.0,8.0,13.0,0.0,0.0,8.0,2500.0,forsa,T
2019-06-15,24.0,11.0,27.0,9.0,8.0,13.0,0.0,0.0,8.0,2001.0,forsa,T
2019-06-08,24.0,12.0,27.0,8.0,8.0,12.0,0.0,0.0,9.0,2501.0,forsa,T
2019-06-01,26.0,12.0,27.0,8.0,7.0,11.0,0.0,0.0,9.0,2001.0,forsa,T
2019-05-27,28.0,17.0,18.0,8.0,8.0,13.0,0.0,0.0,8.0,2500.0,forsa,T
2019-05-20,29.0,16.0,19.0,8.0,9.0,13.0,0.0,0.0,6.0,2503.0,forsa,T
2019-05-13,30.0,15.0,20.0,8.0,8.0,13.0,0.0,0.0,6.0,2502.0,forsa,T
2019-05-06,29.0,15.0,20.0,8.0,9.0,13.0,0.0,0.0,6.0,2002.0,forsa,T
2019-04-29,27.0,17.0,20.0,8.0,9.0,13.0,0.0,0.0,6.0,2009.0,forsa,T
2019-04-22,28.0,17.0,19.0,9.0,8.0,13.0,0.0,0.0,6.0,2004.0,forsa,T
2019-04-13,29.0,16.0,19.0,10.0,8.0,12.0,0.0,0.0,6.0,2501.0,forsa,T
2019-04-06,29.0,16.0,20.0,10.0,8.0,12.0,0.0,0.0,5.0,2501.0,forsa,T
2019-03-30,28.0,16.0,20.0,10.0,8.0,12.0,0.0,0.0,6.0,2504.0,forsa,T
2019-03-23,30.0,16.0,20.0,9.0,8.0,11.0,0.0,0.0,6.0,2501.0,forsa,T
2019-03-16,31.0,15.0,19.0,10.0,7.0,12.0,0.0,0.0,6.0,2505.0,forsa,T
2019-03-09,31.0,15.0,19.0,9.0,8.0,12.0,0.0,0.0,6.0,2501.0,forsa,T
2019-03-04,30.0,16.0,20.0,9.0,8.0,11.0,0.0,0.0,6.0,2502.0,forsa,T
2019-02-23,30.0,16.0,20.0,9.0,7.0,12.0,0.0,0.0,6.0,2501.0,forsa,T
2019-02-16,29.0,17.0,21.0,10.0,6.0,12.0,0.0,0.0,5.0,2501.0,forsa,T
2019-02-09,31.0,15.0,19.0,10.0,8.0,12.0,0.0,0.0,5.0,2500.0,forsa,T
2019-02-02,32.0,15.0,19.0,9.0,8.0,12.0,0.0,0.0,5.0,2501.0,forsa,T
2019-01-26,32.0,14.0,20.0,9.0,9.0,11.0,0.0,0.0,5.0,2501.0,forsa,T
2019-01-19,32.0,15.0,19.0,9.0,8.0,12.0,0.0,0.0,5.0,2503.0,forsa,T
2019-01-12,32.0,15.0,19.0,9.0,8.0,12.0,0.0,0.0,5.0,2504.0,forsa,T
2019-01-05,32.0,15.0,19.0,8.0,9.0,12.0,0.0,0.0,5.0,1503.0,forsa,T
2018-12-22,31.0,14.0,20.0,8.0,8.0,13.0,0.0,0.0,6.0,2504.0,forsa,T
2018-12-15,32.0,15.0,19.0,8.0,8.0,12.0,0.0,0.0,6.0,2507.0,forsa,T
2018-12-10,32.0,14.0,19.0,8.0,8.0,13.0,0.0,0.0,6.0,1506.0,forsa,T
2018-12-07,29.0,14.0,22.0,8.0,8.0,13.0,0.0,0.0,6.0,2006.0,forsa,T
2018-12-01,27.0,14.0,22.0,9.0,8.0,14.0,0.0,0.0,6.0,2505.0,forsa,T
2018-11-24,27.0,14.0,23.0,9.0,8.0,14.0,0.0,0.0,5.0,2507.0,forsa,T
2018-11-17,28.0,14.0,23.0,9.0,9.0,12.0,0.0,0.0,5.0,2503.0,forsa,T
2018-11-11,27.0,14.0,23.0,9.0,9.0,13.0,0.0,0.0,5.0,2504.0,forsa,T
2018-11-03,27.0,13.0,24.0,9.0,9.0,13.0,0.0,0.0,5.0,2502.0,forsa,T
2018-10-27,26.0,14.0,21.0,9.0,10.0,14.0,0.0,0.0,6.0,2509.0,forsa,T
2018-10-20,27.0,14.0,21.0,9.0,9.0,15.0,0.0,0.0,5.0,2502.0,forsa,T
2018-10-13,28.0,16.0,19.0,9.0,9.0,14.0,0.0,0.0,5.0,2504.0,forsa,T
2018-10-06,28.0,16.0,18.0,9.0,10.0,14.0,0.0,0.0,5.0,2002.0,forsa,T
2018-09-29,28.0,16.0,17.0,9.0,10.0,15.0,0.0,0.0,5.0,2501.0,forsa,T
2018-09-22,28.0,17.0,16.0,9.0,10.0,15.0,0.0,0.0,5.0,2502.0,forsa,T
2018-09-15,30.0,18.0,16.0,8.0,10.0,13.0,0.0,0.0,5.0,2507.0,forsa,T
2018-09-08,31.0,16.0,15.0,9.0,10.0,14.0,0.0,0.0,5.0,2507.0,forsa,T
2018-09-01,30.0,17.0,16.0,8.0,8.0,16.0,0.0,0.0,5.0,2503.0,forsa,T
2018-08-25,30.0,18.0,15.0,8.0,10.0,14.0,0.0,0.0,5.0,2502.0,forsa,T
2018-08-18,30.0,18.0,15.0,9.0,10.0,14.0,0.0,0.0,4.0,2503.0,forsa,T
2018-08-11,30.0,18.0,15.0,10.0,9.0,14.0,0.0,0.0,4.0,2505.0,forsa,T
2018-08-04,31.0,18.0,13.0,10.0,9.0,14.0,0.0,0.0,5.0,2508.0,forsa,T
2018-07-28,32.0,18.0,13.0,9.0,9.0,14.0,0.0,0.0,5.0,2505.0,forsa,T
2018-07-21,31.0,18.0,13.0,8.0,10.0,15.0,0.0,0.0,5.0,2505.0,forsa,T
2018-07-14,31.0,17.0,13.0,9.0,9.0,16.0,0.0,0.0,5.0,2505.0,forsa,T
2018-07-07,30.0,17.0,13.0,10.0,9.0,16.0,0.0,0.0,5.0,2502.0,forsa,T
2018-06-30,31.0,17.0,12.0,10.0,10.0,15.0,0.0,0.0,5.0,2508.0,forsa,T
2018-06-24,30.0,17.0,13.0,9.0,10.0,15.0,0.0,0.0,6.0,2503.0,forsa,T
2018-06-16,30.0,16.0,14.0,10.0,9.0,15.0,0.0,0.0,6.0,1001.0,forsa,T
2018-06-16,34.0,18.0,12.0,9.0,8.0,13.0,0.0,0.0,6.0,1501.0,forsa,T
2018-06-09,33.0,18.0,12.0,9.0,10.0,13.0,0.0,0.0,5.0,2504.0,forsa,T
2018-06-02,34.0,18.0,12.0,8.0,10.0,13.0,0.0,0.0,5.0,2506.0,forsa,T
2018-05-27,33.0,18.0,13.0,8.0,10.0,13.0,0.0,0.0,5.0,2002.0,forsa,T
2018-05-19,33.0,18.0,12.0,9.0,9.0,13.0,0.0,0.0,6.0,2502.0,forsa,T
2018-05-12,34.0,17.0,13.0,8.0,10.0,13.0,0.0,0.0,5.0,2004.0,forsa,T
2018-05-05,34.0,18.0,11.0,9.0,10.0,13.0,0.0,0.0,5.0,2003.0,forsa,T
2018-04-28,34.0,17.0,13.0,9.0,10.0,12.0,0.0,0.0,5.0,2507.0,forsa,T
2018-04-23,34.0,18.0,13.0,9.0,10.0,12.0,0.0,0.0,4.0,2503.0,forsa,T
2018-04-14,34.0,19.0,12.0,9.0,10.0,12.0,0.0,0.0,4.0,2506.0,forsa,T
2018-04-07,32.0,20.0,11.0,9.0,10.0,13.0,0.0,0.0,5.0,2005.0,forsa,T
2018-03-31,33.0,18.0,12.0,9.0,10.0,13.0,0.0,0.0,5.0,2003.0,forsa,T
2018-03-24,31.0,19.0,12.0,9.0,11.0,14.0,0.0,0.0,4.0,2502.0,forsa,T
2018-03-17,34.0,19.0,11.0,8.0,10.0,13.0,0.0,0.0,5.0,2502.0,forsa,T
2018-03-11,34.0,18.0,13.0,9.0,10.0,12.0,0.0,0.0,4.0,2507.0,forsa,T
2018-03-05,34.0,19.0,12.0,9.0,9.0,13.0,0.0,0.0,4.0,1502.0,forsa,T
2018-03-03,35.0,18.0,12.0,9.0,9.0,13.0,0.0,0.0,4.0,2505.0,forsa,T
2018-02-24,35.0,18.0,12.0,9.0,9.0,13.0,0.0,0.0,4.0,2506.0,forsa,T
2018-02-17,34.0,16.0,13.0,9.0,10.0,13.0,0.0,0.0,5.0,2501.0,forsa,T
2018-02-09,31.0,18.0,13.0,10.0,10.0,13.0,0.0,0.0,5.0,1003.0,forsa,T
2018-02-05,33.0,18.0,13.0,9.0,9.0,13.0,0.0,0.0,5.0,2507.0,forsa,T
2018-01-29,34.0,18.0,12.0,9.0,10.0,12.0,0.0,0.0,5.0,2505.0,forsa,T
2018-01-22,34.0,17.0,12.0,8.0,11.0,13.0,0.0,0.0,5.0,1282.0,forsa,T
2018-01-21,34.0,18.0,12.0,8.0,10.0,12.0,0.0,0.0,6.0,2501.0,forsa,T
2018-01-18,34.0,18.0,12.0,8.0,10.0,12.0,0.0,0.0,6.0,1504.0,forsa,T
2018-01-15,33.0,20.0,12.0,9.0,9.0,11.0,0.0,0.0,6.0,2501.0,forsa,T
2018-01-07,34.0,20.0,12.0,9.0,9.0,10.0,0.0,0.0,6.0,2003.0,forsa,T
2017-12-27,34.0,19.0,12.0,8.0,10.0,12.0,0.0,0.0,5.0,2504.0,forsa,T
2017-12-16,33.0,20.0,12.0,8.0,10.0,12.0,0.0,0.0,5.0,2501.0,forsa,T
2017-12-10,34.0,20.0,12.0,8.0,9.0,11.0,0.0,0.0,6.0,1566.0,forsa,T
2017-12-10,34.0,20.0,12.0,8.0,9.0,11.0,0.0,0.0,6.0,2500.0,forsa,T
2017-12-04,34.0,20.0,13.0,8.0,9.0,10.0,0.0,0.0,6.0,2502.0,forsa,T
2017-11-27,33.0,19.0,12.0,10.0,9.0,11.0,0.0,0.0,6.0,2508.0,forsa,T
2017-11-20,31.0,21.0,12.0,10.0,9.0,12.0,0.0,0.0,5.0,1789.0,forsa,T
2017-11-20,32.0,20.0,11.0,12.0,8.0,12.0,0.0,0.0,5.0,2505.0,forsa,T
2017-11-13,32.0,20.0,10.0,12.0,9.0,12.0,0.0,0.0,5.0,2506.0,forsa,T
2017-11-06,32.0,21.0,10.0,11.0,9.0,12.0,0.0,0.0,5.0,2005.0,forsa,T
2017-11-01,33.0,20.0,11.0,11.0,9.0,11.0,0.0,0.0,5.0,2500.0,forsa,T
2017-10-25,31.0,22.0,10.0,11.0,10.0,11.0,0.0,0.0,5.0,2503.0,forsa,T
2017-10-18,32.0,20.0,11.0,11.0,9.0,12.0,0.0,0.0,5.0,2501.0,forsa,T
2017-10-11,32.0,20.0,11.0,11.0,9.0,12.0,0.0,0.0,5.0,2001.0,forsa,T
2017-10-04,32.0,20.0,10.0,11.0,10.0,12.0,0.0,0.0,5.0,2005.0,forsa,T
2017-09-22,36.0,22.0,7.0,9.5,9.5,11.0,0.0,0.0,5.0,2006.0,forsa,T
2017-09-19,36.0,23.0,8.0,9.0,10.0,9.0,0.0,0.0,5.0,2501.0,forsa,T
2017-09-13,37.0,23.0,8.0,8.0,10.0,9.0,0.0,0.0,5.0,2505.0,forsa,T
2017-09-08,37.0,23.0,8.0,9.0,10.0,9.0,0.0,0.0,4.0,2001.0,forsa,T
2017-09-06,38.0,23.0,8.0,8.0,9.0,9.0,0.0,0.0,5.0,2503.0,forsa,T
2017-08-30,38.0,24.0,7.0,8.0,9.0,9.0,0.0,0.0,5.0,2501.0,forsa,T
2017-08-23,38.0,24.0,7.0,8.0,9.0,9.0,0.0,0.0,5.0,2501.0,forsa,T
2017-08-16,39.0,23.0,8.0,8.0,9.0,8.0,0.0,0.0,5.0,2507.0,forsa,T
2017-08-09,40.0,23.0,8.0,7.0,8.0,8.0,0.0,0.0,6.0,2503.0,forsa,T
2017-08-02,40.0,22.0,8.0,8.0,8.0,8.0,0.0,0.0,6.0,2501.0,forsa,T
2017-07-26,40.0,22.0,8.0,8.0,9.0,7.0,0.0,0.0,6.0,2507.0,forsa,T
2017-07-19,40.0,22.0,8.0,8.0,9.0,7.0,0.0,0.0,6.0,2502.0,forsa,T
2017-07-11,39.0,22.0,8.0,8.0,9.0,8.0,0.0,0.0,6.0,2501.0,forsa,T
2017-07-05,39.0,23.0,8.0,8.0,9.0,7.0,0.0,0.0,6.0,2503.0,forsa,T
2017-06-29,40.0,23.0,9.0,8.0,9.0,7.0,0.0,0.0,4.0,1507.0,forsa,T
2017-06-28,40.0,23.0,9.0,7.0,9.0,7.0,0.0,0.0,5.0,2502.0,forsa,T
2017-06-21,39.0,23.0,8.0,8.0,10.0,7.0,0.0,0.0,5.0,2505.0,forsa,T
2017-06-13,38.0,24.0,8.0,9.0,8.0,7.0,0.0,0.0,6.0,2004.0,forsa,T
2017-06-07,39.0,24.0,8.0,8.0,8.0,7.0,0.0,0.0,6.0,2501.0,forsa,T
2017-05-31,38.0,25.0,7.0,9.0,8.0,7.0,0.0,0.0,6.0,2001.0,forsa,T
2017-05-23,39.0,25.0,7.0,9.0,8.0,7.0,0.0,0.0,5.0,2502.0,forsa,T
2017-05-17,38.0,26.0,7.0,8.0,8.0,7.0,0.0,0.0,6.0,2506.0,forsa,T
2017-05-10,36.0,29.0,7.0,7.0,8.0,7.0,0.0,0.0,6.0,2004.0,forsa,T
2017-05-03,36.0,28.0,8.0,7.0,8.0,8.0,0.0,0.0,5.0,2502.0,forsa,T
2017-04-26,36.0,30.0,7.0,6.0,8.0,9.0,0.0,0.0,4.0,2002.0,forsa,T
2017-04-19,36.0,30.0,6.0,6.0,9.0,8.0,0.0,0.0,5.0,2007.0,forsa,T
2017-04-11,36.0,30.0,7.0,6.0,8.0,8.0,0.0,0.0,5.0,2502.0,forsa,T
2017-04-04,36.0,29.0,7.0,5.0,9.0,8.0,0.0,0.0,6.0,2504.0,forsa,T
2017-03-29,34.0,32.0,7.0,6.0,8.0,7.0,0.0,0.0,6.0,2501.0,forsa,T
2017-03-22,34.0,31.0,7.0,6.0,7.0,9.0,0.0,0.0,6.0,2504.0,forsa,T
2017-03-15,33.0,32.0,7.0,6.0,7.0,9.0,0.0,0.0,6.0,2505.0,forsa,T
2017-03-08,33.0,32.0,8.0,6.0,7.0,8.0,0.0,0.0,6.0,2502.0,forsa,T
2017-03-01,33.0,31.0,8.0,7.0,7.0,9.0,0.0,0.0,5.0,2500.0,forsa,T
2017-02-22,34.0,31.0,7.0,6.0,8.0,8.0,0.0,0.0,6.0,2502.0,forsa,T
2017-02-15,34.0,31.0,7.0,5.0,8.0,9.0,0.0,0.0,6.0,2502.0,forsa,T
2017-02-08,34.0,31.0,8.0,5.0,8.0,10.0,0.0,0.0,4.0,2501.0,forsa,T
2017-02-01,35.0,26.0,8.0,6.0,9.0,11.0,0.0,0.0,5.0,2502.0,forsa,T
2017-01-25,37.0,21.0,10.0,6.0,9.0,12.0,0.0,0.0,5.0,2504.0,forsa,T
2017-01-18,38.0,21.0,9.0,6.0,9.0,11.0,0.0,0.0,6.0,2503.0,forsa,T
2017-01-11,37.0,20.0,10.0,6.0,9.0,12.0,0.0,0.0,6.0,2501.0,forsa,T
2017-01-04,37.0,21.0,10.0,6.0,9.0,12.0,0.0,0.0,5.0,2001.0,forsa,T
2016-12-28,38.0,20.0,10.0,5.0,9.0,12.0,0.0,0.0,6.0,2504.0,forsa,T
2016-12-20,36.0,22.0,10.0,6.0,9.0,11.0,0.0,0.0,6.0,2502.0,forsa,T
2016-12-14,37.0,21.0,10.0,6.0,9.0,11.0,0.0,0.0,6.0,2506.0,forsa,T
2016-12-07,36.0,22.0,11.0,6.0,10.0,10.0,0.0,0.0,5.0,2501.0,forsa,T
2016-11-30,37.0,22.0,10.0,5.0,9.0,11.0,0.0,0.0,6.0,2503.0,forsa,T
2016-11-23,36.0,23.0,10.0,5.0,10.0,10.0,0.0,0.0,6.0,2505.0,forsa,T
2016-11-16,35.0,23.0,11.0,6.0,10.0,10.0,0.0,0.0,5.0,2503.0,forsa,T
2016-11-09,34.0,23.0,11.0,6.0,10.0,11.0,0.0,0.0,5.0,2503.0,forsa,T
2016-11-02,34.0,22.0,11.0,7.0,10.0,11.0,0.0,0.0,5.0,2503.0,forsa,T
2016-10-26,35.0,22.0,11.0,6.0,9.0,12.0,0.0,0.0,5.0,2504.0,forsa,T
2016-10-19,34.0,22.0,11.0,6.0,9.0,12.0,0.0,0.0,6.0,2505.0,forsa,T
2016-10-12,34.0,22.0,11.0,6.0,10.0,12.0,0.0,0.0,5.0,2004.0,forsa,T
2016-10-05,33.0,22.0,11.0,6.0,10.0,13.0,0.0,0.0,5.0,2503.0,forsa,T
2016-09-28,33.0,23.0,10.0,6.0,9.0,14.0,0.0,0.0,5.0,2506.0,forsa,T
2016-09-21,33.0,23.0,11.0,6.0,8.0,13.0,0.0,0.0,6.0,2504.0,forsa,T
2016-09-14,32.0,23.0,11.0,6.0,8.0,13.0,0.0,0.0,7.0,2501.0,forsa,T
2016-09-07,33.0,22.0,12.0,7.0,8.0,12.0,0.0,0.0,6.0,2501.0,forsa,T
2016-08-31,33.0,22.0,12.0,6.0,9.0,12.0,0.0,0.0,6.0,2503.0,forsa,T
2016-08-24,35.0,22.0,12.0,6.0,9.0,10.0,0.0,0.0,6.0,2504.0,forsa,T
2016-08-17,36.0,21.0,13.0,6.0,9.0,9.0,0.0,0.0,6.0,2501.0,forsa,T
2016-08-10,36.0,21.0,13.0,5.0,10.0,9.0,0.0,0.0,6.0,2501.0,forsa,T
2016-08-03,35.0,23.0,12.0,6.0,9.0,9.0,0.0,0.0,6.0,2508.0,forsa,T
2016-07-26,35.0,22.0,13.0,6.0,9.0,9.0,0.0,0.0,6.0,2508.0,forsa,T
2016-07-20,35.0,22.0,12.0,7.0,9.0,9.0,0.0,0.0,6.0,2502.0,forsa,T
2016-07-13,36.0,23.0,12.0,6.0,9.0,8.0,0.0,0.0,6.0,2503.0,forsa,T
2016-07-06,35.0,21.0,13.0,6.0,10.0,9.0,0.0,0.0,6.0,2504.0,forsa,T
2016-06-28,34.0,22.0,12.0,6.0,9.0,10.0,0.0,0.0,7.0,2501.0,forsa,T
2016-06-22,33.0,21.0,13.0,6.0,9.0,11.0,0.0,0.0,7.0,2503.0,forsa,T
2016-06-15,33.0,21.0,13.0,6.0,10.0,11.0,0.0,0.0,6.0,2505.0,forsa,T
2016-06-08,34.0,21.0,13.0,7.0,10.0,10.0,0.0,0.0,5.0,2501.0,forsa,T
2016-06-01,34.0,21.0,13.0,6.0,9.0,10.0,0.0,0.0,7.0,2502.0,forsa,T
2016-05-24,33.0,20.0,14.0,6.0,9.0,12.0,0.0,0.0,6.0,2006.0,forsa,T
2016-05-17,34.0,19.0,14.0,7.0,9.0,11.0,0.0,0.0,6.0,2501.0,forsa,T
2016-05-11,34.0,21.0,13.0,8.0,9.0,10.0,0.0,0.0,5.0,2002.0,forsa,T
2016-05-03,34.0,21.0,13.0,8.0,9.0,9.0,0.0,0.0,6.0,2501.0,forsa,T
2016-04-27,33.0,22.0,13.0,8.0,9.0,10.0,0.0,0.0,5.0,2502.0,forsa,T
2016-04-20,34.0,21.0,13.0,7.0,9.0,11.0,0.0,0.0,5.0,2504.0,forsa,T
2016-04-13,34.0,21.0,14.0,7.0,9.0,10.0,0.0,0.0,5.0,2506.0,forsa,T
2016-04-06,35.0,21.0,13.0,7.0,8.0,10.0,0.0,0.0,6.0,2004.0,forsa,T
2016-03-30,36.0,20.0,13.0,7.0,8.0,10.0,0.0,0.0,6.0,2005.0,forsa,T
2016-03-22,35.0,20.0,13.0,6.0,8.0,13.0,0.0,0.0,5.0,2501.0,forsa,T
2016-03-16,35.0,22.0,10.0,7.0,10.0,11.0,0.0,0.0,5.0,2505.0,forsa,T
2016-03-09,35.0,23.0,11.0,6.0,9.0,10.0,0.0,0.0,6.0,2501.0,forsa,T
2016-03-02,35.0,24.0,10.0,6.0,10.0,9.0,0.0,0.0,6.0,2503.0,forsa,T
2016-02-24,35.0,24.0,10.0,6.0,10.0,10.0,0.0,0.0,5.0,2502.0,forsa,T
2016-02-17,35.0,23.0,11.0,6.0,10.0,9.0,0.0,0.0,6.0,2501.0,forsa,T
2016-02-10,36.0,24.0,10.0,5.0,9.0,10.0,0.0,0.0,6.0,2500.0,forsa,T
2016-02-03,36.0,24.0,10.0,5.0,9.0,10.0,0.0,0.0,6.0,2501.0,forsa,T
2016-01-27,36.0,24.0,10.0,5.0,10.0,10.0,0.0,0.0,5.0,2505.0,forsa,T
2016-01-19,37.0,23.0,10.0,5.0,9.0,10.0,0.0,0.0,6.0,2501.0,forsa,T
2016-01-13,38.0,23.0,10.0,5.0,10.0,9.0,0.0,0.0,5.0,2503.0,forsa,T
2016-01-06,38.0,23.0,10.0,5.0,10.0,8.0,0.0,0.0,6.0,1503.0,forsa,T
2015-12-29,38.0,23.0,10.0,5.0,10.0,8.0,0.0,0.0,6.0,1501.0,forsa,T
2015-12-22,39.0,24.0,10.0,4.0,10.0,8.0,0.0,0.0,5.0,2504.0,forsa,T
2015-12-15,39.0,24.0,11.0,4.0,9.0,8.0,0.0,0.0,5.0,2502.0,forsa,T
2015-12-09,38.0,24.0,10.0,4.0,9.0,8.0,0.0,0.0,7.0,2506.0,forsa,T
2015-12-02,39.0,24.0,10.0,5.0,9.0,6.0,0.0,0.0,7.0,2501.0,forsa,T
2015-11-25,39.0,24.0,10.0,5.0,9.0,7.0,0.0,0.0,6.0,2502.0,forsa,T
2015-11-17,36.0,25.0,10.0,5.0,9.0,8.0,0.0,0.0,7.0,2504.0,forsa,T
2015-11-11,38.0,25.0,10.0,5.0,8.0,7.0,0.0,0.0,7.0,2503.0,forsa,T
2015-11-04,36.0,24.0,11.0,5.0,9.0,7.0,0.0,0.0,8.0,2504.0,forsa,T
2015-10-28,36.0,24.0,11.0,6.0,9.0,6.0,0.0,0.0,8.0,2501.0,forsa,T
2015-10-21,38.0,24.0,11.0,4.0,10.0,7.0,0.0,0.0,6.0,2502.0,forsa,T
2015-10-14,38.0,25.0,10.0,5.0,9.0,7.0,0.0,0.0,6.0,2502.0,forsa,T
2015-10-07,39.0,25.0,9.0,5.0,9.0,7.0,0.0,0.0,6.0,2505.0,forsa,T
2015-09-30,40.0,24.0,10.0,5.0,10.0,5.0,0.0,0.0,6.0,2506.0,forsa,T
2015-09-23,40.0,24.0,10.0,5.0,10.0,4.0,0.0,0.0,7.0,2501.0,forsa,T
2015-09-16,41.0,24.0,10.0,4.0,10.0,4.0,0.0,0.0,7.0,2501.0,forsa,T
2015-09-09,41.0,24.0,10.0,4.0,10.0,4.0,0.0,0.0,7.0,2503.0,forsa,T
2015-09-02,40.0,24.0,11.0,5.0,11.0,3.0,0.0,0.0,6.0,2504.0,forsa,T
2015-08-26,41.0,23.0,10.0,4.0,11.0,4.0,0.0,0.0,7.0,2500.0,forsa,T
2015-08-19,43.0,23.0,10.0,4.0,10.0,3.0,0.0,0.0,7.0,2500.0,forsa,T
2015-08-12,43.0,23.0,10.0,5.0,9.0,3.0,0.0,0.0,7.0,2500.0,forsa,T
2015-08-05,41.0,24.0,10.0,5.0,9.0,3.0,0.0,0.0,8.0,2501.0,forsa,T
2015-07-29,42.0,23.0,10.0,4.0,10.0,3.0,0.0,0.0,8.0,2501.0,forsa,T
2015-07-22,41.0,24.0,10.0,5.0,10.0,4.0,0.0,0.0,6.0,2501.0,forsa,T
2015-07-14,42.0,23.0,11.0,4.0,10.0,4.0,0.0,0.0,6.0,2503.0,forsa,T
2015-07-08,42.0,23.0,11.0,5.0,10.0,4.0,0.0,0.0,5.0,2502.0,forsa,T
2015-07-01,42.0,23.0,10.0,5.0,10.0,4.0,0.0,0.0,6.0,2505.0,forsa,T
2015-06-24,41.0,23.0,10.0,5.0,10.0,4.0,0.0,0.0,7.0,2501.0,forsa,T
2015-06-17,41.0,23.0,11.0,5.0,9.0,5.0,0.0,0.0,6.0,2502.0,forsa,T
2015-06-10,41.0,24.0,10.0,6.0,9.0,4.0,0.0,0.0,6.0,2504.0,forsa,T
2015-06-02,40.0,23.0,10.0,6.0,10.0,5.0,0.0,0.0,6.0,2502.0,forsa,T
2015-05-27,39.0,23.0,11.0,7.0,9.0,4.0,0.0,0.0,7.0,2503.0,forsa,T
2015-05-20,40.0,22.0,11.0,6.0,9.0,5.0,0.0,0.0,7.0,2003.0,forsa,T
2015-05-12,41.0,23.0,12.0,4.0,9.0,5.0,0.0,0.0,6.0,2502.0,forsa,T
2015-05-06,42.0,24.0,10.0,4.0,9.0,4.0,0.0,0.0,7.0,2001.0,forsa,T
2015-04-29,42.0,24.0,10.0,4.0,9.0,4.0,0.0,0.0,7.0,2506.0,forsa,T
2015-04-22,42.0,24.0,10.0,4.0,8.0,6.0,0.0,0.0,6.0,2502.0,forsa,T
2015-04-15,42.0,24.0,10.0,5.0,8.0,5.0,0.0,0.0,6.0,2004.0,forsa,T
2015-04-08,42.0,23.0,10.0,4.0,9.0,6.0,0.0,0.0,6.0,2001.0,forsa,T
2015-03-31,42.0,23.0,10.0,4.0,9.0,6.0,0.0,0.0,6.0,2505.0,forsa,T
2015-03-25,41.0,24.0,10.0,5.0,8.0,5.0,0.0,0.0,7.0,2501.0,forsa,T
2015-03-18,41.0,24.0,9.0,5.0,9.0,6.0,0.0,0.0,6.0,2500.0,forsa,T
2015-03-11,41.0,24.0,9.0,5.0,9.0,6.0,0.0,0.0,6.0,2504.0,forsa,T
2015-03-04,41.0,24.0,9.0,5.0,9.0,7.0,0.0,0.0,5.0,2502.0,forsa,T
2015-02-25,42.0,24.0,9.0,5.0,9.0,6.0,0.0,0.0,5.0,2501.0,forsa,T
2015-02-18,43.0,23.0,10.0,5.0,8.0,5.0,0.0,0.0,6.0,2502.0,forsa,T
2015-02-11,42.0,23.0,10.0,5.0,9.0,6.0,0.0,0.0,5.0,2503.0,forsa,T
2015-02-04,42.0,23.0,10.0,4.0,10.0,5.0,0.0,0.0,6.0,2510.0,forsa,T
2015-01-28,42.0,23.0,10.0,3.0,9.0,6.0,0.0,0.0,7.0,2015.0,forsa,T
2015-01-21,42.0,22.0,10.0,3.0,10.0,6.0,0.0,0.0,7.0,2502.0,forsa,T
2015-01-14,42.0,22.0,10.0,4.0,10.0,6.0,0.0,0.0,6.0,2504.0,forsa,T
2015-01-07,42.0,22.0,11.0,3.0,10.0,5.0,0.0,0.0,7.0,1002.0,forsa,T
2015-01-01,42.0,23.0,10.0,2.0,11.0,5.0,0.0,0.0,7.0,2504.0,forsa,T
2014-12-16,43.0,23.0,10.0,2.0,10.0,5.0,0.0,0.0,7.0,2504.0,forsa,T
2014-12-10,41.0,24.0,11.0,2.0,9.0,6.0,0.0,0.0,7.0,2503.0,forsa,T
2014-12-03,41.0,24.0,11.0,2.0,9.0,6.0,0.0,0.0,7.0,2502.0,forsa,T
2014-11-26,42.0,23.0,10.0,2.0,10.0,6.0,0.0,0.0,7.0,2501.0,forsa,T
2014-11-19,42.0,22.0,10.0,3.0,9.0,7.0,0.0,0.0,7.0,2501.0,forsa,T
2014-11-12,41.0,23.0,9.0,3.0,10.0,8.0,0.0,0.0,6.0,2502.0,forsa,T
2014-11-05,41.0,22.0,10.0,3.0,9.0,8.0,0.0,0.0,7.0,2504.0,forsa,T
2014-10-29,41.0,23.0,10.0,2.0,9.0,8.0,0.0,0.0,7.0,2504.0,forsa,T
2014-10-22,41.0,24.0,9.0,2.0,9.0,8.0,0.0,0.0,7.0,2504.0,forsa,T
2014-10-15,40.0,23.0,10.0,3.0,9.0,8.0,0.0,0.0,7.0,2505.0,forsa,T
2014-10-07,41.0,23.0,10.0,2.0,9.0,8.0,0.0,0.0,7.0,2004.0,forsa,T
2014-10-01,42.0,23.0,9.0,2.0,8.0,9.0,0.0,0.0,7.0,2501.0,forsa,T
2014-09-23,42.0,22.0,8.0,2.0,9.0,10.0,0.0,0.0,7.0,2501.0,forsa,T
2014-09-17,41.0,24.0,9.0,3.0,9.0,7.0,0.0,0.0,7.0,2503.0,forsa,T
2014-09-10,42.0,23.0,9.0,3.0,9.0,7.0,0.0,0.0,7.0,2502.0,forsa,T
2014-09-03,41.0,24.0,10.0,3.0,10.0,5.0,0.0,0.0,7.0,2504.0,forsa,T
2014-08-27,42.0,24.0,10.0,3.0,9.0,5.0,0.0,0.0,7.0,2504.0,forsa,T
2014-08-20,42.0,24.0,10.0,3.0,9.0,5.0,0.0,0.0,7.0,2502.0,forsa,T
2014-08-13,42.0,24.0,10.0,4.0,9.0,5.0,0.0,0.0,6.0,2500.0,forsa,T
2014-08-06,43.0,24.0,9.0,4.0,9.0,5.0,0.0,0.0,6.0,2501.0,forsa,T
2014-07-30,43.0,22.0,10.0,3.0,10.0,5.0,0.0,0.0,7.0,2501.0,forsa,T
2014-07-23,43.0,22.0,10.0,3.0,10.0,5.0,0.0,0.0,7.0,2505.0,forsa,T
2014-07-16,41.0,23.0,11.0,3.0,9.0,6.0,0.0,0.0,7.0,2503.0,forsa,T
2014-07-09,41.0,23.0,11.0,3.0,9.0,6.0,0.0,0.0,7.0,2014.0,forsa,T
2014-07-02,41.0,23.0,10.0,4.0,9.0,7.0,0.0,0.0,6.0,2502.0,forsa,T
2014-06-25,41.0,23.0,10.0,4.0,9.0,7.0,0.0,0.0,6.0,2504.0,forsa,T
2014-06-17,39.0,23.0,10.0,4.0,10.0,7.0,0.0,0.0,7.0,2001.0,forsa,T
2014-06-11,39.0,23.0,9.0,4.0,10.0,8.0,0.0,0.0,7.0,2501.0,forsa,T
2014-06-04,38.0,23.0,10.0,4.0,10.0,8.0,0.0,0.0,7.0,2002.0,forsa,T
2014-05-27,40.0,25.0,10.0,4.0,10.0,6.0,0.0,0.0,5.0,2503.0,forsa,T
2014-05-21,40.0,24.0,10.0,4.0,10.0,6.0,0.0,0.0,6.0,2501.0,forsa,T
2014-05-14,40.0,24.0,10.0,4.0,10.0,6.0,0.0,0.0,6.0,2504.0,forsa,T
2014-05-07,41.0,23.0,10.0,4.0,10.0,5.0,0.0,0.0,7.0,2001.0,forsa,T
2014-04-29,41.0,24.0,10.0,4.0,9.0,6.0,0.0,0.0,6.0,2002.0,forsa,T
2014-04-23,41.0,24.0,10.0,4.0,10.0,5.0,0.0,0.0,6.0,2002.0,forsa,T
2014-04-15,41.0,23.0,10.0,4.0,10.0,6.0,0.0,0.0,6.0,2501.0,forsa,T
2014-04-09,42.0,23.0,10.0,4.0,10.0,5.0,0.0,0.0,6.0,2502.0,forsa,T
2014-04-02,42.0,23.0,9.0,4.0,10.0,6.0,0.0,0.0,6.0,2501.0,forsa,T
2014-03-26,41.0,23.0,10.0,4.0,10.0,5.0,0.0,0.0,7.0,2502.0,forsa,T
2014-03-19,42.0,23.0,9.0,4.0,10.0,5.0,0.0,0.0,7.0,2500.0,forsa,T
2014-03-12,42.0,23.0,9.0,4.0,10.0,5.0,0.0,0.0,7.0,2503.0,forsa,T
2014-03-05,40.0,22.0,10.0,4.0,11.0,6.0,0.0,0.0,7.0,2500.0,forsa,T
2014-02-26,41.0,22.0,10.0,5.0,10.0,5.0,0.0,0.0,7.0,2502.0,forsa,T
2014-02-19,40.0,24.0,10.0,4.0,10.0,5.0,0.0,0.0,7.0,2502.0,forsa,T
2014-02-12,41.0,24.0,10.0,4.0,10.0,4.0,0.0,0.0,7.0,2502.0,forsa,T
2014-02-05,42.0,24.0,10.0,4.0,9.0,4.0,0.0,0.0,7.0,2501.0,forsa,T
2014-01-29,42.0,23.0,11.0,4.0,9.0,4.0,0.0,0.0,7.0,2503.0,forsa,T
2014-01-22,41.0,23.0,10.0,5.0,10.0,4.0,0.0,0.0,7.0,2502.0,forsa,T
2014-01-15,40.0,23.0,10.0,5.0,10.0,5.0,0.0,0.0,7.0,2503.0,forsa,T
2014-01-08,41.0,23.0,10.0,5.0,10.0,5.0,0.0,0.0,6.0,1003.0,forsa,T
2014-01-01,42.0,24.0,10.0,5.0,10.0,4.0,0.0,0.0,5.0,2508.0,forsa,T
2013-12-17,42.0,24.0,9.0,4.0,10.0,5.0,0.0,0.0,6.0,2505.0,forsa,T
2013-12-11,43.0,24.0,9.0,3.0,10.0,5.0,0.0,0.0,6.0,2504.0,forsa,T
2013-12-04,42.0,23.0,10.0,3.0,10.0,5.0,0.0,0.0,7.0,2507.0,forsa,T
2013-11-20,41.0,24.0,10.0,4.0,10.0,5.0,0.0,0.0,6.0,2501.0,forsa,T
2013-11-13,41.0,24.0,9.0,4.0,10.0,5.0,0.0,0.0,7.0,2501.0,forsa,T
2013-11-06,42.0,25.0,9.0,3.0,9.0,5.0,0.0,0.0,7.0,2500.0,forsa,T
2013-10-30,42.0,24.0,9.0,4.0,9.0,5.0,0.0,0.0,7.0,2501.0,forsa,T
2013-10-23,43.0,25.0,8.0,4.0,9.0,5.0,0.0,0.0,6.0,2500.0,forsa,T
2013-10-16,44.0,24.0,8.0,4.0,8.0,6.0,0.0,0.0,6.0,2501.0,forsa,T
2013-10-09,45.0,24.0,8.0,3.0,8.0,6.0,0.0,0.0,6.0,2000.0,forsa,T
2013-10-01,42.0,25.0,8.0,4.0,9.0,5.0,0.0,0.0,7.0,2499.0,forsa,T
2000-12-13,36.0,40.0,6.0,8.0,6.0,0.0,0.0,0.0,4.0,,forsa,T
2000-12-06,38.0,39.0,6.0,7.0,5.0,0.0,0.0,0.0,5.0,,forsa,T
2000-11-29,36.0,40.0,6.0,7.0,6.0,0.0,0.0,0.0,5.0,,forsa,T
2000-11-22,37.0,39.0,6.0,8.0,5.0,0.0,0.0,0.0,5.0,,forsa,T
2000-11-15,35.0,41.0,6.0,6.0,6.0,0.0,0.0,0.0,6.0,,forsa,T
2000-11-08,35.0,41.0,6.0,7.0,6.0,0.0,0.0,0.0,5.0,,forsa,T
2000-11-01,36.0,41.0,6.0,7.0,6.0,0.0,0.0,0.0,4.0,,forsa,T
2000-10-25,35.0,41.0,6.0,8.0,6.0,0.0,0.0,0.0,4.0,,forsa,T
2000-10-18,35.0,42.0,6.0,7.0,6.0,0.0,0.0,0.0,4.0,,forsa,T
2000-10-11,35.0,40.0,7.0,8.0,5.0,0.0,0.0,0.0,5.0,,forsa,T
2000-10-04,36.0,39.0,7.0,8.0,5.0,0.0,0.0,0.0,5.0,,forsa,T
2000-09-27,36.0,40.0,6.0,7.0,6.0,0.0,0.0,0.0,5.0,,forsa,T
2000-09-20,34.0,42.0,6.0,7.0,5.0,0.0,0.0,0.0,6.0,,forsa,T
2000-09-13,32.0,44.0,6.0,8.0,5.0,0.0,0.0,0.0,5.0,,forsa,T
2000-09-06,34.0,43.0,6.0,7.0,5.0,0.0,0.0,0.0,5.0,,forsa,T
2000-08-30,33.0,43.0,6.0,7.0,5.0,0.0,0.0,0.0,6.0,,forsa,T
2000-08-24,33.0,43.0,6.0,8.0,5.0,0.0,0.0,0.0,5.0,,forsa,T
2000-08-17,33.0,43.0,6.0,8.0,5.0,0.0,0.0,0.0,5.0,,forsa,T
2000-08-10,33.0,42.0,6.0,9.0,5.0,0.0,0.0,0.0,5.0,,forsa,T
2000-08-03,33.0,43.0,6.0,8.0,5.0,0.0,0.0,0.0,5.0,,forsa,T
2000-07-27,33.0,42.0,6.0,9.0,5.0,0.0,0.0,0.0,5.0,,forsa,T
2000-07-20,33.0,43.0,5.0,9.0,4.0,0.0,0.0,0.0,6.0,,forsa,T
2000-07-13,37.0,38.0,5.0,11.0,4.0,0.0,0.0,0.0,5.0,,forsa,T
2000-07-06,38.0,39.0,5.0,9.0,4.0,0.0,0.0,0.0,5.0,,forsa,T
2000-06-29,37.0,38.0,5.0,9.0,5.0,0.0,0.0,0.0,6.0,,forsa,T
2000-06-22,38.0,36.0,6.0,10.0,5.0,0.0,0.0,0.0,5.0,,forsa,T
2000-06-15,38.0,38.0,6.0,10.0,4.0,0.0,0.0,0.0,4.0,,forsa,T
2000-06-08,37.0,38.0,6.0,9.0,5.0,0.0,0.0,0.0,5.0,,forsa,T
2000-05-31,36.0,40.0,6.0,9.0,4.0,0.0,0.0,0.0,5.0,,forsa,T
2000-05-25,35.0,40.0,7.0,9.0,4.0,0.0,0.0,0.0,5.0,,forsa,T
2000-05-18,36.0,40.0,6.0,8.0,4.0,0.0,0.0,0.0,6.0,,forsa,T
2000-05-11,37.0,41.0,6.0,6.0,5.0,0.0,0.0,0.0,5.0,,forsa,T
2000-05-04,38.0,40.0,7.0,6.0,5.0,0.0,0.0,0.0,4.0,,forsa,T
2000-04-27,37.0,39.0,7.0,6.0,5.0,0.0,0.0,0.0,6.0,,forsa,T
2000-04-20,38.0,41.0,6.0,5.0,6.0,0.0,0.0,0.0,4.0,,forsa,T
2000-04-13,33.0,41.0,7.0,7.0,7.0,0.0,0.0,0.0,5.0,,forsa,T
2000-04-06,33.0,41.0,7.0,8.0,7.0,0.0,0.0,0.0,4.0,,forsa,T
2000-03-30,33.0,41.0,7.0,7.0,7.0,0.0,0.0,0.0,5.0,,forsa,T
2000-03-23,31.0,41.0,7.0,7.0,7.0,0.0,0.0,0.0,7.0,,forsa,T
2000-03-16,32.0,42.0,7.0,7.0,7.0,0.0,0.0,0.0,5.0,,forsa,T
2000-03-09,29.0,43.0,7.0,8.0,7.0,0.0,0.0,0.0,6.0,,forsa,T
2000-03-02,29.0,44.0,7.0,8.0,7.0,0.0,0.0,0.0,5.0,,forsa,T
2000-02-24,26.0,43.0,7.0,10.0,8.0,0.0,0.0,0.0,6.0,,forsa,T
2000-02-17,28.0,42.0,8.0,7.0,8.0,0.0,0.0,0.0,7.0,,forsa,T
2000-02-10,26.0,41.0,9.0,10.0,8.0,0.0,0.0,0.0,6.0,,forsa,T
2000-02-03,28.0,42.0,7.0,9.0,7.0,0.0,0.0,0.0,7.0,,forsa,T
2000-01-27,29.0,42.0,7.0,8.0,7.0,0.0,0.0,0.0,7.0,,forsa,T
2000-01-20,29.0,44.0,6.0,8.0,8.0,0.0,0.0,0.0,5.0,,forsa,T
2000-01-13,37.0,40.0,6.0,5.0,7.0,0.0,0.0,0.0,5.0,,forsa,T
2000-01-06,38.0,40.0,6.0,5.0,7.0,0.0,0.0,0.0,4.0,,forsa,T
2001-12-13,37.0,38.0,5.0,7.0,8.0,0.0,0.0,0.0,5.0,,forsa,T
2001-12-06,34.0,41.0,6.0,9.0,6.0,0.0,0.0,0.0,4.0,,forsa,T
2001-11-29,33.0,41.0,6.0,9.0,7.0,0.0,0.0,0.0,4.0,,forsa,T
2001-11-22,33.0,42.0,5.0,9.0,7.0,0.0,0.0,0.0,4.0,,forsa,T
2001-11-15,33.0,41.0,6.0,9.0,7.0,0.0,0.0,0.0,4.0,,forsa,T
2001-11-08,33.0,41.0,6.0,9.0,7.0,0.0,0.0,0.0,4.0,,forsa,T
2001-11-01,32.0,41.0,6.0,10.0,7.0,0.0,0.0,0.0,4.0,,forsa,T
2001-10-25,35.0,42.0,6.0,7.0,6.0,0.0,0.0,0.0,4.0,,forsa,T
2001-10-18,35.0,42.0,6.0,8.0,5.0,0.0,0.0,0.0,4.0,,forsa,T
2001-10-11,34.0,42.0,6.0,8.0,6.0,0.0,0.0,0.0,4.0,,forsa,T
2001-10-04,35.0,42.0,6.0,8.0,5.0,0.0,0.0,0.0,4.0,,forsa,T
2001-09-27,36.0,41.0,6.0,8.0,5.0,0.0,0.0,0.0,4.0,,forsa,T
2001-09-20,37.0,40.0,6.0,8.0,5.0,0.0,0.0,0.0,4.0,,forsa,T
2001-09-13,36.0,37.0,7.0,9.0,6.0,0.0,0.0,0.0,5.0,,forsa,T
2001-09-06,37.0,37.0,7.0,9.0,6.0,0.0,0.0,0.0,4.0,,forsa,T
2001-08-30,37.0,36.0,7.0,10.0,6.0,0.0,0.0,0.0,4.0,,forsa,T
2001-08-23,36.0,37.0,7.0,10.0,6.0,0.0,0.0,0.0,4.0,,forsa,T
2001-08-16,35.0,38.0,7.0,9.0,7.0,0.0,0.0,0.0,4.0,,forsa,T
2001-08-09,34.0,39.0,7.0,10.0,6.0,0.0,0.0,0.0,4.0,,forsa,T
2001-08-02,33.0,39.0,8.0,10.0,6.0,0.0,0.0,0.0,4.0,,forsa,T
2001-07-26,34.0,39.0,7.0,9.0,7.0,0.0,0.0,0.0,4.0,,forsa,T
2001-07-19,34.0,39.0,7.0,10.0,6.0,0.0,0.0,0.0,4.0,,forsa,T
2001-07-12,34.0,39.0,7.0,10.0,6.0,0.0,0.0,0.0,4.0,,forsa,T
2001-07-05,35.0,38.0,7.0,10.0,7.0,0.0,0.0,0.0,3.0,,forsa,T
2001-06-28,34.0,38.0,7.0,10.0,8.0,0.0,0.0,0.0,3.0,,forsa,T
2001-06-21,36.0,39.0,7.0,9.0,5.0,0.0,0.0,0.0,4.0,,forsa,T
2001-06-14,34.0,41.0,7.0,10.0,4.0,0.0,0.0,0.0,4.0,,forsa,T
2001-06-07,33.0,42.0,6.0,10.0,5.0,0.0,0.0,0.0,4.0,,forsa,T
2001-05-31,34.0,40.0,7.0,10.0,5.0,0.0,0.0,0.0,4.0,,forsa,T
2001-05-23,34.0,40.0,6.0,11.0,5.0,0.0,0.0,0.0,4.0,,forsa,T
2001-05-17,33.0,40.0,6.0,12.0,5.0,0.0,0.0,0.0,4.0,,forsa,T
2001-05-10,33.0,42.0,6.0,9.0,6.0,0.0,0.0,0.0,4.0,,forsa,T
2001-05-03,36.0,41.0,6.0,8.0,5.0,0.0,0.0,0.0,4.0,,forsa,T
2001-04-26,34.0,41.0,7.0,9.0,5.0,0.0,0.0,0.0,4.0,,forsa,T
2001-04-19,35.0,41.0,6.0,7.0,6.0,0.0,0.0,0.0,5.0,,forsa,T
2001-04-11,36.0,42.0,6.0,7.0,5.0,0.0,0.0,0.0,4.0,,forsa,T
2001-04-05,35.0,42.0,6.0,8.0,5.0,0.0,0.0,0.0,4.0,,forsa,T
2001-03-29,34.0,41.0,7.0,8.0,5.0,0.0,0.0,0.0,5.0,,forsa,T
2001-03-22,34.0,41.0,7.0,8.0,5.0,0.0,0.0,0.0,5.0,,forsa,T
2001-03-15,33.0,41.0,7.0,9.0,5.0,0.0,0.0,0.0,5.0,,forsa,T
2001-03-08,33.0,41.0,8.0,8.0,6.0,0.0,0.0,0.0,4.0,,forsa,T
2001-03-01,33.0,41.0,7.0,8.0,6.0,0.0,0.0,0.0,5.0,,forsa,T
2001-02-22,33.0,42.0,8.0,8.0,5.0,0.0,0.0,0.0,4.0,,forsa,T
2001-02-15,33.0,42.0,8.0,8.0,5.0,0.0,0.0,0.0,4.0,,forsa,T
2001-02-08,34.0,41.0,8.0,8.0,5.0,0.0,0.0,0.0,4.0,,forsa,T
2001-02-01,34.0,40.0,8.0,8.0,5.0,0.0,0.0,0.0,5.0,,forsa,T
2001-01-25,35.0,39.0,8.0,8.0,5.0,0.0,0.0,0.0,5.0,,forsa,T
2001-01-17,35.0,39.0,7.0,8.0,6.0,0.0,0.0,0.0,5.0,,forsa,T
2001-01-10,36.0,40.0,6.0,7.0,6.0,0.0,0.0,0.0,5.0,,forsa,T
2001-01-03,37.0,40.0,6.0,6.0,6.0,0.0,0.0,0.0,5.0,,forsa,T
2002-12-17,48.0,30.0,10.0,4.0,4.0,0.0,0.0,0.0,4.0,2511.0,forsa,T
2002-12-11,48.0,29.0,11.0,4.0,4.0,0.0,0.0,0.0,4.0,2502.0,forsa,T
2002-12-04,50.0,27.0,11.0,4.0,4.0,0.0,0.0,0.0,4.0,2501.0,forsa,T
2002-11-27,50.0,28.0,10.0,5.0,4.0,0.0,0.0,0.0,3.0,2509.0,forsa,T
2002-11-20,48.0,30.0,10.0,4.0,4.0,0.0,0.0,0.0,4.0,2507.0,forsa,T
2002-11-13,46.0,32.0,10.0,5.0,4.0,0.0,0.0,0.0,3.0,2501.0,forsa,T
2002-11-06,45.0,33.0,10.0,5.0,4.0,0.0,0.0,0.0,3.0,2502.0,forsa,T
2002-10-30,43.0,35.0,10.0,6.0,3.0,0.0,0.0,0.0,3.0,2505.0,forsa,T
2002-10-23,41.0,37.0,10.0,7.0,3.0,0.0,0.0,0.0,2.0,2507.0,forsa,T
2002-10-17,40.0,38.0,10.0,6.0,3.0,0.0,0.0,0.0,3.0,2505.0,forsa,T
2002-10-09,40.0,38.0,10.0,6.0,4.0,0.0,0.0,0.0,2.0,2003.0,forsa,T
2002-10-01,39.0,39.0,10.0,7.0,3.0,0.0,0.0,0.0,2.0,2505.0,forsa,T
2002-09-18,38.0,40.0,7.0,8.0,4.0,0.0,0.0,0.0,3.0,3006.0,forsa,T
2002-09-13,38.0,40.0,7.0,8.0,4.0,0.0,0.0,0.0,3.0,,forsa,T
2002-09-11,38.0,38.0,8.0,9.0,5.0,0.0,0.0,0.0,2.0,3022.0,forsa,T
2002-09-06,39.0,39.0,7.0,9.0,4.0,0.0,0.0,0.0,2.0,2006.0,forsa,T
2002-09-04,39.0,39.0,7.0,8.0,4.0,0.0,0.0,0.0,3.0,3002.0,forsa,T
2002-08-29,39.0,38.0,7.0,9.0,4.0,0.0,0.0,0.0,3.0,,forsa,T
2002-08-28,40.0,38.0,7.0,8.0,5.0,0.0,0.0,0.0,2.0,3001.0,forsa,T
2002-08-23,40.0,38.0,7.0,8.0,5.0,0.0,0.0,0.0,2.0,2016.0,forsa,T
2002-08-17,40.0,36.0,7.0,8.0,5.0,0.0,0.0,0.0,4.0,1508.0,forsa,T
2002-08-14,41.0,35.0,6.0,10.0,4.0,0.0,0.0,0.0,4.0,3008.0,forsa,T
2002-08-08,41.0,36.0,6.0,9.0,4.0,0.0,0.0,0.0,4.0,,forsa,T
2002-08-07,42.0,35.0,6.0,9.0,5.0,0.0,0.0,0.0,3.0,3005.0,forsa,T
2002-08-01,43.0,34.0,6.0,9.0,5.0,0.0,0.0,0.0,3.0,,forsa,T
2002-07-31,42.0,35.0,6.0,9.0,5.0,0.0,0.0,0.0,3.0,2002.0,forsa,T
2002-07-25,42.0,35.0,6.0,9.0,6.0,0.0,0.0,0.0,2.0,,forsa,T
2002-07-24,40.0,36.0,6.0,9.0,6.0,0.0,0.0,0.0,3.0,3007.0,forsa,T
2002-07-17,40.0,37.0,6.0,8.0,5.0,0.0,0.0,0.0,4.0,3006.0,forsa,T
2002-07-10,39.0,36.0,7.0,8.0,6.0,0.0,0.0,0.0,4.0,3007.0,forsa,T
2002-07-04,39.0,36.0,7.0,8.0,6.0,0.0,0.0,0.0,4.0,,forsa,T
2002-07-02,39.0,36.0,6.0,9.0,6.0,0.0,0.0,0.0,4.0,3004.0,forsa,T
2002-06-26,41.0,35.0,6.0,9.0,5.0,0.0,0.0,0.0,4.0,2503.0,forsa,T
2002-06-21,41.0,35.0,6.0,9.0,5.0,0.0,0.0,0.0,4.0,2009.0,forsa,T
2002-06-19,38.0,36.0,6.0,10.0,6.0,0.0,0.0,0.0,4.0,3031.0,forsa,T
2002-06-14,38.0,36.0,6.0,10.0,6.0,0.0,0.0,0.0,4.0,3006.0,forsa,T
2002-06-12,38.0,36.0,6.0,10.0,6.0,0.0,0.0,0.0,4.0,3005.0,forsa,T
2002-06-06,39.0,35.0,7.0,10.0,6.0,0.0,0.0,0.0,3.0,,forsa,T
2002-06-04,40.0,35.0,6.0,9.0,6.0,0.0,0.0,0.0,4.0,3006.0,forsa,T
2002-05-31,40.0,34.0,5.0,10.0,6.0,0.0,0.0,0.0,5.0,,forsa,T
2002-05-29,38.0,34.0,6.0,12.0,6.0,0.0,0.0,0.0,4.0,2009.0,forsa,T
2002-05-25,39.0,33.0,6.0,12.0,6.0,0.0,0.0,0.0,4.0,,forsa,T
2002-05-19,39.0,33.0,7.0,12.0,6.0,0.0,0.0,0.0,3.0,,forsa,T
2002-05-15,41.0,32.0,7.0,11.0,6.0,0.0,0.0,0.0,3.0,1009.0,forsa,T
2002-05-07,41.0,31.0,7.0,12.0,6.0,0.0,0.0,0.0,3.0,2009.0,forsa,T
2002-04-29,41.0,32.0,6.0,11.0,6.0,0.0,0.0,0.0,4.0,2500.0,forsa,T
2002-04-24,39.0,34.0,7.0,11.0,6.0,0.0,0.0,0.0,3.0,,forsa,T
2002-04-17,40.0,35.0,7.0,9.0,5.0,0.0,0.0,0.0,4.0,2508.0,forsa,T
2002-04-10,40.0,33.0,7.0,9.0,7.0,0.0,0.0,0.0,4.0,2004.0,forsa,T
2002-04-03,40.0,34.0,6.0,9.0,7.0,0.0,0.0,0.0,4.0,,forsa,T
2002-03-26,41.0,34.0,6.0,9.0,6.0,0.0,0.0,0.0,4.0,2501.0,forsa,T
2002-03-20,41.0,33.0,6.0,9.0,7.0,0.0,0.0,0.0,4.0,2509.0,forsa,T
2002-03-13,40.0,35.0,6.0,9.0,6.0,0.0,0.0,0.0,4.0,2500.0,forsa,T
2002-03-06,41.0,34.0,6.0,8.0,7.0,0.0,0.0,0.0,4.0,,forsa,T
2002-02-28,40.0,35.0,6.0,9.0,6.0,0.0,0.0,0.0,4.0,,forsa,T
2002-02-21,41.0,35.0,6.0,8.0,6.0,0.0,0.0,0.0,4.0,,forsa,T
2002-02-10,42.0,34.0,6.0,8.0,6.0,0.0,0.0,0.0,4.0,,forsa,T
2002-02-07,41.0,36.0,6.0,8.0,6.0,0.0,0.0,0.0,3.0,,forsa,T
2002-01-31,40.0,35.0,6.0,9.0,6.0,0.0,0.0,0.0,4.0,,forsa,T
2002-01-24,41.0,36.0,5.0,8.0,6.0,0.0,0.0,0.0,4.0,,forsa,T
2002-01-17,41.0,36.0,6.0,7.0,6.0,0.0,0.0,0.0,4.0,,forsa,T
2002-01-10,37.0,38.0,6.0,9.0,6.0,0.0,0.0,0.0,4.0,,forsa,T
2002-01-03,38.0,38.0,5.0,8.0,7.0,0.0,0.0,0.0,4.0,,forsa,T
2003-12-31,49.0,27.0,11.0,6.0,4.0,0.0,0.0,0.0,3.0,1009.0,forsa,T
2003-12-22,49.0,28.0,10.0,6.0,4.0,0.0,0.0,0.0,3.0,2502.0,forsa,T
2003-12-16,47.0,27.0,11.0,7.0,5.0,0.0,0.0,0.0,3.0,2501.0,forsa,T
2003-12-09,48.0,26.0,11.0,6.0,5.0,0.0,0.0,0.0,4.0,2507.0,forsa,T
2003-12-02,48.0,26.0,11.0,7.0,4.0,0.0,0.0,0.0,4.0,2503.0,forsa,T
2003-11-25,47.0,26.0,11.0,7.0,5.0,0.0,0.0,0.0,4.0,2507.0,forsa,T
2003-11-18,48.0,25.0,11.0,7.0,5.0,0.0,0.0,0.0,4.0,2501.0,forsa,T
2003-11-11,49.0,25.0,11.0,6.0,5.0,0.0,0.0,0.0,4.0,2502.0,forsa,T
2003-11-05,51.0,23.0,11.0,6.0,5.0,0.0,0.0,0.0,4.0,2504.0,forsa,T
2003-10-28,51.0,24.0,11.0,7.0,4.0,0.0,0.0,0.0,3.0,2502.0,forsa,T
2003-10-21,51.0,25.0,11.0,6.0,4.0,0.0,0.0,0.0,3.0,2499.0,forsa,T
2003-10-14,51.0,25.0,11.0,6.0,4.0,0.0,0.0,0.0,3.0,2509.0,forsa,T
2003-10-07,50.0,26.0,11.0,6.0,4.0,0.0,0.0,0.0,3.0,2005.0,forsa,T
2003-09-30,50.0,26.0,12.0,6.0,3.0,0.0,0.0,0.0,3.0,2516.0,forsa,T
2003-09-23,47.0,28.0,11.0,7.0,3.0,0.0,0.0,0.0,4.0,2502.0,forsa,T
2003-09-16,46.0,30.0,11.0,7.0,3.0,0.0,0.0,0.0,3.0,2536.0,forsa,T
2003-09-09,45.0,30.0,12.0,7.0,3.0,0.0,0.0,0.0,3.0,2506.0,forsa,T
2003-09-02,44.0,30.0,11.0,7.0,4.0,0.0,0.0,0.0,4.0,2509.0,forsa,T
2003-08-26,44.0,30.0,11.0,7.0,4.0,0.0,0.0,0.0,4.0,2501.0,forsa,T
2003-08-19,43.0,30.0,11.0,8.0,4.0,0.0,0.0,0.0,4.0,2507.0,forsa,T
2003-08-12,45.0,30.0,11.0,7.0,4.0,0.0,0.0,0.0,3.0,2496.0,forsa,T
2003-08-05,46.0,31.0,10.0,6.0,4.0,0.0,0.0,0.0,3.0,2508.0,forsa,T
2003-07-29,45.0,31.0,11.0,7.0,3.0,0.0,0.0,0.0,3.0,2506.0,forsa,T
2003-07-22,44.0,32.0,10.0,7.0,4.0,0.0,0.0,0.0,3.0,2503.0,forsa,T
2003-07-15,45.0,32.0,11.0,6.0,3.0,0.0,0.0,0.0,3.0,2505.0,forsa,T
2003-07-08,44.0,32.0,10.0,7.0,4.0,0.0,0.0,0.0,3.0,2503.0,forsa,T
2003-07-02,45.0,32.0,10.0,6.0,4.0,0.0,0.0,0.0,3.0,1005.0,forsa,T
2003-06-24,45.0,31.0,12.0,6.0,3.0,0.0,0.0,0.0,3.0,2511.0,forsa,T
2003-06-17,46.0,30.0,12.0,6.0,3.0,0.0,0.0,0.0,3.0,2002.0,forsa,T
2003-06-10,45.0,30.0,11.0,7.0,4.0,0.0,0.0,0.0,3.0,2506.0,forsa,T
2003-06-03,45.0,30.0,10.0,8.0,4.0,0.0,0.0,0.0,3.0,1021.0,forsa,T
2003-05-27,49.0,25.0,12.0,7.0,4.0,0.0,0.0,0.0,3.0,2505.0,forsa,T
2003-05-20,48.0,26.0,12.0,7.0,4.0,0.0,0.0,0.0,3.0,2502.0,forsa,T
2003-05-13,49.0,26.0,12.0,6.0,4.0,0.0,0.0,0.0,3.0,1003.0,forsa,T
2003-05-06,48.0,27.0,12.0,6.0,4.0,0.0,0.0,0.0,3.0,2002.0,forsa,T
2003-04-29,46.0,29.0,11.0,6.0,5.0,0.0,0.0,0.0,3.0,2006.0,forsa,T
2003-04-23,45.0,30.0,11.0,7.0,4.0,0.0,0.0,0.0,3.0,2002.0,forsa,T
2003-04-16,44.0,33.0,11.0,6.0,3.0,0.0,0.0,0.0,3.0,2512.0,forsa,T
2003-04-09,44.0,33.0,11.0,6.0,3.0,0.0,0.0,0.0,3.0,,forsa,T
2003-04-01,44.0,33.0,11.0,6.0,3.0,0.0,0.0,0.0,3.0,2506.0,forsa,T
2003-03-23,45.0,32.0,11.0,6.0,3.0,0.0,0.0,0.0,3.0,2501.0,forsa,T
2003-03-19,48.0,29.0,11.0,6.0,3.0,0.0,0.0,0.0,3.0,2502.0,forsa,T
2003-03-12,48.0,29.0,11.0,6.0,3.0,0.0,0.0,0.0,3.0,2531.0,forsa,T
2003-03-04,47.0,30.0,11.0,6.0,3.0,0.0,0.0,0.0,3.0,2512.0,forsa,T
2003-02-26,47.0,29.0,12.0,6.0,3.0,0.0,0.0,0.0,3.0,2503.0,forsa,T
2003-02-19,48.0,28.0,12.0,6.0,3.0,0.0,0.0,0.0,3.0,2502.0,forsa,T
2003-02-11,48.0,27.0,12.0,7.0,3.0,0.0,0.0,0.0,3.0,2517.0,forsa,T
2003-02-04,49.0,27.0,11.0,7.0,3.0,0.0,0.0,0.0,3.0,1007.0,forsa,T
2003-01-29,47.0,31.0,10.0,5.0,4.0,0.0,0.0,0.0,3.0,2505.0,forsa,T
2003-01-22,47.0,31.0,11.0,5.0,3.0,0.0,0.0,0.0,3.0,2506.0,forsa,T
2003-01-15,47.0,31.0,10.0,5.0,4.0,0.0,0.0,0.0,3.0,2502.0,forsa,T
2003-01-07,47.0,31.0,11.0,5.0,3.0,0.0,0.0,0.0,3.0,1502.0,forsa,T
2003-01-01,48.0,30.0,11.0,5.0,3.0,0.0,0.0,0.0,3.0,1007.0,forsa,T
2004-12-28,38.0,34.0,10.0,8.0,5.0,0.0,0.0,0.0,5.0,2007.0,forsa,T
2004-12-21,40.0,33.0,10.0,7.0,5.0,0.0,0.0,0.0,5.0,2506.0,forsa,T
2004-12-14,39.0,32.0,11.0,8.0,5.0,0.0,0.0,0.0,5.0,2507.0,forsa,T
2004-12-07,38.0,33.0,11.0,8.0,6.0,0.0,0.0,0.0,4.0,25.0,forsa,T
2004-11-30,38.0,32.0,12.0,8.0,5.0,0.0,0.0,0.0,5.0,2503.0,forsa,T
2004-11-23,38.0,31.0,11.0,9.0,6.0,0.0,0.0,0.0,5.0,2504.0,forsa,T
2004-11-16,40.0,31.0,11.0,8.0,5.0,0.0,0.0,0.0,5.0,2499.0,forsa,T
2004-11-09,39.0,32.0,11.0,8.0,5.0,0.0,0.0,0.0,5.0,2508.0,forsa,T
2004-11-02,38.0,33.0,11.0,8.0,5.0,0.0,0.0,0.0,5.0,2502.0,forsa,T
2004-10-26,38.0,33.0,12.0,8.0,4.0,0.0,0.0,0.0,5.0,2507.0,forsa,T
2004-10-19,38.0,33.0,11.0,8.0,5.0,0.0,0.0,0.0,5.0,2508.0,forsa,T
2004-10-13,39.0,31.0,11.0,8.0,6.0,0.0,0.0,0.0,5.0,2503.0,forsa,T
2004-10-05,40.0,29.0,12.0,8.0,6.0,0.0,0.0,0.0,5.0,2509.0,forsa,T
2004-09-28,39.0,29.0,12.0,8.0,7.0,0.0,0.0,0.0,5.0,2501.0,forsa,T
2004-09-21,41.0,28.0,11.0,8.0,7.0,0.0,0.0,0.0,5.0,2501.0,forsa,T
2004-09-14,41.0,27.0,12.0,8.0,7.0,0.0,0.0,0.0,5.0,2503.0,forsa,T
2004-09-07,41.0,27.0,13.0,8.0,6.0,0.0,0.0,0.0,5.0,2506.0,forsa,T
2004-08-31,42.0,26.0,12.0,8.0,7.0,0.0,0.0,0.0,5.0,2504.0,forsa,T
2004-08-24,42.0,26.0,13.0,8.0,7.0,0.0,0.0,0.0,4.0,2503.0,forsa,T
2004-08-17,43.0,24.0,13.0,8.0,7.0,0.0,0.0,0.0,5.0,25.0,forsa,T
2004-08-10,43.0,26.0,13.0,8.0,6.0,0.0,0.0,0.0,4.0,2504.0,forsa,T
2004-08-03,44.0,25.0,13.0,7.0,6.0,0.0,0.0,0.0,5.0,251.0,forsa,T
2004-07-27,43.0,26.0,13.0,7.0,6.0,0.0,0.0,0.0,5.0,2504.0,forsa,T
2004-07-20,44.0,25.0,13.0,7.0,6.0,0.0,0.0,0.0,5.0,2503.0,forsa,T
2004-07-13,46.0,23.0,12.0,8.0,6.0,0.0,0.0,0.0,5.0,2507.0,forsa,T
2004-07-06,45.0,24.0,12.0,9.0,6.0,0.0,0.0,0.0,4.0,2506.0,forsa,T
2004-06-29,45.0,24.0,12.0,8.0,6.0,0.0,0.0,0.0,5.0,25.0,forsa,T
2004-06-22,45.0,24.0,13.0,8.0,6.0,0.0,0.0,0.0,4.0,2501.0,forsa,T
2004-06-15,45.0,27.0,12.0,7.0,5.0,0.0,0.0,0.0,4.0,2502.0,forsa,T
2004-06-08,46.0,28.0,11.0,7.0,5.0,0.0,0.0,0.0,3.0,2001.0,forsa,T
2004-06-01,48.0,27.0,10.0,7.0,4.0,0.0,0.0,0.0,4.0,2502.0,forsa,T
2004-05-25,46.0,26.0,12.0,7.0,5.0,0.0,0.0,0.0,4.0,2007.0,forsa,T
2004-05-18,47.0,26.0,12.0,6.0,5.0,0.0,0.0,0.0,4.0,2507.0,forsa,T
2004-05-11,46.0,27.0,11.0,7.0,5.0,0.0,0.0,0.0,4.0,2501.0,forsa,T
2004-05-04,46.0,27.0,11.0,7.0,5.0,0.0,0.0,0.0,4.0,2502.0,forsa,T
2004-04-27,47.0,27.0,12.0,6.0,4.0,0.0,0.0,0.0,4.0,2509.0,forsa,T
2004-04-20,47.0,27.0,11.0,6.0,5.0,0.0,0.0,0.0,4.0,2007.0,forsa,T
2004-04-13,47.0,28.0,11.0,6.0,5.0,0.0,0.0,0.0,3.0,2005.0,forsa,T
2004-04-06,47.0,27.0,11.0,6.0,5.0,0.0,0.0,0.0,4.0,2507.0,forsa,T
2004-03-30,47.0,27.0,11.0,6.0,5.0,0.0,0.0,0.0,4.0,2509.0,forsa,T
2004-03-23,48.0,26.0,12.0,6.0,5.0,0.0,0.0,0.0,3.0,2504.0,forsa,T
2004-03-16,49.0,25.0,12.0,6.0,5.0,0.0,0.0,0.0,3.0,2508.0,forsa,T
2004-03-09,49.0,25.0,12.0,6.0,4.0,0.0,0.0,0.0,4.0,2514.0,forsa,T
2004-03-02,47.0,26.0,12.0,8.0,4.0,0.0,0.0,0.0,3.0,2509.0,forsa,T
2004-02-24,47.0,26.0,11.0,7.0,5.0,0.0,0.0,0.0,4.0,2507.0,forsa,T
2004-02-17,47.0,26.0,11.0,7.0,5.0,0.0,0.0,0.0,4.0,2534.0,forsa,T
2004-02-10,47.0,26.0,11.0,8.0,4.0,0.0,0.0,0.0,4.0,1004.0,forsa,T
2004-02-03,49.0,24.0,10.0,8.0,5.0,0.0,0.0,0.0,4.0,2506.0,forsa,T
2004-01-27,50.0,24.0,9.0,8.0,5.0,0.0,0.0,0.0,4.0,2505.0,forsa,T
2004-01-20,49.0,26.0,10.0,7.0,4.0,0.0,0.0,0.0,4.0,2515.0,forsa,T
2004-01-13,48.0,27.0,11.0,6.0,5.0,0.0,0.0,0.0,3.0,2505.0,forsa,T
2004-01-06,48.0,28.0,10.0,6.0,4.0,0.0,0.0,0.0,4.0,1002.0,forsa,T
2005-12-28,37.0,32.0,8.0,11.0,8.0,0.0,0.0,0.0,4.0,2500.0,forsa,T
2005-12-21,36.0,32.0,8.0,11.0,9.0,0.0,0.0,0.0,4.0,2498.0,forsa,T
2005-12-14,36.0,31.0,8.0,12.0,9.0,0.0,0.0,0.0,4.0,2502.0,forsa,T
2005-12-07,34.0,33.0,9.0,11.0,9.0,0.0,0.0,0.0,4.0,2506.0,forsa,T
2005-11-30,35.0,31.0,9.0,12.0,9.0,0.0,0.0,0.0,4.0,2501.0,forsa,T
2005-11-23,33.0,33.0,8.0,12.0,10.0,0.0,0.0,0.0,4.0,2502.0,forsa,T
2005-11-15,32.0,33.0,9.0,12.0,9.0,0.0,0.0,0.0,5.0,2506.0,forsa,T
2005-11-08,34.0,32.0,9.0,12.0,9.0,0.0,0.0,0.0,4.0,2497.0,forsa,T
2005-11-02,35.0,34.0,8.0,11.0,8.0,0.0,0.0,0.0,4.0,2499.0,forsa,T
2005-10-26,36.0,33.0,9.0,10.0,9.0,0.0,0.0,0.0,3.0,2502.0,forsa,T
2005-10-19,35.0,34.0,9.0,10.0,8.0,0.0,0.0,0.0,4.0,2006.0,forsa,T
2005-10-12,36.0,34.0,8.0,10.0,9.0,0.0,0.0,0.0,3.0,2001.0,forsa,T
2005-10-05,36.0,34.0,8.0,11.0,8.0,0.0,0.0,0.0,3.0,2501.0,forsa,T
2005-09-28,36.0,34.0,8.0,11.0,8.0,0.0,0.0,0.0,3.0,2501.0,forsa,T
2005-09-12,42.0,35.0,7.0,6.0,7.0,0.0,0.0,0.0,3.0,2504.0,forsa,T
2005-09-07,42.0,34.0,7.0,6.0,8.0,0.0,0.0,0.0,3.0,1030.0,forsa,T
2005-09-03,43.0,31.0,7.0,7.0,9.0,0.0,0.0,0.0,3.0,2507.0,forsa,T
2005-08-29,43.0,30.0,7.0,8.0,8.0,0.0,0.0,0.0,4.0,2501.0,forsa,T
2005-08-22,43.0,29.0,7.0,8.0,9.0,0.0,0.0,0.0,4.0,2508.0,forsa,T
2005-08-13,43.0,29.0,7.0,7.0,10.0,0.0,0.0,0.0,4.0,2503.0,forsa,T
2005-08-10,42.0,28.0,7.0,7.0,12.0,0.0,0.0,0.0,4.0,2501.0,forsa,T
2005-08-03,45.0,26.0,7.0,7.0,12.0,0.0,0.0,0.0,3.0,2507.0,forsa,T
2005-07-27,44.0,27.0,8.0,7.0,11.0,0.0,0.0,0.0,3.0,2504.0,forsa,T
2005-07-20,44.0,27.0,8.0,7.0,11.0,0.0,0.0,0.0,3.0,2505.0,forsa,T
2005-07-13,46.0,27.0,7.0,7.0,10.0,0.0,0.0,0.0,3.0,2503.0,forsa,T
2005-07-06,47.0,26.0,7.0,6.0,10.0,0.0,0.0,0.0,4.0,2501.0,forsa,T
2005-06-28,47.0,26.0,7.0,6.0,11.0,0.0,0.0,0.0,3.0,2504.0,forsa,T
2005-06-22,49.0,26.0,7.0,6.0,9.0,0.0,0.0,0.0,3.0,2501.0,forsa,T
2005-06-15,49.0,27.0,7.0,7.0,5.0,0.0,0.0,0.0,5.0,1101.0,forsa,T
2005-06-08,49.0,28.0,8.0,6.0,5.0,0.0,0.0,0.0,4.0,2504.0,forsa,T
2005-06-01,49.0,28.0,8.0,7.0,4.0,0.0,0.0,0.0,4.0,2501.0,forsa,T
2005-05-24,45.0,28.0,8.0,9.0,5.0,0.0,0.0,0.0,5.0,2003.0,forsa,T
2005-05-18,46.0,28.0,8.0,9.0,4.0,0.0,0.0,0.0,5.0,2506.0,forsa,T
2005-05-11,45.0,28.0,8.0,8.0,5.0,0.0,0.0,0.0,6.0,2002.0,forsa,T
2005-05-03,45.0,29.0,8.0,8.0,5.0,0.0,0.0,0.0,5.0,2502.0,forsa,T
2005-04-27,46.0,28.0,8.0,7.0,5.0,0.0,0.0,0.0,6.0,2503.0,forsa,T
2005-04-20,46.0,28.0,9.0,7.0,5.0,0.0,0.0,0.0,5.0,2503.0,forsa,T
2005-04-13,46.0,28.0,8.0,7.0,5.0,0.0,0.0,0.0,6.0,2504.0,forsa,T
2005-04-06,46.0,28.0,8.0,8.0,5.0,0.0,0.0,0.0,5.0,2002.0,forsa,T
2005-03-29,46.0,28.0,8.0,8.0,5.0,0.0,0.0,0.0,5.0,2008.0,forsa,T
2005-03-22,46.0,29.0,9.0,7.0,4.0,0.0,0.0,0.0,5.0,2505.0,forsa,T
2005-03-16,44.0,31.0,8.0,7.0,4.0,0.0,0.0,0.0,6.0,2502.0,forsa,T
2005-03-09,43.0,31.0,8.0,7.0,5.0,0.0,0.0,0.0,6.0,2503.0,forsa,T
2005-03-02,42.0,32.0,8.0,7.0,5.0,0.0,0.0,0.0,6.0,2500.0,forsa,T
2005-02-23,40.0,34.0,9.0,7.0,4.0,0.0,0.0,0.0,6.0,2502.0,forsa,T
2005-02-15,40.0,33.0,10.0,8.0,4.0,0.0,0.0,0.0,5.0,2502.0,forsa,T
2005-02-09,40.0,34.0,10.0,7.0,4.0,0.0,0.0,0.0,5.0,2501.0,forsa,T
2005-02-02,37.0,35.0,11.0,8.0,4.0,0.0,0.0,0.0,5.0,2503.0,forsa,T
2005-01-26,37.0,35.0,11.0,8.0,4.0,0.0,0.0,0.0,5.0,2499.0,forsa,T
2005-01-19,38.0,35.0,10.0,8.0,5.0,0.0,0.0,0.0,4.0,2502.0,forsa,T
2005-01-11,38.0,35.0,10.0,7.0,5.0,0.0,0.0,0.0,5.0,2501.0,forsa,T
2005-01-04,38.0,34.0,10.0,8.0,5.0,0.0,0.0,0.0,5.0,2005.0,forsa,T
2006-12-27,33.0,28.0,11.0,13.0,9.0,0.0,0.0,0.0,6.0,2501.0,forsa,T
2006-12-20,31.0,29.0,10.0,14.0,10.0,0.0,0.0,0.0,6.0,2498.0,forsa,T
2006-12-13,32.0,27.0,11.0,14.0,10.0,0.0,0.0,0.0,6.0,2505.0,forsa,T
2006-12-06,33.0,26.0,11.0,13.0,11.0,0.0,0.0,0.0,6.0,2509.0,forsa,T
2006-11-29,32.0,28.0,11.0,12.0,11.0,0.0,0.0,0.0,6.0,2504.0,forsa,T
2006-11-22,29.0,29.0,11.0,15.0,10.0,0.0,0.0,0.0,6.0,2502.0,forsa,T
2006-11-15,29.0,29.0,10.0,15.0,11.0,0.0,0.0,0.0,6.0,2503.0,forsa,T
2006-11-08,30.0,30.0,9.0,14.0,11.0,0.0,0.0,0.0,6.0,2501.0,forsa,T
2006-11-01,28.0,29.0,11.0,15.0,11.0,0.0,0.0,0.0,6.0,2509.0,forsa,T
2006-10-25,30.0,29.0,11.0,14.0,10.0,0.0,0.0,0.0,6.0,2503.0,forsa,T
2006-10-18,30.0,32.0,10.0,14.0,9.0,0.0,0.0,0.0,5.0,2499.0,forsa,T
2006-10-11,29.0,30.0,10.0,15.0,10.0,0.0,0.0,0.0,6.0,2001.0,forsa,T
2006-10-04,29.0,30.0,10.0,15.0,10.0,0.0,0.0,0.0,6.0,2502.0,forsa,T
2006-09-25,29.0,30.0,9.0,15.0,10.0,0.0,0.0,0.0,7.0,2499.0,forsa,T
2006-09-20,32.0,27.0,10.0,15.0,10.0,0.0,0.0,0.0,6.0,25.0,forsa,T
2006-09-13,30.0,28.0,10.0,15.0,10.0,0.0,0.0,0.0,7.0,2201.0,forsa,T
2006-09-06,30.0,29.0,10.0,14.0,11.0,0.0,0.0,0.0,6.0,2499.0,forsa,T
2006-08-30,30.0,29.0,10.0,14.0,12.0,0.0,0.0,0.0,5.0,2501.0,forsa,T
2006-08-23,31.0,29.0,10.0,15.0,9.0,0.0,0.0,0.0,6.0,25.0,forsa,T
2006-08-16,31.0,30.0,10.0,14.0,10.0,0.0,0.0,0.0,5.0,2501.0,forsa,T
2006-08-09,32.0,29.0,10.0,13.0,10.0,0.0,0.0,0.0,6.0,2503.0,forsa,T
2006-08-02,31.0,29.0,10.0,14.0,10.0,0.0,0.0,0.0,6.0,2505.0,forsa,T
2006-07-26,33.0,29.0,9.0,14.0,10.0,0.0,0.0,0.0,5.0,2501.0,forsa,T
2006-07-19,33.0,28.0,10.0,14.0,10.0,0.0,0.0,0.0,5.0,2499.0,forsa,T
2006-07-12,32.0,28.0,10.0,14.0,10.0,0.0,0.0,0.0,6.0,2501.0,forsa,T
2006-07-05,33.0,28.0,10.0,13.0,10.0,0.0,0.0,0.0,6.0,2506.0,forsa,T
2006-06-28,33.0,30.0,9.0,13.0,10.0,0.0,0.0,0.0,5.0,2502.0,forsa,T
2006-06-21,34.0,29.0,10.0,12.0,10.0,0.0,0.0,0.0,5.0,25.0,forsa,T
2006-06-13,35.0,28.0,9.0,12.0,10.0,0.0,0.0,0.0,6.0,2001.0,forsa,T
2006-06-07,35.0,27.0,9.0,13.0,10.0,0.0,0.0,0.0,6.0,2501.0,forsa,T
2006-05-31,34.0,28.0,9.0,13.0,10.0,0.0,0.0,0.0,6.0,2003.0,forsa,T
2006-05-23,35.0,28.0,9.0,13.0,10.0,0.0,0.0,0.0,5.0,2499.0,forsa,T
2006-05-17,38.0,27.0,9.0,11.0,10.0,0.0,0.0,0.0,5.0,2497.0,forsa,T
2006-05-10,39.0,29.0,9.0,9.0,9.0,0.0,0.0,0.0,5.0,2002.0,forsa,T
2006-05-03,39.0,29.0,10.0,9.0,8.0,0.0,0.0,0.0,5.0,2499.0,forsa,T
2006-04-26,37.0,29.0,9.0,11.0,9.0,0.0,0.0,0.0,5.0,2505.0,forsa,T
2006-04-19,39.0,29.0,9.0,10.0,9.0,0.0,0.0,0.0,4.0,2003.0,forsa,T
2006-04-11,39.0,28.0,10.0,10.0,9.0,0.0,0.0,0.0,4.0,2499.0,forsa,T
2006-04-05,39.0,27.0,10.0,10.0,9.0,0.0,0.0,0.0,5.0,2504.0,forsa,T
2006-03-29,38.0,28.0,9.0,11.0,9.0,0.0,0.0,0.0,5.0,2508.0,forsa,T
2006-03-22,39.0,28.0,9.0,11.0,9.0,0.0,0.0,0.0,4.0,2505.0,forsa,T
2006-03-15,40.0,27.0,9.0,11.0,9.0,0.0,0.0,0.0,4.0,2501.0,forsa,T
2006-03-08,41.0,27.0,9.0,10.0,8.0,0.0,0.0,0.0,5.0,2502.0,forsa,T
2006-03-01,39.0,28.0,9.0,10.0,9.0,0.0,0.0,0.0,5.0,2501.0,forsa,T
2006-02-22,39.0,28.0,9.0,10.0,9.0,0.0,0.0,0.0,5.0,25.0,forsa,T
2006-02-15,40.0,29.0,9.0,9.0,8.0,0.0,0.0,0.0,5.0,2501.0,forsa,T
2006-02-08,41.0,30.0,8.0,9.0,8.0,0.0,0.0,0.0,4.0,2501.0,forsa,T
2006-02-01,41.0,31.0,8.0,8.0,8.0,0.0,0.0,0.0,4.0,25.0,forsa,T
2006-01-25,39.0,31.0,8.0,10.0,8.0,0.0,0.0,0.0,4.0,2501.0,forsa,T
2006-01-18,38.0,31.0,7.0,12.0,8.0,0.0,0.0,0.0,4.0,2505.0,forsa,T
2006-01-11,37.0,31.0,8.0,11.0,8.0,0.0,0.0,0.0,5.0,2502.0,forsa,T
2006-01-04,37.0,32.0,9.0,10.0,8.0,0.0,0.0,0.0,4.0,1008.0,forsa,T
2007-12-26,38.0,26.0,10.0,10.0,11.0,0.0,0.0,0.0,5.0,2501.0,forsa,T
2007-12-19,38.0,26.0,10.0,10.0,11.0,0.0,0.0,0.0,5.0,2503.0,forsa,T
2007-12-12,39.0,26.0,9.0,10.0,11.0,0.0,0.0,0.0,5.0,2501.0,forsa,T
2007-12-05,39.0,27.0,9.0,10.0,10.0,0.0,0.0,0.0,5.0,25.0,forsa,T
2007-11-28,39.0,26.0,8.0,10.0,12.0,0.0,0.0,0.0,5.0,25.0,forsa,T
2007-11-21,40.0,24.0,9.0,9.0,12.0,0.0,0.0,0.0,6.0,2501.0,forsa,T
2007-11-14,39.0,26.0,8.0,10.0,12.0,0.0,0.0,0.0,5.0,2503.0,forsa,T
2007-11-07,40.0,26.0,10.0,8.0,11.0,0.0,0.0,0.0,5.0,2502.0,forsa,T
2007-10-29,39.0,26.0,10.0,9.0,11.0,0.0,0.0,0.0,5.0,2503.0,forsa,T
2007-10-24,39.0,26.0,9.0,10.0,11.0,0.0,0.0,0.0,5.0,2502.0,forsa,T
2007-10-17,40.0,25.0,10.0,9.0,11.0,0.0,0.0,0.0,5.0,2502.0,forsa,T
2007-10-10,39.0,24.0,9.0,9.0,13.0,0.0,0.0,0.0,6.0,2002.0,forsa,T
2007-10-03,39.0,25.0,10.0,9.0,12.0,0.0,0.0,0.0,5.0,2501.0,forsa,T
2007-09-26,39.0,26.0,10.0,9.0,11.0,0.0,0.0,0.0,5.0,2502.0,forsa,T
2007-09-19,40.0,25.0,9.0,8.0,12.0,0.0,0.0,0.0,6.0,2501.0,forsa,T
2007-09-12,40.0,25.0,10.0,8.0,11.0,0.0,0.0,0.0,6.0,2501.0,forsa,T
2007-09-05,38.0,26.0,10.0,9.0,12.0,0.0,0.0,0.0,5.0,25.0,forsa,T
2007-08-29,38.0,26.0,10.0,9.0,12.0,0.0,0.0,0.0,5.0,2501.0,forsa,T
2007-08-22,37.0,26.0,9.0,11.0,12.0,0.0,0.0,0.0,5.0,25.0,forsa,T
2007-08-15,38.0,24.0,10.0,10.0,13.0,0.0,0.0,0.0,5.0,2502.0,forsa,T
2007-08-08,36.0,25.0,9.0,11.0,13.0,0.0,0.0,0.0,6.0,2502.0,forsa,T
2007-08-01,38.0,25.0,10.0,9.0,13.0,0.0,0.0,0.0,5.0,2501.0,forsa,T
2007-07-25,38.0,25.0,10.0,9.0,13.0,0.0,0.0,0.0,5.0,2501.0,forsa,T
2007-07-18,38.0,24.0,10.0,10.0,13.0,0.0,0.0,0.0,5.0,2501.0,forsa,T
2007-07-11,39.0,24.0,10.0,9.0,13.0,0.0,0.0,0.0,5.0,2501.0,forsa,T
2007-07-04,37.0,24.0,10.0,10.0,14.0,0.0,0.0,0.0,5.0,2503.0,forsa,T
2007-06-23,39.0,24.0,10.0,10.0,13.0,0.0,0.0,0.0,4.0,2501.0,forsa,T
2007-06-20,37.0,25.0,10.0,10.0,12.0,0.0,0.0,0.0,6.0,2501.0,forsa,T
2007-06-13,38.0,27.0,11.0,8.0,11.0,0.0,0.0,0.0,5.0,2501.0,forsa,T
2007-06-05,36.0,27.0,11.0,9.0,12.0,0.0,0.0,0.0,5.0,2002.0,forsa,T
2007-05-30,36.0,26.0,11.0,10.0,12.0,0.0,0.0,0.0,5.0,2503.0,forsa,T
2007-05-23,38.0,27.0,10.0,10.0,10.0,0.0,0.0,0.0,5.0,2002.0,forsa,T
2007-05-15,37.0,28.0,10.0,11.0,9.0,0.0,0.0,0.0,5.0,2501.0,forsa,T
2007-05-09,37.0,26.0,10.0,12.0,10.0,0.0,0.0,0.0,5.0,2001.0,forsa,T
2007-04-30,37.0,26.0,10.0,11.0,11.0,0.0,0.0,0.0,5.0,2503.0,forsa,T
2007-04-25,34.0,27.0,11.0,11.0,11.0,0.0,0.0,0.0,6.0,25.0,forsa,T
2007-04-18,37.0,26.0,10.0,12.0,10.0,0.0,0.0,0.0,5.0,2004.0,forsa,T
2007-04-11,36.0,26.0,11.0,11.0,10.0,0.0,0.0,0.0,6.0,2004.0,forsa,T
2007-04-03,35.0,28.0,10.0,11.0,10.0,0.0,0.0,0.0,6.0,2505.0,forsa,T
2007-03-28,35.0,26.0,12.0,12.0,9.0,0.0,0.0,0.0,6.0,2508.0,forsa,T
2007-03-21,35.0,27.0,11.0,11.0,10.0,0.0,0.0,0.0,6.0,2498.0,forsa,T
2007-03-14,34.0,26.0,12.0,12.0,10.0,0.0,0.0,0.0,6.0,2509.0,forsa,T
2007-03-07,35.0,25.0,11.0,13.0,10.0,0.0,0.0,0.0,6.0,2502.0,forsa,T
2007-02-28,33.0,29.0,11.0,12.0,9.0,0.0,0.0,0.0,6.0,2502.0,forsa,T
2007-02-21,34.0,26.0,12.0,12.0,10.0,0.0,0.0,0.0,6.0,2504.0,forsa,T
2007-02-14,35.0,26.0,11.0,13.0,9.0,0.0,0.0,0.0,6.0,2507.0,forsa,T
2007-02-06,34.0,28.0,11.0,12.0,9.0,0.0,0.0,0.0,6.0,2501.0,forsa,T
2007-01-31,33.0,27.0,11.0,14.0,9.0,0.0,0.0,0.0,6.0,2501.0,forsa,T
2007-01-24,34.0,27.0,10.0,14.0,9.0,0.0,0.0,0.0,6.0,2503.0,forsa,T
2007-01-17,33.0,28.0,11.0,14.0,8.0,0.0,0.0,0.0,6.0,2501.0,forsa,T
2007-01-10,35.0,26.0,10.0,13.0,10.0,0.0,0.0,0.0,6.0,2007.0,forsa,T
2007-01-03,32.0,27.0,11.0,14.0,10.0,0.0,0.0,0.0,6.0,1502.0,forsa,T
2008-12-22,37.0,24.0,10.0,12.0,12.0,0.0,0.0,0.0,5.0,2503.0,forsa,T
2008-12-16,37.0,24.0,10.0,13.0,11.0,0.0,0.0,0.0,5.0,2502.0,forsa,T
2008-12-10,38.0,23.0,11.0,12.0,11.0,0.0,0.0,0.0,5.0,2501.0,forsa,T
2008-12-03,38.0,23.0,10.0,12.0,12.0,0.0,0.0,0.0,5.0,2505.0,forsa,T
2008-11-26,38.0,23.0,11.0,11.0,12.0,0.0,0.0,0.0,5.0,25.0,forsa,T
2008-11-19,36.0,23.0,10.0,13.0,12.0,0.0,0.0,0.0,6.0,25.0,forsa,T
2008-11-12,37.0,23.0,9.0,12.0,13.0,0.0,0.0,0.0,6.0,2501.0,forsa,T
2008-11-05,36.0,26.0,7.0,12.0,13.0,0.0,0.0,0.0,6.0,2501.0,forsa,T
2008-10-29,36.0,24.0,8.0,13.0,13.0,0.0,0.0,0.0,6.0,2503.0,forsa,T
2008-10-22,37.0,24.0,9.0,12.0,13.0,0.0,0.0,0.0,5.0,2501.0,forsa,T
2008-10-15,35.0,24.0,10.0,13.0,12.0,0.0,0.0,0.0,6.0,2509.0,forsa,T
2008-10-08,33.0,27.0,9.0,13.0,13.0,0.0,0.0,0.0,5.0,2008.0,forsa,T
2008-10-01,37.0,26.0,8.0,11.0,13.0,0.0,0.0,0.0,5.0,2501.0,forsa,T
2008-09-24,36.0,25.0,9.0,11.0,14.0,0.0,0.0,0.0,5.0,2503.0,forsa,T
2008-09-17,38.0,25.0,8.0,10.0,14.0,0.0,0.0,0.0,5.0,25.0,forsa,T
2008-09-09,37.0,26.0,8.0,11.0,14.0,0.0,0.0,0.0,4.0,1002.0,forsa,T
2008-09-09,37.0,22.0,10.0,12.0,14.0,0.0,0.0,0.0,5.0,2501.0,forsa,T
2008-09-03,37.0,21.0,10.0,13.0,14.0,0.0,0.0,0.0,5.0,2502.0,forsa,T
2008-08-27,37.0,20.0,10.0,12.0,15.0,0.0,0.0,0.0,6.0,2501.0,forsa,T
2008-08-20,37.0,20.0,11.0,13.0,14.0,0.0,0.0,0.0,5.0,25.0,forsa,T
2008-08-13,37.0,20.0,11.0,12.0,14.0,0.0,0.0,0.0,6.0,2501.0,forsa,T
2008-08-06,38.0,22.0,10.0,11.0,14.0,0.0,0.0,0.0,5.0,25.0,forsa,T
2008-07-30,38.0,21.0,10.0,12.0,14.0,0.0,0.0,0.0,5.0,2502.0,forsa,T
2008-07-23,39.0,21.0,10.0,11.0,14.0,0.0,0.0,0.0,5.0,2501.0,forsa,T
2008-07-16,36.0,23.0,10.0,13.0,13.0,0.0,0.0,0.0,5.0,2502.0,forsa,T
2008-07-09,36.0,22.0,10.0,13.0,13.0,0.0,0.0,0.0,6.0,2502.0,forsa,T
2008-07-02,35.0,22.0,10.0,14.0,14.0,0.0,0.0,0.0,5.0,25.0,forsa,T
2008-06-25,36.0,22.0,9.0,13.0,15.0,0.0,0.0,0.0,5.0,25.0,forsa,T
2008-06-18,36.0,21.0,11.0,13.0,14.0,0.0,0.0,0.0,5.0,2501.0,forsa,T
2008-06-11,35.0,20.0,11.0,14.0,15.0,0.0,0.0,0.0,5.0,2501.0,forsa,T
2008-06-04,36.0,20.0,12.0,13.0,15.0,0.0,0.0,0.0,4.0,2501.0,forsa,T
2008-05-28,35.0,23.0,11.0,12.0,14.0,0.0,0.0,0.0,5.0,2002.0,forsa,T
2008-05-20,36.0,23.0,11.0,12.0,13.0,0.0,0.0,0.0,5.0,2001.0,forsa,T
2008-05-14,36.0,24.0,11.0,12.0,12.0,0.0,0.0,0.0,5.0,25.0,forsa,T
2008-05-07,37.0,23.0,10.0,11.0,14.0,0.0,0.0,0.0,5.0,2003.0,forsa,T
2008-04-29,38.0,23.0,10.0,10.0,14.0,0.0,0.0,0.0,5.0,2503.0,forsa,T
2008-04-23,38.0,24.0,9.0,10.0,14.0,0.0,0.0,0.0,5.0,25.0,forsa,T
2008-04-16,38.0,24.0,9.0,11.0,14.0,0.0,0.0,0.0,4.0,2501.0,forsa,T
2008-04-09,38.0,24.0,10.0,11.0,13.0,0.0,0.0,0.0,4.0,2503.0,forsa,T
2008-04-02,38.0,23.0,10.0,11.0,14.0,0.0,0.0,0.0,4.0,2001.0,forsa,T
2008-03-26,38.0,22.0,11.0,11.0,14.0,0.0,0.0,0.0,4.0,20.0,forsa,T
2008-03-18,37.0,22.0,11.0,11.0,14.0,0.0,0.0,0.0,5.0,2501.0,forsa,T
2008-03-12,38.0,23.0,11.0,10.0,14.0,0.0,0.0,0.0,4.0,2501.0,forsa,T
2008-03-05,38.0,24.0,10.0,10.0,14.0,0.0,0.0,0.0,4.0,2501.0,forsa,T
2008-02-27,36.0,28.0,9.0,10.0,12.0,0.0,0.0,0.0,5.0,2501.0,forsa,T
2008-02-20,35.0,29.0,9.0,9.0,13.0,0.0,0.0,0.0,5.0,25.0,forsa,T
2008-02-13,36.0,27.0,9.0,10.0,13.0,0.0,0.0,0.0,5.0,2501.0,forsa,T
2008-02-02,35.0,25.0,10.0,11.0,14.0,0.0,0.0,0.0,5.0,2502.0,forsa,T
2008-01-30,39.0,27.0,8.0,9.0,12.0,0.0,0.0,0.0,5.0,2502.0,forsa,T
2008-01-23,38.0,28.0,8.0,10.0,11.0,0.0,0.0,0.0,5.0,2501.0,forsa,T
2008-01-15,37.0,27.0,9.0,11.0,12.0,0.0,0.0,0.0,4.0,2501.0,forsa,T
2008-01-09,37.0,27.0,9.0,11.0,11.0,0.0,0.0,0.0,5.0,1501.0,forsa,T
2013-09-20,40.0,26.0,10.0,5.0,9.0,4.0,0.0,0.0,4.0,1995.0,forsa,T
2013-09-17,39.0,25.0,9.0,5.0,10.0,3.0,0.0,0.0,6.0,2502.0,forsa,T
2013-09-11,39.0,25.0,9.0,6.0,10.0,3.0,0.0,0.0,5.0,2500.0,forsa,T
2013-09-04,40.0,23.0,11.0,5.0,9.0,4.0,0.0,0.0,5.0,2502.0,forsa,T
2013-08-28,41.0,22.0,11.0,5.0,10.0,3.0,0.0,0.0,5.0,2501.0,forsa,T
2013-08-21,41.0,22.0,13.0,6.0,8.0,2.0,0.0,0.0,5.0,2502.0,forsa,T
2013-08-14,40.0,23.0,13.0,5.0,8.0,3.0,0.0,0.0,5.0,2500.0,forsa,T
2013-08-07,40.0,23.0,14.0,5.0,7.0,3.0,0.0,0.0,5.0,3003.0,forsa,T
2013-07-31,41.0,22.0,13.0,5.0,8.0,2.0,0.0,0.0,6.0,2501.0,forsa,T
2013-07-24,41.0,22.0,12.0,5.0,9.0,2.0,0.0,0.0,5.0,2500.0,forsa,T
2013-07-17,41.0,23.0,14.0,5.0,8.0,2.0,0.0,0.0,5.0,2502.0,forsa,T
2013-07-10,41.0,22.0,15.0,5.0,9.0,2.0,0.0,0.0,4.0,2503.0,forsa,T
2013-07-03,41.0,22.0,14.0,5.0,9.0,2.0,0.0,0.0,5.0,2501.0,forsa,T
2013-06-26,41.0,22.0,15.0,5.0,8.0,2.0,0.0,0.0,5.0,2502.0,forsa,T
2013-06-19,40.0,22.0,15.0,6.0,8.0,2.0,0.0,0.0,5.0,2501.0,forsa,T
2013-06-12,40.0,24.0,13.0,5.0,9.0,2.0,0.0,0.0,5.0,2501.0,forsa,T
2013-06-05,41.0,24.0,13.0,4.0,8.0,3.0,0.0,0.0,4.0,2508.0,forsa,T
2013-05-28,40.0,24.0,14.0,4.0,8.0,3.0,0.0,0.0,4.0,2001.0,forsa,T
2013-05-22,41.0,24.0,13.0,4.0,8.0,3.0,0.0,0.0,4.0,2503.0,forsa,T
2013-05-15,40.0,23.0,14.0,4.0,9.0,2.0,0.0,0.0,5.0,2001.0,forsa,T
2013-05-07,39.0,24.0,15.0,4.0,8.0,3.0,0.0,0.0,5.0,2000.0,forsa,T
2013-05-01,39.0,23.0,14.0,5.0,8.0,3.0,0.0,0.0,5.0,2502.0,forsa,T
2013-04-24,42.0,23.0,14.0,5.0,7.0,2.0,0.0,0.0,4.0,2504.0,forsa,T
2013-04-17,42.0,22.0,15.0,5.0,8.0,0.0,0.0,0.0,5.0,2508.0,forsa,T
2013-04-10,41.0,23.0,14.0,6.0,9.0,0.0,0.0,0.0,4.0,2002.0,forsa,T
2013-04-03,40.0,24.0,15.0,5.0,8.0,0.0,0.0,0.0,5.0,2004.0,forsa,T
2013-03-26,41.0,24.0,14.0,5.0,8.0,0.0,0.0,0.0,5.0,2506.0,forsa,T
2013-03-20,40.0,24.0,15.0,6.0,7.0,0.0,0.0,0.0,5.0,2501.0,forsa,T
2013-03-13,40.0,24.0,16.0,4.0,8.0,0.0,0.0,0.0,5.0,2501.0,forsa,T
2013-03-06,40.0,25.0,15.0,4.0,8.0,0.0,0.0,0.0,5.0,2506.0,forsa,T
2013-02-27,40.0,25.0,16.0,4.0,8.0,0.0,0.0,0.0,5.0,2501.0,forsa,T
2013-02-20,43.0,24.0,15.0,3.0,7.0,0.0,0.0,0.0,5.0,2502.0,forsa,T
2013-02-13,43.0,25.0,14.0,3.0,7.0,0.0,0.0,0.0,5.0,2505.0,forsa,T
2013-02-06,41.0,25.0,15.0,4.0,7.0,0.0,0.0,0.0,5.0,2500.0,forsa,T
2013-01-30,40.0,25.0,15.0,4.0,8.0,0.0,0.0,0.0,5.0,2504.0,forsa,T
2013-01-23,42.0,23.0,14.0,4.0,8.0,0.0,0.0,0.0,5.0,2506.0,forsa,T
2013-01-16,43.0,23.0,14.0,3.0,8.0,0.0,0.0,0.0,5.0,2507.0,forsa,T
2013-01-09,42.0,25.0,15.0,2.0,9.0,0.0,0.0,0.0,4.0,1503.0,forsa,T
2012-12-26,41.0,27.0,13.0,4.0,8.0,0.0,0.0,0.0,4.0,2500.0,forsa,T
2012-12-19,38.0,27.0,14.0,5.0,8.0,0.0,0.0,0.0,5.0,2503.0,forsa,T
2012-12-12,38.0,27.0,14.0,4.0,8.0,0.0,0.0,0.0,5.0,2505.0,forsa,T
2012-12-05,37.0,26.0,16.0,4.0,7.0,0.0,0.0,0.0,6.0,2504.0,forsa,T
2012-11-28,37.0,26.0,16.0,4.0,8.0,0.0,0.0,0.0,5.0,2504.0,forsa,T
2012-11-21,36.0,26.0,16.0,4.0,8.0,0.0,0.0,0.0,5.0,2506.0,forsa,T
2012-11-14,39.0,26.0,14.0,4.0,8.0,0.0,0.0,0.0,5.0,2500.0,forsa,T
2012-11-07,37.0,26.0,15.0,3.0,8.0,0.0,0.0,0.0,6.0,2503.0,forsa,T
2012-10-30,38.0,26.0,15.0,3.0,8.0,0.0,0.0,0.0,5.0,2506.0,forsa,T
2012-10-24,38.0,27.0,12.0,3.0,9.0,0.0,0.0,0.0,6.0,2503.0,forsa,T
2012-10-17,37.0,29.0,11.0,4.0,8.0,0.0,0.0,0.0,6.0,2500.0,forsa,T
2012-10-10,36.0,30.0,12.0,4.0,7.0,0.0,0.0,0.0,5.0,2004.0,forsa,T
2012-10-02,35.0,29.0,12.0,4.0,8.0,0.0,0.0,0.0,5.0,1000.0,forsa,T
2012-10-02,37.0,27.0,12.0,4.0,8.0,0.0,0.0,0.0,5.0,2009.0,forsa,T
2012-09-26,38.0,26.0,12.0,4.0,8.0,0.0,0.0,0.0,5.0,2503.0,forsa,T
2012-09-19,38.0,26.0,12.0,5.0,8.0,0.0,0.0,0.0,5.0,2502.0,forsa,T
2012-09-12,39.0,26.0,13.0,4.0,8.0,0.0,0.0,0.0,4.0,2502.0,forsa,T
2012-09-05,39.0,26.0,13.0,4.0,7.0,0.0,0.0,0.0,4.0,2505.0,forsa,T
2012-08-29,39.0,26.0,12.0,5.0,7.0,0.0,0.0,0.0,4.0,2506.0,forsa,T
2012-08-22,36.0,27.0,13.0,5.0,8.0,0.0,0.0,0.0,4.0,2503.0,forsa,T
2012-08-15,36.0,26.0,13.0,4.0,7.0,0.0,0.0,0.0,5.0,2501.0,forsa,T
2012-08-08,36.0,26.0,13.0,5.0,6.0,0.0,0.0,0.0,5.0,2503.0,forsa,T
2012-08-01,36.0,27.0,12.0,5.0,6.0,0.0,0.0,0.0,5.0,2501.0,forsa,T
2012-07-25,36.0,27.0,12.0,4.0,7.0,0.0,0.0,0.0,5.0,2502.0,forsa,T
2012-07-18,36.0,26.0,13.0,4.0,6.0,0.0,0.0,0.0,5.0,2501.0,forsa,T
2012-07-11,36.0,26.0,13.0,4.0,7.0,0.0,0.0,0.0,5.0,2503.0,forsa,T
2012-07-04,36.0,27.0,12.0,3.0,7.0,0.0,0.0,0.0,6.0,2506.0,forsa,T
2012-06-27,34.0,27.0,13.0,4.0,7.0,0.0,0.0,0.0,5.0,2501.0,forsa,T
2012-06-20,33.0,27.0,13.0,5.0,7.0,0.0,0.0,0.0,5.0,2501.0,forsa,T
2012-06-13,32.0,27.0,14.0,5.0,7.0,0.0,0.0,0.0,5.0,2504.0,forsa,T
2012-06-05,33.0,27.0,14.0,4.0,6.0,0.0,0.0,0.0,5.0,2000.0,forsa,T
2012-05-30,32.0,27.0,13.0,5.0,6.0,0.0,0.0,0.0,5.0,2500.0,forsa,T
2012-05-23,31.0,27.0,13.0,6.0,6.0,0.0,0.0,0.0,4.0,2002.0,forsa,T
2012-05-15,35.0,26.0,13.0,5.0,6.0,0.0,0.0,0.0,3.0,2501.0,forsa,T
2012-05-09,36.0,26.0,13.0,4.0,7.0,0.0,0.0,0.0,3.0,2001.0,forsa,T
2012-05-02,36.0,25.0,12.0,4.0,8.0,0.0,0.0,0.0,4.0,2510.0,forsa,T
2012-04-25,35.0,24.0,12.0,5.0,7.0,0.0,0.0,0.0,4.0,2505.0,forsa,T
2012-04-18,35.0,25.0,12.0,5.0,7.0,0.0,0.0,0.0,3.0,2001.0,forsa,T
2012-04-09,36.0,24.0,11.0,5.0,8.0,0.0,0.0,0.0,3.0,2007.0,forsa,T
2012-04-01,35.0,25.0,13.0,3.0,9.0,0.0,0.0,0.0,3.0,2503.0,forsa,T
2012-03-28,36.0,26.0,14.0,4.0,9.0,0.0,0.0,0.0,4.0,2503.0,forsa,T
2012-03-21,36.0,26.0,15.0,3.0,9.0,0.0,0.0,0.0,5.0,2504.0,forsa,T
2012-03-14,36.0,26.0,15.0,3.0,9.0,0.0,0.0,0.0,4.0,2506.0,forsa,T
2012-03-07,37.0,26.0,15.0,3.0,8.0,0.0,0.0,0.0,4.0,2506.0,forsa,T
2012-02-29,38.0,26.0,14.0,3.0,8.0,0.0,0.0,0.0,4.0,2502.0,forsa,T
2012-02-22,38.0,25.0,15.0,2.0,8.0,0.0,0.0,0.0,4.0,2503.0,forsa,T
2012-02-15,38.0,26.0,13.0,2.0,9.0,0.0,0.0,0.0,5.0,2503.0,forsa,T
2012-02-08,38.0,27.0,13.0,3.0,8.0,0.0,0.0,0.0,4.0,2500.0,forsa,T
2012-02-01,36.0,27.0,15.0,3.0,8.0,0.0,0.0,0.0,4.0,2502.0,forsa,T
2012-01-25,36.0,27.0,15.0,3.0,7.0,0.0,0.0,0.0,5.0,2500.0,forsa,T
2012-01-18,35.0,27.0,15.0,3.0,7.0,0.0,0.0,0.0,5.0,2500.0,forsa,T
2012-01-11,36.0,26.0,16.0,2.0,7.0,0.0,0.0,0.0,5.0,2501.0,forsa,T
2012-01-04,35.0,27.0,14.0,3.0,8.0,0.0,0.0,0.0,5.0,2003.0,forsa,T
2011-12-28,35.0,28.0,14.0,3.0,8.0,0.0,0.0,0.0,5.0,2503.0,forsa,T
2011-12-21,35.0,28.0,14.0,2.0,7.0,0.0,0.0,0.0,5.0,2500.0,forsa,T
2011-12-14,35.0,28.0,14.0,3.0,8.0,0.0,0.0,0.0,5.0,2502.0,forsa,T
2011-12-07,35.0,26.0,16.0,3.0,9.0,0.0,0.0,0.0,5.0,2501.0,forsa,T
2011-11-30,35.0,25.0,16.0,3.0,9.0,0.0,0.0,0.0,5.0,2506.0,forsa,T
2011-11-23,36.0,26.0,14.0,3.0,8.0,0.0,0.0,0.0,5.0,2505.0,forsa,T
2011-11-16,34.0,26.0,15.0,2.0,9.0,0.0,0.0,0.0,5.0,2503.0,forsa,T
2011-11-09,33.0,28.0,15.0,3.0,8.0,0.0,0.0,0.0,5.0,2501.0,forsa,T
2011-11-02,32.0,28.0,16.0,3.0,8.0,0.0,0.0,0.0,4.0,2501.0,forsa,T
2011-10-26,31.0,27.0,16.0,3.0,8.0,0.0,0.0,0.0,5.0,2504.0,forsa,T
2011-10-19,31.0,26.0,16.0,3.0,8.0,0.0,0.0,0.0,6.0,2502.0,forsa,T
2011-10-12,31.0,27.0,17.0,4.0,8.0,0.0,0.0,0.0,5.0,2003.0,forsa,T
2011-10-05,31.0,28.0,17.0,3.0,7.0,0.0,0.0,0.0,6.0,2502.0,forsa,T
2011-09-28,31.0,29.0,19.0,2.0,7.0,0.0,0.0,0.0,5.0,2501.0,forsa,T
2011-09-21,31.0,28.0,20.0,3.0,9.0,0.0,0.0,0.0,9.0,2505.0,forsa,T
2011-09-14,31.0,29.0,19.0,4.0,9.0,0.0,0.0,0.0,8.0,2500.0,forsa,T
2011-09-07,32.0,27.0,19.0,4.0,9.0,0.0,0.0,0.0,9.0,2501.0,forsa,T
2011-08-31,33.0,25.0,21.0,5.0,9.0,0.0,0.0,0.0,7.0,2500.0,forsa,T
2011-08-24,32.0,26.0,21.0,5.0,8.0,0.0,0.0,0.0,8.0,2500.0,forsa,T
2011-08-17,32.0,26.0,21.0,4.0,9.0,0.0,0.0,0.0,8.0,2501.0,forsa,T
2011-08-10,32.0,27.0,21.0,3.0,9.0,0.0,0.0,0.0,8.0,2502.0,forsa,T
2011-08-03,32.0,26.0,22.0,3.0,10.0,0.0,0.0,0.0,7.0,2501.0,forsa,T
2011-07-27,33.0,25.0,22.0,3.0,10.0,0.0,0.0,0.0,7.0,2505.0,forsa,T
2011-07-20,32.0,24.0,23.0,4.0,9.0,0.0,0.0,0.0,8.0,2506.0,forsa,T
2011-07-13,31.0,24.0,23.0,4.0,10.0,0.0,0.0,0.0,8.0,2504.0,forsa,T
2011-07-06,33.0,23.0,23.0,5.0,9.0,0.0,0.0,0.0,7.0,2500.0,forsa,T
2011-06-29,32.0,23.0,24.0,5.0,9.0,0.0,0.0,0.0,7.0,2506.0,forsa,T
2011-06-21,32.0,23.0,25.0,4.0,9.0,0.0,0.0,0.0,7.0,2008.0,forsa,T
2011-06-15,31.0,23.0,26.0,4.0,9.0,0.0,0.0,0.0,7.0,2501.0,forsa,T
2011-06-08,30.0,22.0,27.0,5.0,8.0,0.0,0.0,0.0,8.0,2003.0,forsa,T
2011-05-31,30.0,24.0,26.0,4.0,8.0,0.0,0.0,0.0,8.0,2501.0,forsa,T
2011-05-25,32.0,21.0,26.0,5.0,9.0,0.0,0.0,0.0,7.0,2502.0,forsa,T
2011-05-18,32.0,22.0,26.0,3.0,9.0,0.0,0.0,0.0,8.0,2501.0,forsa,T
2011-05-11,31.0,22.0,26.0,4.0,9.0,0.0,0.0,0.0,8.0,2003.0,forsa,T
2011-05-04,31.0,21.0,28.0,4.0,8.0,0.0,0.0,0.0,8.0,2001.0,forsa,T
2011-04-27,31.0,22.0,27.0,4.0,9.0,0.0,0.0,0.0,7.0,2005.0,forsa,T
2011-04-19,31.0,23.0,28.0,3.0,8.0,0.0,0.0,0.0,7.0,2504.0,forsa,T
2011-04-13,30.0,24.0,27.0,4.0,8.0,0.0,0.0,0.0,7.0,2501.0,forsa,T
2011-04-06,30.0,23.0,28.0,3.0,9.0,0.0,0.0,0.0,7.0,2505.0,forsa,T
2011-03-30,33.0,25.0,21.0,5.0,8.0,0.0,0.0,0.0,8.0,2503.0,forsa,T
2011-03-23,33.0,25.0,20.0,5.0,9.0,0.0,0.0,0.0,8.0,2504.0,forsa,T
2011-03-16,36.0,26.0,18.0,5.0,9.0,0.0,0.0,0.0,6.0,1004.0,forsa,T
2011-03-16,36.0,26.0,15.0,6.0,10.0,0.0,0.0,0.0,7.0,2506.0,forsa,T
2011-03-09,36.0,26.0,16.0,5.0,10.0,0.0,0.0,0.0,7.0,2501.0,forsa,T
2011-03-02,34.0,27.0,16.0,5.0,10.0,0.0,0.0,0.0,8.0,2503.0,forsa,T
2011-02-23,36.0,23.0,18.0,5.0,10.0,0.0,0.0,0.0,8.0,2501.0,forsa,T
2011-02-16,36.0,22.0,19.0,5.0,11.0,0.0,0.0,0.0,7.0,2504.0,forsa,T
2011-02-09,36.0,22.0,20.0,5.0,10.0,0.0,0.0,0.0,7.0,2507.0,forsa,T
2011-02-02,36.0,22.0,21.0,5.0,9.0,0.0,0.0,0.0,7.0,2501.0,forsa,T
2011-01-26,37.0,23.0,20.0,4.0,9.0,0.0,0.0,0.0,7.0,2502.0,forsa,T
2011-01-19,36.0,24.0,20.0,4.0,9.0,0.0,0.0,0.0,7.0,2503.0,forsa,T
2011-01-12,35.0,25.0,21.0,3.0,9.0,0.0,0.0,0.0,7.0,2503.0,forsa,T
2011-01-04,34.0,24.0,20.0,4.0,11.0,0.0,0.0,0.0,7.0,2005.0,forsa,T
2010-12-28,34.0,25.0,20.0,3.0,11.0,0.0,0.0,0.0,7.0,2004.0,forsa,T
2010-12-21,35.0,24.0,19.0,3.0,11.0,0.0,0.0,0.0,8.0,2502.0,forsa,T
2010-12-15,34.0,24.0,20.0,4.0,11.0,0.0,0.0,0.0,7.0,2500.0,forsa,T
2010-12-08,34.0,23.0,21.0,4.0,10.0,0.0,0.0,0.0,8.0,2503.0,forsa,T
2010-12-01,34.0,22.0,22.0,5.0,10.0,0.0,0.0,0.0,7.0,2501.0,forsa,T
2010-11-24,34.0,22.0,22.0,5.0,10.0,0.0,0.0,0.0,7.0,2500.0,forsa,T
2010-11-17,33.0,23.0,22.0,5.0,11.0,0.0,0.0,0.0,6.0,2503.0,forsa,T
2010-11-10,32.0,23.0,23.0,5.0,10.0,0.0,0.0,0.0,7.0,2503.0,forsa,T
2010-11-03,30.0,23.0,24.0,4.0,11.0,0.0,0.0,0.0,8.0,2501.0,forsa,T
2010-10-27,30.0,23.0,24.0,5.0,11.0,0.0,0.0,0.0,7.0,2502.0,forsa,T
2010-10-20,31.0,23.0,24.0,4.0,11.0,0.0,0.0,0.0,7.0,2510.0,forsa,T
2010-10-13,29.0,23.0,25.0,4.0,12.0,0.0,0.0,0.0,7.0,2502.0,forsa,T
2010-10-06,31.0,23.0,24.0,5.0,10.0,0.0,0.0,0.0,7.0,2501.0,forsa,T
2010-09-29,30.0,25.0,23.0,5.0,10.0,0.0,0.0,0.0,7.0,2500.0,forsa,T
2010-09-22,29.0,24.0,24.0,5.0,10.0,0.0,0.0,0.0,8.0,2501.0,forsa,T
2010-09-15,30.0,24.0,22.0,5.0,11.0,0.0,0.0,0.0,8.0,2501.0,forsa,T
2010-09-08,31.0,25.0,21.0,5.0,10.0,0.0,0.0,0.0,8.0,2503.0,forsa,T
2010-09-01,31.0,27.0,19.0,6.0,9.0,0.0,0.0,0.0,8.0,2501.0,forsa,T
2010-08-25,30.0,27.0,20.0,5.0,11.0,0.0,0.0,0.0,7.0,2501.0,forsa,T
2010-08-18,30.0,27.0,20.0,4.0,11.0,0.0,0.0,0.0,8.0,2501.0,forsa,T
2010-08-11,29.0,28.0,19.0,5.0,11.0,0.0,0.0,0.0,8.0,2501.0,forsa,T
2010-08-04,30.0,28.0,18.0,5.0,11.0,0.0,0.0,0.0,8.0,2501.0,forsa,T
2010-07-28,29.0,28.0,19.0,5.0,11.0,0.0,0.0,0.0,8.0,2502.0,forsa,T
2010-07-21,30.0,28.0,19.0,4.0,11.0,0.0,0.0,0.0,8.0,2500.0,forsa,T
2010-07-14,31.0,28.0,18.0,4.0,11.0,0.0,0.0,0.0,8.0,2501.0,forsa,T
2010-07-07,31.0,27.0,18.0,4.0,12.0,0.0,0.0,0.0,8.0,2501.0,forsa,T
2010-06-29,32.0,27.0,18.0,4.0,11.0,0.0,0.0,0.0,8.0,2500.0,forsa,T
2010-06-23,30.0,27.0,18.0,5.0,12.0,0.0,0.0,0.0,8.0,2504.0,forsa,T
2010-06-16,31.0,26.0,18.0,6.0,11.0,0.0,0.0,0.0,8.0,2501.0,forsa,T
2010-06-09,32.0,26.0,18.0,5.0,12.0,0.0,0.0,0.0,7.0,2501.0,forsa,T
2010-06-01,30.0,26.0,16.0,7.0,13.0,0.0,0.0,0.0,8.0,2003.0,forsa,T
2010-05-26,32.0,26.0,16.0,7.0,12.0,0.0,0.0,0.0,7.0,2504.0,forsa,T
2010-05-19,32.0,27.0,16.0,6.0,11.0,0.0,0.0,0.0,8.0,2001.0,forsa,T
2010-05-11,35.0,24.0,15.0,7.0,12.0,0.0,0.0,0.0,7.0,2503.0,forsa,T
2010-05-05,34.0,25.0,16.0,8.0,10.0,0.0,0.0,0.0,7.0,2501.0,forsa,T
2010-04-28,36.0,24.0,14.0,8.0,11.0,0.0,0.0,0.0,7.0,2500.0,forsa,T
2010-04-21,36.0,24.0,15.0,8.0,10.0,0.0,0.0,0.0,7.0,2501.0,forsa,T
2010-04-14,36.0,23.0,15.0,8.0,11.0,0.0,0.0,0.0,7.0,2001.0,forsa,T
2010-04-07,34.0,24.0,15.0,7.0,12.0,0.0,0.0,0.0,8.0,2002.0,forsa,T
2010-03-30,34.0,25.0,14.0,7.0,12.0,0.0,0.0,0.0,8.0,2501.0,forsa,T
2010-03-24,32.0,25.0,15.0,8.0,12.0,0.0,0.0,0.0,8.0,2502.0,forsa,T
2010-03-17,34.0,23.0,16.0,8.0,11.0,0.0,0.0,0.0,8.0,2501.0,forsa,T
2010-03-10,33.0,23.0,16.0,8.0,12.0,0.0,0.0,0.0,8.0,2502.0,forsa,T
2010-03-03,35.0,22.0,16.0,9.0,11.0,0.0,0.0,0.0,7.0,2503.0,forsa,T
2010-02-24,35.0,22.0,16.0,8.0,12.0,0.0,0.0,0.0,7.0,2500.0,forsa,T
2010-02-17,35.0,22.0,17.0,7.0,12.0,0.0,0.0,0.0,7.0,2503.0,forsa,T
2010-02-10,34.0,22.0,17.0,8.0,11.0,0.0,0.0,0.0,8.0,2501.0,forsa,T
2010-02-03,36.0,22.0,16.0,9.0,11.0,0.0,0.0,0.0,6.0,2505.0,forsa,T
2010-01-27,36.0,21.0,16.0,9.0,11.0,0.0,0.0,0.0,7.0,2502.0,forsa,T
2010-01-20,35.0,21.0,15.0,11.0,11.0,0.0,0.0,0.0,7.0,2500.0,forsa,T
2010-01-13,35.0,22.0,14.0,10.0,11.0,0.0,0.0,0.0,8.0,2501.0,forsa,T
2010-01-06,35.0,22.0,13.0,12.0,11.0,0.0,0.0,0.0,7.0,1502.0,forsa,T
2009-12-28,35.0,22.0,12.0,12.0,12.0,0.0,0.0,0.0,7.0,1004.0,forsa,T
2009-12-21,35.0,21.0,13.0,12.0,11.0,0.0,0.0,0.0,8.0,2500.0,forsa,T
2009-12-16,37.0,19.0,13.0,11.0,12.0,0.0,0.0,0.0,8.0,2500.0,forsa,T
2009-12-09,36.0,20.0,13.0,12.0,12.0,0.0,0.0,0.0,7.0,2501.0,forsa,T
2009-12-02,37.0,20.0,13.0,12.0,11.0,0.0,0.0,0.0,7.0,2503.0,forsa,T
2009-11-25,37.0,19.0,13.0,12.0,12.0,0.0,0.0,0.0,7.0,2503.0,forsa,T
2009-11-18,36.0,20.0,12.0,13.0,12.0,0.0,0.0,0.0,7.0,2500.0,forsa,T
2009-11-11,36.0,20.0,12.0,13.0,12.0,0.0,0.0,0.0,7.0,2500.0,forsa,T
2009-11-04,36.0,21.0,12.0,12.0,12.0,0.0,0.0,0.0,7.0,2503.0,forsa,T
2009-10-28,35.0,20.0,12.0,15.0,12.0,0.0,0.0,0.0,6.0,2503.0,forsa,T
2009-10-21,35.0,20.0,10.0,16.0,13.0,0.0,0.0,0.0,6.0,2502.0,forsa,T
2009-10-14,34.0,20.0,11.0,16.0,13.0,0.0,0.0,0.0,6.0,2504.0,forsa,T
2009-10-07,35.0,22.0,10.0,14.0,13.0,0.0,0.0,0.0,6.0,2501.0,forsa,T
2009-09-25,33.0,25.0,10.0,14.0,12.0,0.0,0.0,0.0,6.0,2001.0,forsa,T
2009-09-23,35.0,26.0,11.0,13.0,10.0,0.0,0.0,0.0,5.0,2503.0,forsa,T
2009-09-16,37.0,24.0,11.0,12.0,10.0,0.0,0.0,0.0,6.0,1008.0,forsa,T
2009-09-16,35.0,22.0,11.0,13.0,13.0,0.0,0.0,0.0,6.0,2506.0,forsa,T
2009-09-09,35.0,21.0,10.0,14.0,14.0,0.0,0.0,0.0,6.0,2504.0,forsa,T
2009-09-02,36.0,22.0,12.0,14.0,10.0,0.0,0.0,0.0,6.0,2502.0,forsa,T
2009-08-26,37.0,22.0,12.0,13.0,10.0,0.0,0.0,0.0,6.0,2504.0,forsa,T
2009-08-19,37.0,22.0,12.0,13.0,11.0,0.0,0.0,0.0,5.0,2506.0,forsa,T
2009-08-12,38.0,21.0,12.0,13.0,11.0,0.0,0.0,0.0,5.0,2501.0,forsa,T
2009-08-05,37.0,20.0,13.0,14.0,11.0,0.0,0.0,0.0,5.0,2502.0,forsa,T
2009-07-29,38.0,23.0,12.0,13.0,9.0,0.0,0.0,0.0,5.0,2502.0,forsa,T
2009-07-22,36.0,23.0,12.0,14.0,10.0,0.0,0.0,0.0,5.0,2507.0,forsa,T
2009-07-15,36.0,23.0,12.0,14.0,10.0,0.0,0.0,0.0,5.0,2501.0,forsa,T
2009-07-08,37.0,21.0,13.0,15.0,9.0,0.0,0.0,0.0,5.0,2504.0,forsa,T
2009-07-01,36.0,21.0,12.0,15.0,11.0,0.0,0.0,0.0,5.0,2500.0,forsa,T
2009-06-24,36.0,22.0,12.0,15.0,10.0,0.0,0.0,0.0,5.0,2503.0,forsa,T
2009-06-17,35.0,21.0,13.0,15.0,11.0,0.0,0.0,0.0,5.0,2501.0,forsa,T
2009-06-09,36.0,24.0,11.0,14.0,10.0,0.0,0.0,0.0,5.0,2008.0,forsa,T
2009-06-03,35.0,24.0,11.0,15.0,10.0,0.0,0.0,0.0,5.0,2502.0,forsa,T
2009-05-27,35.0,24.0,11.0,15.0,10.0,0.0,0.0,0.0,5.0,2001.0,forsa,T
2009-05-19,36.0,24.0,11.0,14.0,10.0,0.0,0.0,0.0,5.0,2502.0,forsa,T
2009-05-13,36.0,26.0,9.0,14.0,10.0,0.0,0.0,0.0,5.0,2501.0,forsa,T
2009-05-06,35.0,25.0,9.0,16.0,10.0,0.0,0.0,0.0,5.0,2001.0,forsa,T
2009-04-29,36.0,25.0,9.0,15.0,9.0,0.0,0.0,0.0,6.0,2501.0,forsa,T
2009-04-22,35.0,23.0,10.0,16.0,11.0,0.0,0.0,0.0,5.0,2001.0,forsa,T
2009-04-15,35.0,24.0,10.0,16.0,11.0,0.0,0.0,0.0,4.0,2000.0,forsa,T
2009-04-07,36.0,24.0,10.0,16.0,10.0,0.0,0.0,0.0,4.0,2501.0,forsa,T
2009-04-01,34.0,25.0,10.0,17.0,10.0,0.0,0.0,0.0,4.0,2505.0,forsa,T
2009-03-25,34.0,24.0,10.0,16.0,11.0,0.0,0.0,0.0,5.0,2504.0,forsa,T
2009-03-18,33.0,24.0,10.0,17.0,11.0,0.0,0.0,0.0,5.0,2501.0,forsa,T
2009-03-11,34.0,25.0,9.0,17.0,11.0,0.0,0.0,0.0,4.0,2500.0,forsa,T
2009-03-04,33.0,24.0,11.0,17.0,11.0,0.0,0.0,0.0,4.0,2503.0,forsa,T
2009-02-25,34.0,23.0,10.0,18.0,11.0,0.0,0.0,0.0,4.0,2506.0,forsa,T
2009-02-18,34.0,22.0,10.0,18.0,12.0,0.0,0.0,0.0,4.0,2502.0,forsa,T
2009-02-11,34.0,23.0,10.0,18.0,11.0,0.0,0.0,0.0,4.0,2500.0,forsa,T
2009-02-04,34.0,23.0,11.0,16.0,11.0,0.0,0.0,0.0,5.0,2501.0,forsa,T
2009-01-28,35.0,22.0,10.0,16.0,12.0,0.0,0.0,0.0,5.0,2503.0,forsa,T
2009-01-21,36.0,24.0,9.0,14.0,11.0,0.0,0.0,0.0,6.0,2500.0,forsa,T
2009-01-14,36.0,25.0,9.0,13.0,11.0,0.0,0.0,0.0,6.0,2502.0,forsa,T
2009-01-07,37.0,23.0,10.0,13.0,11.0,0.0,0.0,0.0,6.0,1003.0,forsa,T
2026-07-20,23.0,11.0,13.0,5.0,10.0,28.0,1.0,2.0,7.0,1005.0,gms,TOM
2026-06-01,23.0,11.0,16.0,5.0,11.0,27.0,2.0,2.0,3.0,1023.0,gms,TOM
2026-03-03,26.0,16.0,12.0,3.0,10.0,24.0,2.0,3.0,4.0,1016.0,gms,TOM
2026-01-05,24.0,15.0,12.0,3.0,10.0,27.0,2.0,4.0,3.0,1027.0,gms,TOM
2025-11-17,25.0,14.0,12.0,3.0,11.0,26.0,1.0,3.0,5.0,1020.0,gms,TOM
2025-09-30,26.0,15.0,11.0,3.0,10.0,25.0,1.0,3.0,6.0,1012.0,gms,TOM
2025-07-01,29.0,15.0,13.0,4.0,9.0,22.0,1.0,3.0,4.0,1007.0,gms,TOM
2025-05-19,26.0,14.0,12.0,4.0,10.0,23.0,1.0,4.0,6.0,1012.0,gms,TOM
2025-04-07,26.0,15.0,11.0,4.0,10.0,25.0,1.0,4.0,4.0,1022.0,gms,TOM
2025-02-19,31.0,15.0,13.0,4.0,6.0,20.0,2.0,4.0,5.0,1016.0,gms,TOM
2025-02-07,30.0,15.0,14.0,4.0,5.0,21.0,2.0,4.0,7.0,1011.0,gms,TOM
2025-01-03,33.0,16.0,13.0,4.0,3.0,18.0,2.0,4.0,7.0,1010.0,gms,TOM
2024-12-03,34.0,15.0,13.0,4.0,3.0,17.0,2.0,6.0,6.0,1005.0,gms,TOM
2024-09-17,34.0,14.0,11.0,4.0,2.0,18.0,3.0,7.0,7.0,1006.0,gms,TOM
2024-08-13,32.0,14.0,12.0,5.0,3.0,17.0,2.0,8.0,7.0,1006.0,gms,TOM
2024-06-18,31.0,14.0,14.0,5.0,3.0,18.0,2.0,6.0,7.0,1007.0,gms,TOM
2024-05-07,31.0,15.0,14.0,4.0,2.0,18.0,3.0,6.0,7.0,1005.0,gms,TOM
2024-02-06,32.0,16.0,13.0,4.0,2.0,18.0,3.0,5.0,7.0,1012.0,gms,TOM
2024-01-03,33.0,14.0,13.0,6.0,3.0,23.0,3.0,0.0,5.0,1004.0,gms,TOM
2023-12-12,32.0,14.0,15.0,5.0,2.0,22.0,3.0,0.0,7.0,1001.0,gms,T
2023-09-19,27.0,16.0,15.0,6.0,4.0,23.0,0.0,0.0,9.0,1002.0,gms,T
2023-08-09,27.0,17.0,14.0,7.0,4.0,21.0,0.0,0.0,10.0,1004.0,gms,T
2023-07-04,28.0,17.0,14.0,7.0,4.0,20.0,0.0,0.0,10.0,1005.0,gms,T
2023-06-06,29.0,18.0,15.0,7.0,4.0,19.0,0.0,0.0,8.0,1001.0,gms,T
2023-04-04,31.0,19.0,17.0,6.0,4.0,15.0,0.0,0.0,8.0,1007.0,gms,T
2023-02-21,29.0,19.0,17.0,7.0,5.0,15.0,0.0,0.0,8.0,1004.0,gms,T
2023-01-04,29.0,19.0,17.0,7.0,5.0,14.0,0.0,0.0,9.0,1002.0,gms,T
2022-12-02,28.0,18.0,21.0,7.0,4.0,12.0,0.0,0.0,10.0,1005.0,gms,T
2022-10-26,28.0,18.0,20.0,6.0,4.0,15.0,0.0,0.0,9.0,1002.0,gms,T
2022-09-21,28.0,18.0,21.0,7.0,4.0,13.0,0.0,0.0,9.0,1003.0,gms,T
2022-07-27,27.0,18.0,23.0,9.0,5.0,10.0,0.0,0.0,8.0,1005.0,gms,T
2022-06-21,29.0,21.0,21.0,8.0,4.0,8.0,0.0,0.0,9.0,1003.0,gms,T
2022-05-31,30.0,22.0,20.0,8.0,4.0,7.0,0.0,0.0,9.0,1005.0,gms,T
2022-04-26,26.0,26.0,18.0,8.0,4.0,9.0,0.0,0.0,9.0,1003.0,gms,T
2022-03-01,27.0,24.0,15.0,10.0,6.0,9.0,0.0,0.0,9.0,1005.0,gms,T
2022-01-04,24.0,26.0,16.0,12.0,4.0,11.0,0.0,0.0,7.0,1003.0,gms,T
2021-11-05,21.0,26.0,16.0,15.0,4.0,10.0,0.0,0.0,8.0,1005.0,gms,T
2021-09-14,23.0,25.0,16.0,13.0,6.0,11.0,0.0,0.0,6.0,1003.0,gms,T
2021-09-07,23.0,25.0,17.0,12.0,6.0,11.0,0.0,0.0,6.0,1004.0,gms,T
2021-07-27,30.0,15.0,18.0,12.0,7.0,10.0,0.0,0.0,8.0,1003.0,gms,T
2021-06-21,28.0,16.0,20.0,12.0,8.0,10.0,0.0,0.0,6.0,1002.0,gms,T
2021-05-17,26.0,15.0,24.0,11.0,7.0,11.0,0.0,0.0,6.0,1005.0,gms,T
2021-03-29,26.0,16.0,21.0,11.0,8.0,11.0,0.0,0.0,7.0,1003.0,gms,T
2021-02-15,37.0,17.0,18.0,7.0,7.0,9.0,0.0,0.0,5.0,1005.0,gms,T
2021-01-04,37.0,16.0,18.0,6.0,8.0,9.0,0.0,0.0,6.0,1004.0,gms,T
2020-11-09,37.0,15.0,19.0,5.0,7.0,10.0,0.0,0.0,7.0,1007.0,gms,T
2020-10-13,36.0,16.0,20.0,5.0,7.0,10.0,0.0,0.0,6.0,1005.0,gms,T
2020-07-27,38.0,14.0,19.0,6.0,6.0,10.0,0.0,0.0,7.0,1003.0,gms,T
2020-06-15,39.0,15.0,17.0,6.0,8.0,9.0,0.0,0.0,6.0,1002.0,gms,T
2020-04-27,38.0,16.0,16.0,6.0,8.0,10.0,0.0,0.0,6.0,1002.0,gms,T
2020-01-03,28.0,13.0,21.0,9.0,8.0,14.0,0.0,0.0,7.0,1005.0,gms,T
2019-12-03,27.0,14.0,21.0,9.0,8.0,15.0,0.0,0.0,6.0,1004.0,gms,T
2019-10-08,27.0,14.0,22.0,8.0,7.0,15.0,0.0,0.0,7.0,1002.0,gms,T
2019-09-13,27.0,16.0,23.0,7.0,8.0,12.0,0.0,0.0,7.0,1005.0,gms,T
2019-07-23,28.0,13.0,25.0,8.0,8.0,12.0,0.0,0.0,6.0,1002.0,gms,T
2019-06-25,26.0,13.0,26.0,8.0,8.0,13.0,0.0,0.0,6.0,1004.0,gms,T
2019-05-09,29.0,17.0,19.0,8.0,9.0,13.0,0.0,0.0,5.0,1006.0,gms,T
2019-04-04,30.0,15.0,18.0,10.0,9.0,13.0,0.0,0.0,5.0,1003.0,gms,T
2019-02-28,31.0,16.0,18.0,9.0,9.0,14.0,0.0,0.0,3.0,1005.0,gms,T
2019-01-24,31.0,14.0,19.0,10.0,9.0,13.0,0.0,0.0,4.0,1003.0,gms,T
2018-12-13,30.0,14.0,19.0,9.0,9.0,15.0,0.0,0.0,4.0,1005.0,gms,T
2018-10-11,27.0,15.0,16.0,10.0,10.0,18.0,0.0,0.0,4.0,1007.0,gms,T
2018-09-27,27.0,16.0,15.0,9.0,10.0,18.0,0.0,0.0,5.0,1005.0,gms,T
2018-09-11,29.0,17.0,14.0,9.0,9.0,16.0,0.0,0.0,6.0,1003.0,gms,T
2018-08-01,30.0,17.0,13.0,10.0,10.0,16.0,0.0,0.0,4.0,1005.0,gms,T
2018-07-12,30.0,17.0,12.0,9.0,10.0,17.0,0.0,0.0,5.0,1006.0,gms,T
2018-05-17,34.0,16.0,12.0,9.0,10.0,14.0,0.0,0.0,5.0,1003.0,gms,T
2018-04-27,33.0,17.0,12.0,9.0,11.0,13.0,0.0,0.0,5.0,1005.0,gms,T
2018-03-22,33.0,18.0,11.0,10.0,10.0,13.0,0.0,0.0,5.0,1003.0,gms,T
2018-02-08,32.0,18.0,13.0,9.0,9.0,14.0,0.0,0.0,5.0,1007.0,gms,T
2018-01-03,32.0,20.0,11.0,9.0,10.0,14.0,0.0,0.0,4.0,1005.0,gms,T
2017-12-04,32.0,21.0,10.0,10.0,10.0,13.0,0.0,0.0,4.0,1010.0,gms,T
2017-10-19,31.0,21.0,9.0,12.0,10.0,13.0,0.0,0.0,4.0,1005.0,gms,T
2005-09-12,42.0,33.0,8.0,7.0,7.0,0.0,0.0,0.0,3.0,1008.0,gms,T
2005-09-05,42.0,32.0,8.0,7.0,8.0,0.0,0.0,0.0,3.0,1005.0,gms,T
2005-08-09,43.0,29.0,8.0,7.0,10.0,0.0,0.0,0.0,3.0,1009.0,gms,T
2005-07-20,45.0,27.0,8.0,7.0,9.0,0.0,0.0,0.0,4.0,1007.0,gms,T
2005-06-23,46.0,28.0,8.0,7.0,6.0,0.0,0.0,0.0,5.0,1013.0,gms,T
2005-05-18,45.0,29.0,10.0,8.0,4.0,0.0,0.0,0.0,4.0,1008.0,gms,T
2005-04-20,45.0,29.0,9.0,7.0,5.0,0.0,0.0,0.0,5.0,1009.0,gms,T
2005-03-17,42.0,30.0,11.0,8.0,4.0,0.0,0.0,0.0,5.0,1009.0,gms,T
2005-02-21,40.0,33.0,11.0,7.0,5.0,0.0,0.0,0.0,4.0,1010.0,gms,T
2005-01-20,38.0,34.0,11.0,7.0,5.0,0.0,0.0,0.0,5.0,1009.0,gms,T
2004-12-16,40.0,32.0,11.0,8.0,6.0,0.0,0.0,0.0,3.0,1003.0,gms,T
2004-11-18,39.0,32.0,12.0,8.0,5.0,0.0,0.0,0.0,4.0,1008.0,gms,T
2004-10-21,41.0,29.0,11.0,7.0,6.5,0.0,0.0,0.0,5.5,1010.0,gms,T
2004-09-23,42.0,26.0,11.0,7.0,8.0,0.0,0.0,0.0,6.0,1005.0,gms,T
2004-08-19,43.0,25.0,13.0,8.0,7.0,0.0,0.0,0.0,4.0,1002.0,gms,T
2004-07-22,45.0,26.0,11.0,7.0,5.0,0.0,0.0,0.0,6.0,1007.0,gms,T
2004-06-24,47.0,25.0,11.0,7.0,5.0,0.0,0.0,0.0,5.0,1005.0,gms,T
2004-05-19,48.0,25.0,11.0,7.0,4.0,0.0,0.0,0.0,5.0,1002.0,gms,T
2004-04-22,46.5,26.0,11.0,7.5,5.0,0.0,0.0,0.0,4.0,1006.0,gms,T
2004-03-18,48.5,24.5,11.0,7.0,5.0,0.0,0.0,0.0,4.0,1009.0,gms,T
2004-02-19,48.0,25.0,11.0,7.5,4.5,0.0,0.0,0.0,4.0,1005.0,gms,T
2004-01-22,48.0,25.0,11.0,8.0,4.0,0.0,0.0,0.0,4.0,1013.0,gms,T
2003-12-18,48.0,27.0,11.0,7.0,4.0,0.0,0.0,0.0,3.0,1007.0,gms,T
2003-11-21,49.0,25.0,11.0,7.0,4.0,0.0,0.0,0.0,4.0,1003.0,gms,T
2003-10-23,49.0,26.0,12.0,7.0,3.0,0.0,0.0,0.0,3.0,1007.0,gms,T
2003-09-17,46.0,28.0,11.0,8.0,3.0,0.0,0.0,0.0,4.0,1011.0,gms,T
2003-08-27,46.0,29.0,11.0,8.0,3.0,0.0,0.0,0.0,3.0,1004.0,gms,T
2003-07-23,46.0,29.0,11.0,8.0,3.0,0.0,0.0,0.0,3.0,1007.0,gms,T
2003-06-19,47.0,28.5,10.5,8.0,3.0,0.0,0.0,0.0,3.0,1010.0,gms,T
2003-05-22,48.0,26.5,11.5,7.0,3.0,0.0,0.0,0.0,4.0,1009.0,gms,T
2003-04-17,45.5,29.5,10.5,7.5,4.0,0.0,0.0,0.0,3.0,1007.0,gms,T
2003-03-19,47.0,28.0,11.0,8.0,3.0,0.0,0.0,0.0,3.0,1013.0,gms,T
2003-02-19,48.0,28.0,10.0,7.0,4.0,0.0,0.0,0.0,3.0,1007.0,gms,T
2002-08-28,39.5,36.0,7.0,9.0,5.0,0.0,0.0,0.0,3.5,1505.0,gms,T
2002-06-19,39.5,35.0,6.0,10.0,6.0,0.0,0.0,0.0,3.5,1501.0,gms,T
2002-04-18,40.0,36.0,7.0,9.0,5.0,0.0,0.0,0.0,3.0,1524.0,gms,T
2002-02-22,40.5,36.0,6.0,9.0,5.5,0.0,0.0,0.0,3.0,1512.0,gms,T
2009-09-18,36.0,25.0,11.0,13.0,11.0,0.0,0.0,0.0,4.0,1002.0,gms,T
2009-08-24,37.0,23.0,13.0,13.0,9.0,0.0,0.0,0.0,5.0,1004.0,gms,T
2009-07-17,36.0,24.0,13.0,14.0,9.0,0.0,0.0,0.0,4.0,1001.0,gms,T
2009-06-18,36.0,25.0,11.0,14.0,10.0,0.0,0.0,0.0,4.0,1006.0,gms,T
2009-05-14,35.0,28.0,11.0,14.0,9.0,0.0,0.0,0.0,3.0,1002.0,gms,T
2009-04-09,36.0,26.0,10.0,16.0,8.0,0.0,0.0,0.0,4.0,1004.0,gms,T
2009-03-17,35.0,26.0,11.0,16.0,9.0,0.0,0.0,0.0,3.0,1012.0,gms,T
2009-02-17,37.0,27.0,10.0,14.0,9.0,0.0,0.0,0.0,3.0,1003.0,gms,T
2009-01-23,37.0,26.0,11.0,12.0,10.0,0.0,0.0,0.0,4.0,1004.0,gms,T
2008-12-17,38.0,24.0,11.0,13.0,11.0,0.0,0.0,0.0,3.0,1006.0,gms,T
2008-11-20,34.0,25.0,10.0,13.0,13.0,0.0,0.0,0.0,5.0,1002.0,gms,T
2008-10-22,37.0,25.0,10.0,12.0,12.0,0.0,0.0,0.0,4.0,1001.0,gms,T
2008-09-23,38.0,25.0,9.0,11.0,12.0,0.0,0.0,0.0,5.0,1003.0,gms,T
2008-08-25,38.0,23.0,11.0,12.0,13.0,0.0,0.0,0.0,3.0,1003.0,gms,T
2008-07-24,35.0,27.0,12.0,11.0,11.0,0.0,0.0,0.0,4.0,1003.0,gms,T
2008-06-27,37.0,23.0,12.0,11.0,12.0,0.0,0.0,0.0,5.0,1006.0,gms,T
2008-05-22,36.0,25.0,11.0,12.0,13.0,0.0,0.0,0.0,3.0,1000.0,gms,T
2008-04-23,39.0,27.0,11.0,9.0,11.0,0.0,0.0,0.0,3.0,1006.0,gms,T
2008-03-28,38.0,28.0,9.0,11.0,12.0,0.0,0.0,0.0,2.0,1011.0,gms,T
2008-02-19,36.0,28.0,10.0,10.0,12.0,0.0,0.0,0.0,4.0,1010.0,gms,T
2008-01-22,39.0,29.0,10.0,9.0,10.0,0.0,0.0,0.0,3.0,1006.0,gms,T
2007-12-21,38.0,28.0,10.0,10.0,11.0,0.0,0.0,0.0,3.0,1011.0,gms,T
2007-11-27,39.0,29.0,9.0,9.0,11.0,0.0,0.0,0.0,3.0,1004.0,gms,T
2007-10-30,41.0,29.0,9.0,8.0,9.0,0.0,0.0,0.0,4.0,1004.0,gms,T
2007-09-25,39.0,28.0,9.0,9.0,11.0,0.0,0.0,0.0,4.0,1005.0,gms,T
2007-08-30,38.0,29.0,9.0,9.0,11.0,0.0,0.0,0.0,4.0,1004.0,gms,T
2007-07-30,39.0,27.0,10.0,9.0,11.0,0.0,0.0,0.0,4.0,1005.0,gms,T
2007-06-25,37.0,29.0,10.0,10.0,11.0,0.0,0.0,0.0,3.0,1009.0,gms,T
2007-05-25,36.0,29.0,10.0,10.0,11.0,0.0,0.0,0.0,4.0,1006.0,gms,T
2007-04-23,36.0,29.0,9.0,12.0,10.0,0.0,0.0,0.0,4.0,1005.0,gms,T
2007-03-22,36.0,30.0,10.0,10.0,9.0,0.0,0.0,0.0,5.0,1010.0,gms,T
2007-02-23,34.0,30.0,9.0,11.0,10.0,0.0,0.0,0.0,6.0,1009.0,gms,T
2007-01-30,34.0,31.0,10.0,12.0,9.0,0.0,0.0,0.0,4.0,1009.0,gms,T
2006-12-19,36.0,31.0,10.0,10.0,9.0,0.0,0.0,0.0,4.0,1011.0,gms,T
2006-11-27,32.0,30.0,10.0,12.0,9.0,0.0,0.0,0.0,7.0,1009.0,gms,T
2006-10-20,31.0,31.0,10.0,14.0,9.0,0.0,0.0,0.0,5.0,1006.0,gms,T
2006-09-22,31.0,29.0,12.0,14.0,9.0,0.0,0.0,0.0,5.0,1006.0,gms,T
2006-08-25,32.0,30.0,11.0,13.0,8.0,0.0,0.0,0.0,6.0,1009.0,gms,T
2006-07-20,35.0,30.0,8.0,12.0,9.0,0.0,0.0,0.0,6.0,1004.0,gms,T
2006-06-21,37.0,30.0,10.0,11.0,9.0,0.0,0.0,0.0,3.0,1003.0,gms,T
2006-05-23,39.0,30.0,9.0,10.0,9.0,0.0,0.0,0.0,3.0,1008.0,gms,T
2006-04-21,38.0,33.0,9.0,8.0,8.0,0.0,0.0,0.0,4.0,1011.0,gms,T
2006-03-17,40.0,29.0,9.0,10.0,8.0,0.0,0.0,0.0,4.0,1010.0,gms,T
2006-02-24,40.0,31.0,8.0,9.0,8.0,0.0,0.0,0.0,4.0,1004.0,gms,T
2006-02-13,40.0,32.0,8.0,8.0,8.0,0.0,0.0,0.0,4.0,1011.0,gms,T
2006-01-23,38.0,31.0,8.0,11.0,9.0,0.0,0.0,0.0,3.0,1005.0,gms,T
2005-12-09,36.0,34.0,8.0,10.0,9.0,0.0,0.0,0.0,3.0,1000.0,gms,T
2005-11-14,36.0,33.0,9.0,10.0,8.0,0.0,0.0,0.0,4.0,1002.0,gms,T
2005-10-17,38.0,34.0,8.0,9.0,7.0,0.0,0.0,0.0,4.0,1014.0,gms,T
2013-09-10,40.0,25.0,11.0,5.0,9.0,3.0,1.0,0.0,3.0,1007.0,gms,T
2013-08-20,41.0,25.0,12.0,6.0,8.0,1.0,1.0,0.0,3.0,1008.0,gms,T
2013-07-16,41.0,25.0,13.0,5.0,7.0,2.0,1.0,0.0,4.0,1008.0,gms,T
2013-06-18,41.0,25.0,14.0,5.0,8.0,2.0,2.0,0.0,1.0,1006.0,gms,T
2013-05-16,40.0,25.0,14.0,4.0,7.0,3.0,2.0,0.0,2.0,1010.0,gms,T
2013-04-16,42.0,24.0,13.0,6.0,8.0,0.0,2.0,0.0,3.0,1003.0,gms,T
2013-03-19,40.0,26.0,16.0,5.0,7.0,0.0,1.0,0.0,2.0,1007.0,gms,T
2013-02-19,40.0,27.0,15.0,5.0,6.0,0.0,2.0,0.0,2.0,1005.0,gms,T
2013-01-29,42.0,26.0,15.0,5.0,6.0,0.0,1.0,0.0,2.0,1005.0,gms,T
2012-12-17,40.0,29.0,14.0,4.0,7.0,0.0,1.0,0.0,2.0,1006.0,gms,T
2012-11-22,37.0,26.0,16.0,4.0,8.0,0.0,2.0,0.0,3.0,1003.0,gms,T
2012-10-25,38.0,27.0,12.0,4.0,8.0,0.0,2.0,0.0,4.0,1003.0,gms,T
2012-09-21,38.0,26.0,13.0,5.0,6.0,0.0,2.0,0.0,4.0,1004.0,gms,T
2012-08-23,36.0,28.0,13.0,5.0,6.0,0.0,2.0,0.0,3.0,1003.0,gms,T
2012-07-24,35.0,29.0,13.0,4.0,6.0,0.0,2.0,0.0,3.0,1005.0,gms,T
2012-06-22,34.0,28.0,13.0,6.0,5.0,0.0,0.0,0.0,4.0,1004.0,gms,T
2012-05-23,33.0,27.0,13.0,6.0,6.0,0.0,0.0,0.0,3.0,1003.0,gms,T
2012-04-23,35.0,26.0,13.0,5.0,6.0,0.0,0.0,0.0,3.0,1004.0,gms,T
2012-03-22,37.0,27.0,14.0,4.0,8.0,0.0,0.0,0.0,4.0,1004.0,gms,T
2012-02-23,38.0,26.0,15.0,3.0,7.0,0.0,0.0,0.0,4.0,1001.0,gms,T
2012-01-26,36.0,29.0,15.0,3.0,7.0,0.0,0.0,0.0,4.0,1003.0,gms,T
2011-12-13,34.0,30.0,15.0,3.0,7.0,0.0,0.0,0.0,5.0,1004.0,gms,T
2011-11-24,34.0,28.0,17.0,3.0,8.0,0.0,0.0,0.0,4.0,1002.0,gms,T
2011-10-24,33.0,29.0,17.0,4.0,6.0,0.0,0.0,0.0,4.0,1004.0,gms,T
2011-09-21,33.0,29.0,20.0,4.0,7.0,0.0,0.0,0.0,7.0,1003.0,gms,T
2011-08-25,34.0,27.0,21.0,5.0,7.0,0.0,0.0,0.0,6.0,1004.0,gms,T
2011-07-21,32.0,26.0,22.0,5.0,8.0,0.0,0.0,0.0,7.0,1006.0,gms,T
2011-06-21,33.0,24.0,23.0,5.0,8.0,0.0,0.0,0.0,7.0,1003.0,gms,T
2011-05-20,33.0,24.0,23.0,4.0,9.0,0.0,0.0,0.0,7.0,1001.0,gms,T
2011-04-19,33.0,24.0,24.0,5.0,8.0,0.0,0.0,0.0,6.0,1002.0,gms,T
2011-03-21,34.0,27.0,20.0,5.0,8.0,0.0,0.0,0.0,6.0,1003.0,gms,T
2011-02-18,34.0,26.0,19.0,5.0,10.0,0.0,0.0,0.0,6.0,1004.0,gms,T
2011-01-24,34.0,27.0,19.0,5.0,9.0,0.0,0.0,0.0,6.0,1003.0,gms,T
2010-12-16,33.0,27.0,20.0,5.0,9.0,0.0,0.0,0.0,6.0,1000.0,gms,T
2010-11-16,32.0,26.0,21.0,5.0,10.0,0.0,0.0,0.0,6.0,1001.0,gms,T
2010-10-27,32.0,29.0,19.0,5.0,9.0,0.0,0.0,0.0,6.0,1002.0,gms,T
2010-09-17,31.0,30.0,17.0,5.0,11.0,0.0,0.0,0.0,6.0,1001.0,gms,T
2010-08-20,31.0,31.0,16.0,5.0,10.0,0.0,0.0,0.0,7.0,1007.0,gms,T
2010-07-21,32.0,30.0,16.0,5.0,10.0,0.0,0.0,0.0,7.0,1004.0,gms,T
2010-06-23,32.0,29.0,17.0,6.0,10.0,0.0,0.0,0.0,6.0,1002.0,gms,T
2010-05-20,33.0,28.0,16.0,7.0,10.0,0.0,0.0,0.0,6.0,1003.0,gms,T
2010-04-22,35.0,26.0,15.0,9.0,9.0,0.0,0.0,0.0,6.0,1006.0,gms,T
2010-03-25,34.0,26.0,15.0,9.0,10.0,0.0,0.0,0.0,6.0,1005.0,gms,T
2010-03-01,35.0,25.0,15.0,10.0,9.0,0.0,0.0,0.0,6.0,1004.0,gms,T
2010-01-19,35.0,24.0,14.0,11.0,11.0,0.0,0.0,0.0,5.0,1001.0,gms,T
2009-12-14,35.0,24.0,13.0,12.0,11.0,0.0,0.0,0.0,5.0,1002.0,gms,T
2009-11-19,35.0,21.0,12.0,13.0,13.0,0.0,0.0,0.0,6.0,1001.0,gms,T
2009-10-23,35.0,21.0,11.0,14.0,14.0,0.0,0.0,0.0,5.0,1002.0,gms,T
2017-09-21,37.0,22.0,8.0,9.0,9.0,10.0,0.0,0.0,5.0,1004.0,gms,T
2017-09-07,38.0,22.0,9.0,10.0,9.0,8.0,0.0,0.0,4.0,1012.0,gms,T
2017-08-16,40.0,22.0,8.0,9.0,8.0,7.0,0.0,0.0,6.0,1007.0,gms,T
2017-07-06,39.0,23.0,9.0,9.0,8.0,7.0,0.0,0.0,5.0,1009.0,gms,T
2017-06-01,39.0,23.0,8.0,10.0,8.0,8.0,0.0,0.0,4.0,1016.0,gms,T
2017-05-04,36.0,29.0,7.0,7.0,8.0,9.0,0.0,0.0,4.0,1004.0,gms,T
2017-03-23,34.0,31.0,8.0,6.0,8.0,9.0,0.0,0.0,4.0,1008.0,gms,T
2017-02-09,33.0,29.0,9.0,6.0,8.0,11.0,0.0,0.0,4.0,1009.0,gms,T
2017-01-05,36.0,20.0,10.0,7.0,10.0,13.0,0.0,0.0,4.0,1006.0,gms,T
2016-11-03,33.0,22.0,11.0,7.0,11.0,12.0,0.0,0.0,4.0,1012.0,gms,T
2016-10-13,34.0,21.0,12.0,7.0,10.0,13.0,0.0,0.0,3.0,1003.0,gms,T
2016-09-15,33.0,23.0,11.0,7.0,8.0,13.0,0.0,0.0,5.0,1010.0,gms,T
2016-07-14,34.0,22.0,13.0,7.0,9.0,9.0,0.0,0.0,6.0,1005.0,gms,T
2016-06-02,32.0,21.0,13.0,7.0,8.0,13.0,0.0,0.0,6.0,1004.0,gms,T
2016-04-21,35.0,21.0,12.0,7.0,9.0,11.0,0.0,0.0,5.0,1008.0,gms,T
2016-03-17,36.0,21.0,10.0,7.0,8.0,14.0,0.0,0.0,4.0,1010.0,gms,T
2016-02-18,37.0,24.0,9.0,5.0,10.0,11.0,0.0,0.0,4.0,1009.0,gms,T
2016-01-04,39.0,24.0,10.0,5.0,8.0,9.0,0.0,0.0,5.0,1008.0,gms,T
2015-11-19,39.0,23.0,10.0,4.0,9.0,9.0,0.0,0.0,6.0,1005.0,gms,T
2015-10-08,40.0,25.0,10.0,5.0,9.0,5.0,0.0,0.0,6.0,1014.0,gms,T
2015-09-17,42.0,24.0,10.0,4.0,9.0,4.0,0.0,0.0,5.0,1010.0,gms,T
2015-08-27,42.0,25.0,10.0,5.0,10.0,3.0,0.0,0.0,4.0,1013.0,gms,T
2015-07-23,42.0,24.0,10.0,5.0,9.0,4.0,2.0,0.0,3.0,1007.0,gms,T
2015-06-25,42.0,24.0,10.0,5.0,9.0,4.0,1.0,0.0,4.0,1012.0,gms,T
2015-05-15,41.0,25.0,11.0,4.0,10.0,5.0,1.0,0.0,2.0,1010.0,gms,T
2015-04-16,42.0,24.0,10.0,5.0,9.0,5.0,1.0,0.0,3.0,1015.0,gms,T
2015-03-24,42.0,25.0,10.0,5.0,8.0,5.0,1.0,0.0,3.0,1018.0,gms,T
2015-02-24,42.0,23.0,11.0,4.0,9.0,6.0,1.0,0.0,2.0,1007.0,gms,T
2015-01-20,42.0,24.0,10.0,3.0,10.0,6.0,1.0,0.0,3.0,1016.0,gms,T
2014-12-16,42.0,25.0,10.0,2.0,9.0,7.0,1.0,0.0,3.0,1005.0,gms,T
2014-11-25,42.0,25.0,9.0,3.0,8.0,6.0,1.0,0.0,4.0,1009.0,gms,T
2014-10-21,41.0,24.0,9.0,3.0,9.0,7.0,1.0,0.0,4.0,1016.0,gms,T
2014-09-23,41.0,24.0,9.0,3.0,9.0,9.0,1.0,0.0,3.0,1011.0,gms,T
2014-08-19,41.0,26.0,10.0,3.0,9.0,4.0,1.0,0.0,5.0,1007.0,gms,T
2014-07-22,40.0,26.0,10.0,4.0,8.0,5.0,1.0,0.0,4.0,1004.0,gms,T
2014-06-24,39.0,25.0,11.0,4.0,9.0,6.0,1.0,0.0,3.0,1007.0,gms,T
2014-05-13,41.0,25.0,11.0,4.0,9.0,5.0,1.0,0.0,3.0,1005.0,gms,T
2014-04-16,41.0,24.0,10.0,4.0,10.0,6.0,1.0,0.0,2.0,1008.0,gms,T
2014-03-18,41.0,24.0,11.0,4.0,10.0,5.0,1.0,0.0,3.0,1006.0,gms,T
2014-02-25,41.0,24.0,11.0,4.0,9.0,5.0,2.0,0.0,3.0,1005.0,gms,T
2014-01-21,42.0,25.0,9.0,4.0,9.0,4.0,0.0,0.0,5.0,1007.0,gms,T
2013-12-10,43.0,25.0,10.0,3.0,9.0,4.0,0.0,0.0,4.0,1004.0,gms,T
2013-11-19,41.0,25.0,9.0,4.0,9.0,5.0,2.0,0.0,3.0,1009.0,gms,T
2013-10-15,42.0,25.0,9.0,3.0,9.0,6.0,0.0,0.0,4.0,1010.0,gms,T
2026-09-01,20.5,12.0,13.5,4.5,10.5,29.0,0.0,3.5,6.5,2002.0,insa,O
2026-08-29,20.0,12.0,13.0,4.0,10.0,29.0,0.0,4.0,8.0,1200.0,insa,TOM
2026-08-25,20.5,12.0,13.5,4.5,11.0,29.0,0.0,3.0,6.5,2004.0,insa,O
2026-08-23,21.0,12.0,13.0,5.0,11.0,29.0,0.0,3.0,6.0,1203.0,insa,TOM
2026-08-18,20.5,12.0,13.0,5.0,12.0,28.5,0.0,3.0,6.0,2006.0,insa,O
2026-08-15,20.0,12.0,13.0,5.0,12.0,28.0,0.0,3.0,7.0,1203.0,insa,TOM
2026-08-11,20.5,12.5,13.0,4.5,11.5,28.5,0.0,3.0,6.5,2010.0,insa,O
2026-08-08,21.0,12.0,13.0,5.0,11.0,28.0,0.0,3.0,7.0,1205.0,insa,TOM
2026-08-04,21.0,12.0,13.5,5.0,11.0,28.0,0.0,4.0,5.5,2004.0,insa,O
2026-08-02,21.0,12.0,14.0,5.0,11.0,28.0,0.0,4.0,5.0,1201.0,insa,TOM
2026-07-28,21.0,12.5,13.5,4.0,11.0,28.0,0.0,4.0,6.0,2006.0,insa,O
2026-07-24,21.0,12.0,14.0,4.0,11.0,28.0,0.0,4.0,6.0,1204.0,insa,TOM
2026-07-21,20.5,13.0,13.0,4.5,10.5,29.0,0.0,3.5,6.0,2005.0,insa,O
2026-07-18,21.0,13.0,13.0,4.0,10.0,29.0,0.0,3.0,7.0,1201.0,insa,TOM
2026-07-14,21.5,12.5,13.0,4.0,10.5,28.5,0.0,4.0,6.0,2006.0,insa,O
2026-07-11,22.0,12.0,12.0,4.0,11.0,28.0,0.0,4.0,7.0,1204.0,insa,TOM
2026-07-07,22.0,12.5,13.0,4.0,10.5,29.0,0.0,4.0,5.0,2010.0,insa,O
2026-07-04,21.0,13.0,13.0,4.0,10.0,29.0,0.0,4.0,6.0,1205.0,insa,TOM
2026-06-30,22.0,12.0,13.0,4.0,10.5,29.0,0.0,3.5,6.0,2006.0,insa,O
2026-06-27,22.0,12.0,13.0,4.0,10.0,29.0,0.0,3.0,7.0,1204.0,insa,TOM
2026-06-23,21.5,12.5,13.0,4.0,10.5,29.0,0.0,3.5,6.0,2008.0,insa,O
2026-06-20,22.0,13.0,13.0,3.0,10.0,29.0,0.0,3.0,7.0,1204.0,insa,TOM
2026-06-16,22.0,12.0,14.5,3.5,10.5,29.0,0.0,3.5,5.0,2003.0,insa,O
2026-06-13,22.0,13.0,14.0,3.0,10.0,29.0,0.0,3.0,6.0,1203.0,insa,TOM
2026-06-09,21.0,12.0,14.5,3.5,10.5,29.0,0.0,3.5,6.0,2009.0,insa,O
2026-06-06,21.0,12.0,14.0,3.0,11.0,29.0,0.0,3.0,7.0,1206.0,insa,TOM
2026-06-02,22.0,12.0,13.5,3.5,10.5,29.0,0.0,3.5,6.0,2006.0,insa,O
2026-05-30,22.0,12.0,14.0,3.0,11.0,29.0,0.0,3.0,6.0,1205.0,insa,TOM
2026-05-26,22.0,12.0,14.0,4.0,10.5,29.0,0.0,3.0,5.5,2010.0,insa,O
2026-05-23,22.0,12.0,14.0,4.0,11.0,29.0,0.0,3.0,5.0,1203.0,insa,TOM
2026-05-19,22.0,12.5,14.0,3.5,10.5,29.0,0.0,3.5,5.0,2005.0,insa,O
2026-05-16,22.0,12.0,14.0,3.0,10.0,29.0,0.0,3.0,7.0,1203.0,insa,TOM
2026-05-12,23.0,13.0,12.5,3.5,11.0,28.0,0.0,3.5,5.5,2006.0,insa,O
2026-05-09,23.0,13.0,13.0,3.0,11.0,28.0,0.0,3.0,6.0,1200.0,insa,TOM
2026-05-05,24.0,13.5,13.0,4.0,10.5,27.5,0.0,3.5,4.0,2008.0,insa,O
2026-05-02,24.0,14.0,13.0,3.0,11.0,28.0,0.0,3.0,4.0,1207.0,insa,TOM
2026-04-28,23.5,14.0,12.5,3.5,11.0,28.0,0.0,3.5,4.0,2010.0,insa,O
2026-04-25,24.0,14.0,12.0,3.0,11.0,28.0,0.0,3.0,5.0,1203.0,insa,TOM
2026-04-21,24.0,14.0,12.5,3.5,11.0,26.5,0.0,3.5,5.0,2003.0,insa,O
2026-04-18,24.0,14.0,13.0,3.0,11.0,27.0,0.0,3.0,5.0,1201.0,insa,TOM
2026-04-14,25.0,14.0,12.5,3.5,10.0,26.0,0.0,3.5,5.5,2006.0,insa,O
2026-04-11,25.0,14.0,13.0,3.0,10.0,26.0,0.0,4.0,5.0,1205.0,insa,TOM
2026-04-08,25.0,13.0,12.0,3.5,10.5,26.0,0.0,4.0,6.0,2002.0,insa,O
2026-04-04,25.0,13.0,12.0,3.0,11.0,26.0,0.0,4.0,6.0,1199.0,insa,TOM
2026-03-31,26.0,14.5,12.0,3.0,10.5,26.0,0.0,3.5,4.5,2006.0,insa,O
2026-03-28,26.0,14.0,12.0,3.0,11.0,26.0,0.0,3.0,5.0,1205.0,insa,TOM
2026-03-24,26.0,15.0,12.0,3.0,10.0,26.0,0.0,3.5,4.5,2010.0,insa,O
2026-03-21,26.0,15.0,12.0,3.0,11.0,25.0,0.0,3.0,5.0,1205.0,insa,TOM
2026-03-17,25.5,15.0,12.0,3.0,10.5,26.0,0.0,3.5,4.5,2002.0,insa,O
2026-03-14,25.0,15.0,12.0,3.0,11.0,25.0,0.0,3.0,6.0,1201.0,insa,TOM
2026-03-10,26.0,15.5,11.5,3.5,10.5,24.5,0.0,3.5,5.0,2003.0,insa,O
2026-03-07,26.0,15.0,11.0,4.0,11.0,25.0,0.0,3.0,5.0,1200.0,insa,TOM
2026-03-03,25.5,16.0,11.5,3.0,10.0,25.0,0.0,3.5,5.5,2002.0,insa,O
2026-02-28,26.0,16.0,11.0,3.0,10.0,25.0,0.0,3.0,6.0,1203.0,insa,TOM
2026-02-24,25.0,15.5,11.0,3.5,11.0,25.0,0.0,3.5,5.5,2006.0,insa,O
2026-02-22,25.0,16.0,11.0,3.0,11.0,25.0,0.0,3.0,6.0,1203.0,insa,TOM
2026-02-16,25.5,15.5,11.0,3.0,10.0,25.5,0.0,4.0,5.5,2002.0,insa,O
2026-02-13,25.0,16.0,11.0,3.0,10.0,25.0,0.0,4.0,6.0,1202.0,insa,TOM
2026-02-10,25.5,15.5,11.0,3.0,10.0,26.0,0.0,4.0,5.0,2004.0,insa,O
2026-02-07,25.0,16.0,11.0,3.0,10.0,26.0,0.0,4.0,5.0,1202.0,insa,TOM
2026-02-03,26.0,15.5,11.5,3.0,10.0,26.0,0.0,4.0,4.0,2006.0,insa,O
2026-01-31,26.0,16.0,11.0,3.0,10.0,26.0,0.0,4.0,4.0,1204.0,insa,TOM
2026-01-27,25.0,14.5,11.5,4.0,10.5,26.0,0.0,4.5,4.0,2008.0,insa,O
2026-01-24,25.0,15.0,11.0,4.0,10.0,26.0,0.0,4.0,5.0,1204.0,insa,TOM
2026-01-20,25.0,14.0,12.0,4.0,10.5,26.0,0.0,4.0,4.5,2004.0,insa,O
2026-01-17,25.0,14.0,12.0,4.0,11.0,26.0,0.0,4.0,4.0,1202.0,insa,TOM
2026-01-12,24.5,14.5,12.0,4.0,10.0,26.0,0.0,4.0,5.0,2010.0,insa,O
2026-01-10,24.0,14.0,12.0,4.0,11.0,26.0,0.0,3.0,6.0,1205.0,insa,TOM
2026-01-06,25.0,14.5,11.0,3.5,11.0,25.5,0.0,4.0,5.5,2008.0,insa,O
2026-01-03,25.0,14.0,11.0,4.0,11.0,26.0,0.0,4.0,5.0,1004.0,insa,TOM
2025-12-23,24.5,14.0,11.5,3.5,11.0,26.0,0.0,4.0,5.5,2002.0,insa,O
2025-12-21,24.0,14.0,12.0,4.0,11.0,26.0,0.0,4.0,5.0,1201.0,insa,TOM
2025-12-16,25.0,14.0,10.5,4.0,10.5,26.0,0.0,4.5,5.5,2006.0,insa,O
2025-12-13,24.0,14.0,11.0,4.0,11.0,26.0,0.0,4.0,6.0,1201.0,insa,TOM
2025-12-09,24.5,15.0,10.5,4.0,11.0,26.5,0.0,4.0,4.5,2007.0,insa,O
2025-12-06,25.0,15.0,10.0,4.0,11.0,26.0,0.0,4.0,5.0,1206.0,insa,TOM
2025-12-02,24.5,14.5,11.0,3.5,10.5,27.0,0.0,4.0,5.0,2002.0,insa,O
2025-11-28,25.0,15.0,11.0,3.0,10.0,27.0,0.0,4.0,5.0,1198.0,insa,TOM
2025-11-24,25.5,15.0,11.0,3.0,10.5,26.0,0.0,4.0,5.0,2008.0,insa,O
2025-11-22,25.0,15.0,11.0,3.0,10.0,26.0,0.0,4.0,6.0,1208.0,insa,TOM
2025-11-17,24.5,15.0,11.0,3.5,11.0,26.0,0.0,4.0,5.0,2006.0,insa,O
2025-11-15,25.0,15.0,11.0,3.0,11.0,26.0,0.0,4.0,5.0,1203.0,insa,TOM
2025-11-11,25.0,15.5,11.5,3.0,10.5,26.0,0.0,4.0,4.5,2010.0,insa,O
2025-11-08,25.0,15.0,12.0,3.0,11.0,26.0,0.0,4.0,4.0,1205.0,insa,TOM
2025-11-03,25.5,15.0,11.0,3.0,11.0,25.5,0.0,4.0,5.0,2002.0,insa,O
2025-11-01,25.0,15.0,11.0,3.0,11.0,26.0,0.0,4.0,5.0,1202.0,insa,TOM
2025-10-27,24.5,15.0,11.0,3.5,11.5,26.0,0.0,4.0,4.5,2004.0,insa,O
2025-10-24,24.0,15.0,11.0,4.0,11.0,26.0,0.0,4.0,5.0,1205.0,insa,TOM
2025-10-20,24.5,14.0,11.0,4.0,11.0,27.0,0.0,4.5,4.0,2006.0,insa,O
2025-10-18,25.0,14.0,11.0,4.0,11.0,27.0,0.0,4.0,4.0,1200.0,insa,TOM
2025-10-14,25.0,14.0,11.5,4.0,10.5,26.5,0.0,4.0,4.5,2008.0,insa,O
2025-10-11,24.0,14.0,12.0,4.0,11.0,26.0,0.0,4.0,5.0,1224.0,insa,TOM
2025-10-06,24.5,14.5,11.0,3.5,11.5,26.5,0.0,4.0,4.5,2010.0,insa,O
2025-10-04,24.0,14.0,11.0,4.0,12.0,26.0,0.0,4.0,5.0,1186.0,insa,TOM
2025-09-29,25.0,15.5,11.5,3.0,11.0,26.0,0.0,4.0,4.0,2006.0,insa,O
2025-09-26,25.0,15.0,12.0,3.0,11.0,26.0,0.0,4.0,4.0,1200.0,insa,TOM
2025-09-23,24.5,14.5,11.0,3.5,11.5,26.0,0.0,4.0,5.0,2002.0,insa,O
2025-09-20,25.0,15.0,11.0,3.0,11.0,26.0,0.0,4.0,5.0,1200.0,insa,TOM
2025-09-16,25.5,14.5,11.5,3.0,11.0,25.5,0.0,4.0,5.0,2004.0,insa,O
2025-09-13,25.0,14.0,12.0,3.0,11.0,25.0,0.0,4.0,6.0,1204.0,insa,TOM
2025-09-08,25.5,14.5,11.0,3.5,10.0,25.5,0.0,4.5,5.5,2006.0,insa,O
2025-09-07,26.0,15.0,12.0,3.0,11.0,25.0,0.0,4.0,4.0,1287.0,insa,TOM
2025-09-01,25.5,14.5,11.0,3.5,11.0,25.0,0.0,4.0,5.5,2004.0,insa,O
2025-08-29,26.0,15.0,11.0,3.0,11.0,25.0,0.0,4.0,5.0,1202.0,insa,TOM
2025-08-25,25.0,15.0,10.5,3.5,11.0,25.0,0.0,4.5,5.5,2002.0,insa,O
2025-08-23,25.0,15.0,11.0,3.0,11.0,25.0,0.0,4.0,6.0,1201.0,insa,TOM
2025-08-19,26.0,14.5,11.0,4.0,10.0,25.0,0.0,5.0,4.5,2010.0,insa,O
2025-08-15,26.0,15.0,11.0,4.0,9.0,25.0,0.0,4.0,6.0,1206.0,insa,TOM
2025-08-11,27.0,14.5,10.5,3.5,9.5,25.0,0.0,4.5,5.5,2008.0,insa,O
2025-08-09,27.0,15.0,11.0,4.0,9.0,25.0,0.0,4.0,5.0,1204.0,insa,TOM
2025-08-04,27.5,14.5,10.5,3.0,9.5,25.0,0.0,4.5,5.5,2004.0,insa,O
2025-08-02,27.0,15.0,11.0,3.0,10.0,25.0,0.0,4.0,5.0,1203.0,insa,TOM
2025-07-28,27.5,14.5,10.5,3.5,10.0,24.0,0.0,4.5,5.5,2006.0,insa,O
2025-07-26,27.0,15.0,11.0,3.0,10.0,24.0,0.0,4.0,6.0,1203.0,insa,TOM
2025-07-21,27.5,14.0,10.5,3.5,10.5,24.0,0.0,4.5,5.5,2005.0,insa,O
2025-07-19,27.0,15.0,11.0,3.0,11.0,24.0,0.0,5.0,4.0,1205.0,insa,TOM
2025-07-14,27.5,15.0,11.0,3.5,10.5,23.5,0.0,4.5,4.5,2004.0,insa,O
2025-07-12,28.0,15.0,11.0,3.0,11.0,24.0,0.0,4.0,4.0,1202.0,insa,TOM
2025-07-07,28.0,14.5,11.0,3.5,11.0,23.5,0.0,4.5,4.0,2007.0,insa,O
2025-07-05,28.0,15.0,11.0,4.0,11.0,24.0,0.0,4.0,3.0,1205.0,insa,TOM
2025-07-01,28.0,15.5,11.5,3.5,9.5,23.5,0.0,5.0,3.5,2008.0,insa,O
2025-06-27,28.0,16.0,11.0,3.0,9.0,24.0,0.0,5.0,4.0,1202.0,insa,TOM
2025-06-23,27.5,16.0,11.5,4.0,10.0,23.0,0.0,4.5,3.5,2002.0,insa,O
2025-06-21,28.0,16.0,11.0,4.0,9.0,23.0,0.0,4.0,5.0,1205.0,insa,TOM
2025-06-16,27.0,16.0,11.5,4.0,10.5,23.0,0.0,4.0,4.0,2006.0,insa,O
2025-06-14,27.0,17.0,11.0,4.0,10.0,23.0,0.0,4.0,4.0,1203.0,insa,TOM
2025-06-10,27.5,16.0,11.0,4.0,10.0,22.5,0.0,4.5,4.0,2004.0,insa,O
2025-06-07,27.0,16.0,11.0,4.0,10.0,23.0,0.0,4.0,5.0,1202.0,insa,TOM
2025-06-02,26.5,16.0,10.5,4.0,10.5,24.5,0.0,4.0,4.0,2002.0,insa,O
2025-05-31,26.0,17.0,10.0,4.0,11.0,24.0,0.0,4.0,4.0,1203.0,insa,TOM
2025-05-26,26.0,16.0,11.0,3.5,10.0,24.5,0.0,4.5,4.5,2006.0,insa,O
2025-05-24,27.0,16.0,11.0,4.0,10.0,24.0,0.0,4.0,4.0,1198.0,insa,TOM
2025-05-19,26.0,15.5,11.0,3.5,10.0,24.5,0.0,4.0,5.5,2008.0,insa,O
2025-05-16,26.0,16.0,11.0,3.0,10.0,25.0,0.0,4.0,5.0,1205.0,insa,TOM
2025-05-12,25.0,16.0,11.0,3.5,10.0,24.5,0.0,4.0,6.0,2004.0,insa,O
2025-05-10,25.0,16.0,11.0,4.0,10.0,24.0,0.0,4.0,6.0,1203.0,insa,TOM
2025-05-05,24.5,16.0,11.0,4.0,10.0,24.5,0.0,4.0,6.0,2003.0,insa,O
2025-05-03,25.0,16.0,12.0,4.0,10.0,24.0,0.0,4.0,5.0,1204.0,insa,TOM
2025-04-28,25.0,15.5,11.0,3.0,10.0,25.0,0.0,4.0,6.5,2006.0,insa,O
2025-04-25,25.0,15.0,12.0,3.0,10.0,25.0,0.0,4.0,6.0,1204.0,insa,TOM
2025-04-22,25.0,15.0,11.0,3.5,10.0,25.0,0.0,5.0,5.5,2010.0,insa,O
2025-04-19,25.0,16.0,11.0,4.0,10.0,24.0,0.0,5.0,5.0,1205.0,insa,TOM
2025-04-14,25.5,16.0,11.0,3.5,10.0,24.5,0.0,4.5,5.0,2002.0,insa,O
2025-04-12,25.0,16.0,11.0,3.0,10.0,24.0,0.0,5.0,6.0,1202.0,insa,TOM
2025-04-07,24.5,16.0,10.5,4.0,10.5,24.5,0.0,4.5,5.5,2008.0,insa,O
2025-04-05,24.0,16.0,11.0,4.0,11.0,24.0,0.0,4.0,6.0,1206.0,insa,TOM
2025-03-31,26.5,15.5,12.0,3.5,10.5,23.5,0.0,4.5,4.0,2006.0,insa,O
2025-03-29,26.0,16.0,12.0,3.0,10.0,23.0,0.0,5.0,5.0,1204.0,insa,TOM
2025-03-24,27.0,14.5,12.0,3.5,10.5,23.5,0.0,4.5,4.5,2004.0,insa,O
2025-03-21,27.0,15.0,12.0,3.0,10.0,23.0,0.0,5.0,5.0,1202.0,insa,TOM
2025-03-17,29.0,15.5,11.0,3.0,10.5,22.0,0.0,5.0,4.0,2008.0,insa,O
2025-03-15,28.0,16.0,11.0,3.0,10.0,22.0,0.0,5.0,5.0,1201.0,insa,TOM
2025-03-10,28.5,16.5,10.5,3.5,10.5,22.0,0.0,4.5,4.0,2003.0,insa,O
2025-03-09,28.0,16.0,11.0,4.0,10.0,21.0,0.0,5.0,5.0,1201.0,insa,TOM
2025-03-04,29.5,15.5,11.0,3.5,9.5,22.0,0.0,5.0,4.0,2002.0,insa,O
2025-03-02,30.0,15.0,11.0,4.0,9.0,22.0,0.0,5.0,4.0,1001.0,insa,O
2025-02-22,29.5,15.0,12.5,4.5,7.5,21.0,0.0,5.0,5.0,2005.0,insa,O
2025-02-20,30.0,15.0,13.0,4.0,7.0,21.0,0.0,5.0,5.0,2503.0,insa,O
2025-02-17,30.0,15.0,13.0,4.5,6.5,22.0,0.0,5.0,4.0,2010.0,insa,O
2025-02-15,30.0,15.0,13.0,4.0,6.0,21.0,0.0,5.0,6.0,1205.0,insa,TOM
2025-02-10,30.0,15.5,13.0,4.0,6.0,22.0,0.0,5.5,4.0,2006.0,insa,O
2025-02-08,29.0,16.0,12.0,4.0,5.0,21.0,0.0,6.0,7.0,1204.0,insa,TOM
2025-02-03,30.0,16.0,13.0,4.5,5.0,22.0,0.0,5.5,4.0,2004.0,insa,O
2025-02-01,30.0,17.0,12.0,4.0,4.0,22.0,0.0,6.0,5.0,1203.0,insa,TOM
2025-01-30,29.0,17.0,13.0,4.0,4.0,22.0,0.0,6.0,5.0,1001.0,insa,O
2025-01-27,30.0,15.5,12.5,4.5,4.5,22.0,0.0,6.0,5.0,2006.0,insa,O
2025-01-25,30.0,16.0,12.0,4.0,4.0,21.0,0.0,7.0,6.0,1203.0,insa,TOM
2025-01-20,29.0,16.0,13.0,5.0,4.0,21.5,0.0,7.0,4.5,2008.0,insa,O
2025-01-18,29.0,16.0,13.0,5.0,4.0,21.0,0.0,7.0,5.0,1206.0,insa,TOM
2025-01-13,31.0,15.0,13.0,4.0,3.5,22.0,0.0,6.5,5.0,2005.0,insa,O
2025-01-11,30.0,16.0,13.0,4.0,3.0,22.0,0.0,6.0,6.0,1205.0,insa,TOM
2025-01-06,31.0,15.5,13.5,4.0,3.0,21.5,0.0,6.5,5.0,2001.0,insa,O
2025-01-04,31.0,16.0,13.0,4.0,3.0,20.0,0.0,7.0,6.0,1201.0,insa,TOM
2024-12-30,31.0,16.5,12.0,3.5,4.0,20.5,0.0,7.0,5.5,2004.0,insa,O
2024-12-28,31.0,17.0,12.0,4.0,3.0,20.0,0.0,7.0,6.0,1002.0,insa,O
2024-12-23,31.0,16.0,12.5,5.0,3.0,19.5,0.0,8.0,5.0,2010.0,insa,O
2024-12-21,32.0,16.0,12.0,5.0,3.0,20.0,0.0,8.0,4.0,1205.0,insa,TOM
2024-12-16,31.5,16.5,11.5,5.0,2.5,19.5,0.0,8.0,5.5,2002.0,insa,O
2024-12-14,31.0,17.0,11.0,5.0,3.0,20.0,0.0,8.0,5.0,1203.0,insa,TOM
2024-12-09,31.5,17.0,11.5,4.5,3.0,19.5,0.0,8.0,5.0,2004.0,insa,O
2024-12-07,32.0,16.0,12.0,4.0,4.0,19.0,0.0,8.0,5.0,1202.0,insa,TOM
2024-12-02,31.5,16.0,13.0,4.5,3.5,18.5,0.0,7.5,5.5,2003.0,insa,O
2024-11-30,32.0,15.0,13.0,5.0,3.0,18.0,0.0,8.0,6.0,1201.0,insa,TOM
2024-11-25,32.5,15.0,11.0,4.5,3.5,19.5,0.0,7.5,6.5,2003.0,insa,O
2024-11-23,32.0,14.0,11.0,5.0,4.0,19.0,0.0,7.0,8.0,1203.0,insa,TOM
2024-11-18,32.0,16.0,11.0,4.5,3.5,19.0,0.0,7.5,6.5,2008.0,insa,O
2024-11-16,32.0,16.0,10.0,4.0,4.0,19.0,0.0,8.0,7.0,1204.0,insa,TOM
2024-11-11,32.5,15.5,11.5,5.0,3.5,19.5,0.0,7.0,5.5,3009.0,insa,O
2024-11-09,32.0,15.0,10.0,4.0,4.0,19.0,0.0,7.0,9.0,1065.0,insa,TOM
2024-11-05,32.0,15.5,10.5,4.5,3.5,18.0,0.0,8.0,8.0,2005.0,insa,O
2024-11-02,32.0,16.0,10.0,4.0,4.0,18.0,0.0,8.0,8.0,1202.0,insa,TOM
2024-10-28,31.0,15.0,11.0,4.0,2.5,19.0,0.0,9.0,8.5,2008.0,insa,O
2024-10-26,30.0,15.0,11.0,4.0,3.0,19.0,0.0,9.0,9.0,1204.0,insa,TOM
2024-10-21,30.5,16.5,10.0,4.0,2.5,19.0,0.0,9.0,8.5,2006.0,insa,O
2024-10-19,31.0,16.0,10.0,4.0,3.0,19.0,0.0,9.0,8.0,1201.0,insa,TOM
2024-10-14,31.5,16.0,10.0,4.0,3.5,18.5,0.0,9.0,7.5,2002.0,insa,O
2024-10-12,31.0,16.0,11.0,4.0,3.0,19.0,0.0,9.0,7.0,1202.0,insa,TOM
2024-10-07,31.5,16.0,10.5,4.0,2.5,20.0,0.0,8.0,7.5,2010.0,insa,O
2024-10-05,31.0,16.0,11.0,4.0,3.0,20.0,0.0,8.0,7.0,1237.0,insa,TOM
2024-09-30,31.5,15.0,11.0,4.0,2.5,19.0,0.0,9.5,7.5,2002.0,insa,O
2024-09-28,32.0,15.0,11.0,4.0,3.0,19.0,0.0,10.0,6.0,1203.0,insa,TOM
2024-09-23,32.0,15.5,9.5,3.5,2.5,20.0,0.0,10.0,7.0,2002.0,insa,O
2024-09-21,32.0,15.0,10.0,4.0,2.0,20.0,0.0,10.0,7.0,1202.0,insa,TOM
2024-09-16,33.0,14.0,10.0,4.5,2.5,19.5,0.0,10.0,6.5,2008.0,insa,O
2024-09-14,33.0,14.0,10.0,4.0,3.0,19.0,0.0,10.0,7.0,1206.0,insa,TOM
2024-09-10,32.5,14.0,10.0,4.0,2.5,19.5,0.0,10.0,7.5,2010.0,insa,O
2024-09-07,31.0,15.0,10.0,4.0,3.0,19.0,0.0,10.0,8.0,1202.0,insa,TOM
2024-09-02,31.5,15.0,10.5,4.5,2.5,19.0,0.0,9.5,7.5,2002.0,insa,O
2024-08-31,31.0,16.0,11.0,4.0,3.0,19.0,0.0,9.0,7.0,1202.0,insa,TOM
2024-08-26,31.5,15.0,11.5,5.5,3.0,18.5,0.0,9.0,6.0,2004.0,insa,O
2024-08-24,31.0,16.0,11.0,5.0,3.0,18.0,0.0,9.0,7.0,1202.0,insa,TOM
2024-08-20,30.5,15.5,10.5,5.0,3.0,19.0,0.0,9.5,7.0,2006.0,insa,O
2024-08-17,30.0,16.0,11.0,5.0,3.0,19.0,0.0,9.0,7.0,1203.0,insa,TOM
2024-08-13,30.5,15.0,10.5,5.0,3.0,18.0,0.0,9.5,8.5,2008.0,insa,O
2024-08-10,31.0,16.0,10.0,5.0,3.0,18.0,0.0,9.0,8.0,1203.0,insa,TOM
2024-08-06,30.5,15.0,10.5,5.0,3.0,17.0,0.0,9.5,9.5,2002.0,insa,O
2024-08-03,31.0,15.0,10.0,5.0,3.0,18.0,0.0,9.0,9.0,1199.0,insa,TOM
2024-07-29,30.0,15.0,10.0,5.0,3.5,18.0,0.0,9.5,9.0,2006.0,insa,O
2024-07-27,30.0,15.0,11.0,5.0,3.0,18.0,0.0,10.0,8.0,1203.0,insa,TOM
2024-07-22,31.0,15.0,10.5,5.0,3.5,17.0,0.0,9.0,9.0,2010.0,insa,O
2024-07-20,30.0,15.0,11.0,5.0,3.0,17.0,0.0,9.0,10.0,1207.0,insa,TOM
2024-07-16,31.0,15.0,11.5,5.0,3.0,18.0,0.0,8.5,8.0,2500.0,insa,O
2024-07-13,30.0,15.0,12.0,5.0,2.0,18.0,0.0,9.0,9.0,1449.0,insa,TOM
2024-07-08,30.5,15.0,11.0,5.5,3.0,17.5,1.5,8.5,7.5,2007.0,insa,O
2024-07-05,30.0,15.0,11.0,5.0,2.0,18.0,0.0,9.0,10.0,1204.0,insa,TOM
2024-07-01,29.5,15.0,12.0,5.5,2.5,17.5,2.0,8.5,7.5,2006.0,insa,O
2024-06-29,30.0,15.0,12.0,6.0,2.0,17.0,2.0,9.0,7.0,1203.0,insa,TOM
2024-06-25,30.5,14.5,11.5,5.0,3.0,17.5,2.0,8.5,7.5,2008.0,insa,O
2024-06-23,30.0,15.0,12.0,5.0,3.0,17.0,2.0,8.0,8.0,1204.0,insa,TOM
2024-06-17,31.0,15.0,11.0,5.0,3.0,17.0,2.0,8.0,8.0,2010.0,insa,O
2024-06-15,31.0,16.0,11.0,5.0,3.0,17.0,2.0,7.0,8.0,1205.0,insa,TOM
2024-06-11,30.0,15.5,12.0,5.0,3.0,16.0,2.5,7.5,8.5,2008.0,insa,O
2024-06-08,30.0,16.0,12.0,5.0,3.0,16.0,3.0,8.0,7.0,1203.0,insa,TOM
2024-06-04,30.5,16.0,12.0,5.0,3.5,15.5,2.5,7.5,7.5,2002.0,insa,O
2024-06-01,31.0,16.0,12.0,5.0,3.0,16.0,3.0,7.0,7.0,1205.0,insa,TOM
2024-05-28,30.5,15.0,12.0,5.0,3.0,17.0,2.5,7.0,8.0,2004.0,insa,O
2024-05-25,30.0,15.0,13.0,5.0,3.0,17.0,3.0,7.0,7.0,1202.0,insa,TOM
2024-05-21,30.0,16.0,12.5,5.0,3.0,17.0,3.0,7.0,6.5,2010.0,insa,O
2024-05-18,30.0,16.0,12.0,5.0,3.0,17.0,3.0,7.0,7.0,1206.0,insa,TOM
2024-05-14,30.5,15.5,13.0,5.0,3.5,17.0,2.5,7.0,6.0,2087.0,insa,O
2024-05-11,30.0,15.0,13.0,5.0,4.0,17.0,2.0,7.0,7.0,1247.0,insa,TOM
2024-05-06,30.5,15.5,12.0,5.0,3.5,18.0,2.5,7.5,5.5,2006.0,insa,O
2024-05-04,30.0,15.0,12.0,5.0,4.0,18.0,2.0,7.0,7.0,1203.0,insa,TOM
2024-04-30,29.5,16.5,12.5,5.0,3.5,18.5,2.5,7.0,5.0,2004.0,insa,O
2024-04-27,29.0,16.0,13.0,5.0,4.0,18.0,2.0,7.0,6.0,1203.0,insa,TOM
2024-04-22,30.5,15.0,12.5,5.0,4.0,18.5,2.5,7.0,5.0,2008.0,insa,O
2024-04-20,30.0,15.0,13.0,5.0,4.0,18.0,2.0,7.0,6.0,1204.0,insa,TOM
2024-04-15,29.5,16.0,13.0,6.0,3.0,18.5,2.5,6.5,5.0,2006.0,insa,O
2024-04-13,30.0,16.0,13.0,5.0,3.0,18.0,2.0,6.0,7.0,1203.0,insa,TOM
2024-04-09,30.5,15.0,13.0,5.0,3.5,18.5,2.5,6.5,5.5,2084.0,insa,O
2024-04-06,31.0,15.0,13.0,5.0,3.0,19.0,2.0,6.0,6.0,1243.0,insa,TOM
2024-04-02,30.0,15.0,12.5,5.0,3.5,19.5,2.5,6.5,5.5,2004.0,insa,O
2024-03-30,30.0,15.0,13.0,5.0,3.0,20.0,2.0,6.0,6.0,1210.0,insa,TOM
2024-03-25,30.0,15.5,12.5,5.0,3.5,19.5,2.5,6.5,5.0,2008.0,insa,O
2024-03-24,30.0,16.0,13.0,5.0,3.0,19.0,2.0,6.0,6.0,1204.0,insa,TOM
2024-03-18,29.5,16.0,12.0,5.0,3.5,19.5,2.5,6.5,5.5,2002.0,insa,O
2024-03-16,30.0,15.0,12.0,5.0,3.0,19.0,2.0,6.0,8.0,1199.0,insa,TOM
2024-03-11,31.0,14.5,12.5,5.5,3.5,18.5,2.5,6.5,5.5,2079.0,insa,O
2024-03-09,31.0,15.0,12.0,5.0,3.0,19.0,2.0,7.0,6.0,1249.0,insa,TOM
2024-03-04,30.5,14.5,13.0,5.5,3.0,19.5,2.5,6.5,5.0,2004.0,insa,O
2024-03-02,30.0,15.0,13.0,5.0,3.0,19.0,3.0,7.0,5.0,1200.0,insa,TOM
2024-02-27,30.5,15.5,13.0,4.5,3.0,19.0,3.0,7.5,4.0,2006.0,insa,O
2024-02-24,30.0,15.0,13.0,5.0,3.0,19.0,3.0,8.0,4.0,1203.0,insa,TOM
2024-02-19,30.5,14.5,12.5,4.5,3.5,19.5,3.0,7.5,4.5,2007.0,insa,O
2024-02-17,31.0,14.0,13.0,4.0,3.0,19.0,3.0,8.0,5.0,1203.0,insa,TOM
2024-02-12,30.0,15.0,12.5,3.5,3.5,20.5,3.0,7.5,4.5,2083.0,insa,O
2024-02-10,30.0,15.0,13.0,4.0,3.0,20.0,3.0,7.0,5.0,1276.0,insa,TOM
2024-02-05,30.0,15.0,12.5,4.5,3.5,20.5,3.0,7.5,3.5,2004.0,insa,O
2024-02-03,30.0,15.0,13.0,4.0,4.0,20.0,3.0,7.0,4.0,1202.0,insa,TOM
2024-01-29,30.0,14.5,12.5,5.0,3.5,21.0,2.5,7.0,4.0,2002.0,insa,O
2024-01-27,31.0,14.0,13.0,4.0,4.0,21.0,2.0,7.0,4.0,1201.0,insa,TOM
2024-01-22,30.5,13.5,12.5,5.0,3.0,21.5,2.5,0.0,11.5,2006.0,insa,O
2024-01-20,30.0,13.0,13.0,5.0,3.0,22.0,3.0,7.0,4.0,1203.0,insa,TOM
2024-01-15,31.0,14.0,12.0,5.0,4.0,23.0,3.0,0.0,8.0,2004.0,insa,O
2024-01-13,30.0,15.0,12.0,5.0,4.0,22.0,3.0,0.0,9.0,1202.0,insa,TOM
2024-01-09,32.0,16.0,12.0,5.0,4.0,23.0,3.0,0.0,5.0,2008.0,insa,O
2024-01-06,31.0,16.0,12.0,5.0,4.0,23.0,3.0,0.0,6.0,1204.0,insa,TOM
2024-01-03,32.0,15.0,13.0,5.0,4.0,22.5,3.0,0.0,5.5,2002.0,insa,O
2023-12-31,32.0,15.0,12.0,5.0,4.0,23.0,3.0,0.0,6.0,1001.0,insa,O
2023-12-28,32.0,15.0,12.0,5.0,4.0,23.0,3.0,0.0,6.0,2000.0,insa,O
2023-12-23,32.0,15.0,12.0,5.0,4.0,22.0,3.0,0.0,7.0,1202.0,insa,TOM
2023-12-18,31.5,15.5,12.5,5.0,4.0,23.0,2.5,0.0,6.0,2002.0,insa,O
2023-12-16,32.0,15.0,12.0,5.0,4.0,23.0,2.0,0.0,7.0,1202.0,insa,TOM
2023-12-12,30.0,16.0,12.5,6.0,4.0,22.5,3.0,0.0,6.0,2008.0,insa,O
2023-12-09,30.0,16.0,12.0,6.0,4.0,22.0,3.0,0.0,7.0,1203.0,insa,TOM
2023-12-05,29.5,15.5,13.0,6.0,3.5,22.5,3.0,0.0,7.0,2006.0,insa,O
2023-12-02,30.0,16.0,13.0,6.0,3.0,22.0,3.0,0.0,7.0,1202.0,insa,TOM
2023-11-27,30.5,15.5,12.5,6.0,4.0,22.0,3.0,0.0,6.5,2007.0,insa,O
2023-11-25,30.0,16.0,12.0,6.0,4.0,22.0,3.0,0.0,7.0,1202.0,insa,TOM
2023-11-21,30.0,16.5,13.0,5.5,4.5,21.0,3.0,0.0,6.5,2003.0,insa,O
2023-11-18,30.0,16.0,13.0,6.0,4.0,21.0,3.0,0.0,7.0,1201.0,insa,TOM
2023-11-13,30.5,16.5,13.5,5.0,4.5,21.5,3.0,0.0,5.5,2008.0,insa,O
2023-11-11,30.0,17.0,14.0,5.0,4.0,21.0,3.0,0.0,6.0,1204.0,insa,TOM
2023-11-06,29.5,16.5,13.5,5.5,4.5,22.0,3.0,0.0,5.5,2006.0,insa,O
2023-11-05,30.0,16.0,13.0,6.0,4.0,22.0,3.0,0.0,6.0,1204.0,insa,TOM
2023-10-30,30.5,16.5,13.0,5.5,4.0,21.0,3.5,0.0,6.0,2010.0,insa,O
2023-10-28,31.0,16.0,13.0,6.0,4.0,21.0,3.0,0.0,6.0,1216.0,insa,TOM
2023-10-24,28.5,16.5,13.0,5.5,5.0,22.0,3.5,0.0,6.0,2004.0,insa,O
2023-10-21,29.0,16.0,13.0,5.0,5.0,22.0,4.0,0.0,6.0,1202.0,insa,TOM
2023-10-16,28.0,16.5,13.0,6.0,4.5,23.0,4.0,0.0,5.0,2006.0,insa,O
2023-10-14,28.0,17.0,13.0,6.0,5.0,23.0,4.0,0.0,4.0,1202.0,insa,TOM
2023-10-10,27.0,17.0,13.5,6.0,5.0,22.5,3.0,0.0,6.0,2001.0,insa,O
2023-10-07,27.0,17.0,14.0,6.0,5.0,22.0,3.0,0.0,6.0,1201.0,insa,TOM
2023-10-02,26.5,18.0,13.5,7.0,5.0,22.0,2.5,0.0,5.5,2010.0,insa,O
2023-09-30,26.0,18.0,14.0,7.0,5.0,22.0,3.0,0.0,5.0,1206.0,insa,TOM
2023-09-26,27.0,17.5,13.5,6.5,5.0,21.5,3.0,0.0,6.0,2003.0,insa,O
2023-09-23,27.0,17.0,14.0,6.0,5.0,22.0,3.0,0.0,6.0,1203.0,insa,TOM
2023-09-19,26.5,17.0,14.5,6.0,5.0,21.0,3.5,0.0,6.5,2008.0,insa,O
2023-09-16,27.0,17.0,15.0,6.0,5.0,21.0,3.0,0.0,6.0,1204.0,insa,TOM
2023-09-11,26.5,18.0,14.0,7.0,4.5,22.0,0.0,0.0,8.0,2002.0,insa,O
2023-09-09,27.0,18.0,13.0,7.0,5.0,22.0,0.0,0.0,8.0,1201.0,insa,TOM
2023-09-04,26.5,17.5,13.5,7.5,4.5,21.5,0.0,0.0,9.0,2010.0,insa,O
2023-09-02,27.0,18.0,13.0,7.0,5.0,21.0,0.0,0.0,9.0,1195.0,insa,TOM
2023-08-28,26.5,18.0,14.5,7.0,4.5,21.0,0.0,0.0,8.5,2006.0,insa,O
2023-08-26,27.0,18.0,14.0,7.0,5.0,21.0,0.0,0.0,8.0,1285.0,insa,TOM
2023-08-21,26.5,18.5,14.0,8.0,5.0,20.5,0.0,0.0,7.5,2008.0,insa,O
2023-08-19,27.0,18.0,14.0,8.0,5.0,21.0,0.0,0.0,7.0,1203.0,insa,TOM
2023-08-14,26.0,19.5,13.5,7.0,4.5,21.0,0.0,0.0,8.5,2002.0,insa,O
2023-08-12,26.0,20.0,13.0,7.0,5.0,21.0,0.0,0.0,8.0,1200.0,insa,TOM
2023-08-07,27.0,19.0,14.5,7.5,4.5,20.5,0.0,0.0,7.0,2004.0,insa,O
2023-08-05,27.0,19.0,14.0,7.0,5.0,21.0,0.0,0.0,7.0,1203.0,insa,TOM
2023-07-31,26.5,18.5,14.0,6.5,5.0,21.5,0.0,0.0,8.0,2003.0,insa,O
2023-07-29,26.0,18.0,14.0,7.0,5.0,22.0,0.0,0.0,8.0,1200.0,insa,TOM
2023-07-25,26.5,18.5,14.0,7.5,4.5,21.5,0.0,0.0,7.5,2006.0,insa,O
2023-07-22,26.0,18.0,14.0,7.0,5.0,22.0,0.0,0.0,8.0,1266.0,insa,TOM
2023-07-17,27.0,18.0,14.0,7.0,5.0,20.5,0.0,0.0,8.5,2004.0,insa,O
2023-07-15,27.0,18.0,14.0,7.0,5.0,20.0,0.0,0.0,9.0,1184.0,insa,TOM
2023-07-10,26.0,19.0,14.0,7.0,5.0,20.5,0.0,0.0,8.5,2008.0,insa,O
2023-07-08,27.0,19.0,13.0,7.0,5.0,20.0,0.0,0.0,9.0,1204.0,insa,TOM
2023-07-03,25.5,19.0,14.5,6.5,5.0,21.0,0.0,0.0,8.5,2897.0,insa,O
2023-07-01,26.0,19.0,14.0,7.0,5.0,20.0,0.0,0.0,9.0,1401.0,insa,TOM
2023-06-26,26.5,19.5,13.5,6.5,4.5,20.5,0.0,0.0,9.0,2004.0,insa,O
2023-06-24,26.0,20.0,13.0,7.0,4.0,20.0,0.0,0.0,10.0,1203.0,insa,TOM
2023-06-19,26.5,20.0,13.5,7.5,4.5,20.0,0.0,0.0,8.0,2006.0,insa,O
2023-06-17,27.0,20.0,13.0,8.0,4.0,19.0,0.0,0.0,9.0,1203.0,insa,TOM
2023-06-12,27.0,20.0,13.0,8.0,4.5,19.5,0.0,0.0,8.0,2003.0,insa,O
2023-06-10,27.0,20.0,13.0,8.0,5.0,19.0,0.0,0.0,8.0,1201.0,insa,TOM
2023-06-05,26.5,19.0,13.5,9.0,5.0,19.0,0.0,0.0,8.0,2009.0,insa,O
2023-06-03,27.0,19.0,13.0,9.0,5.0,19.0,0.0,0.0,8.0,1205.0,insa,TOM
2023-05-31,28.0,20.5,13.0,8.5,4.5,18.0,0.0,0.0,7.5,2004.0,insa,O
2023-05-27,28.0,20.0,13.0,9.0,4.0,18.0,0.0,0.0,8.0,1207.0,insa,TOM
2023-05-22,27.5,20.5,14.0,8.5,5.0,17.0,0.0,0.0,7.5,2004.0,insa,O
2023-05-20,28.0,21.0,14.0,8.0,5.0,17.0,0.0,0.0,7.0,1195.0,insa,TOM
2023-05-15,28.0,20.0,14.5,8.5,5.0,16.5,0.0,0.0,7.5,2010.0,insa,O
2023-05-13,28.0,20.0,15.0,9.0,4.0,16.0,0.0,0.0,8.0,1205.0,insa,TOM
2023-05-08,28.0,20.0,14.0,9.0,4.5,16.5,0.0,0.0,8.0,2008.0,insa,O
2023-05-06,28.0,20.0,14.0,9.0,4.0,16.0,0.0,0.0,9.0,1204.0,insa,TOM
2023-05-02,27.0,21.0,15.0,8.0,4.5,16.5,0.0,0.0,8.0,2006.0,insa,O
2023-04-29,28.0,21.0,14.0,8.0,5.0,16.0,0.0,0.0,8.0,1202.0,insa,TOM
2023-04-24,27.5,20.0,14.5,9.0,4.5,16.0,0.0,0.0,8.5,2004.0,insa,O
2023-04-22,28.0,20.0,15.0,9.0,4.0,16.0,0.0,0.0,8.0,1202.0,insa,TOM
2023-04-17,27.5,21.0,15.0,8.0,4.5,16.0,0.0,0.0,8.0,2008.0,insa,O
2023-04-15,27.0,21.0,15.0,8.0,5.0,16.0,0.0,0.0,8.0,1204.0,insa,TOM
2023-04-11,27.5,20.0,15.5,8.0,4.5,16.0,0.0,0.0,8.5,2005.0,insa,O
2023-04-08,28.0,20.0,16.0,8.0,4.0,16.0,0.0,0.0,8.0,1204.0,insa,TOM
2023-04-03,28.0,20.0,15.5,7.5,4.5,16.0,0.0,0.0,8.5,2007.0,insa,O
2023-04-01,27.0,21.0,16.0,8.0,4.0,16.0,0.0,0.0,8.0,1200.0,insa,TOM
2023-03-27,28.0,20.5,16.0,8.0,4.0,15.5,0.0,0.0,8.0,2004.0,insa,O
2023-03-25,28.0,21.0,16.0,8.0,4.0,15.0,0.0,0.0,8.0,1203.0,insa,TOM
2023-03-20,28.0,21.5,15.0,7.5,5.0,16.0,0.0,0.0,7.0,2006.0,insa,O
2023-03-19,28.0,21.0,15.0,8.0,5.0,16.0,0.0,0.0,7.0,1202.0,insa,TOM
2023-03-13,28.5,21.5,15.5,7.5,4.0,16.0,0.0,0.0,7.0,2002.0,insa,O
2023-03-11,29.0,21.0,16.0,7.0,4.0,15.0,0.0,0.0,8.0,1268.0,insa,TOM
2023-03-07,29.5,20.0,15.5,7.5,5.0,15.5,0.0,0.0,7.0,2007.0,insa,O
2023-03-05,30.0,20.0,16.0,7.0,5.0,15.0,0.0,0.0,7.0,1203.0,insa,TOM
2023-02-27,29.5,20.5,15.5,7.5,4.5,15.5,0.0,0.0,7.0,2010.0,insa,O
2023-02-25,29.0,21.0,16.0,7.0,5.0,15.0,0.0,0.0,7.0,1200.0,insa,TOM
2023-02-20,29.0,21.5,15.5,7.0,5.0,15.5,0.0,0.0,6.5,2006.0,insa,O
2023-02-18,29.0,21.0,16.0,7.0,5.0,16.0,0.0,0.0,6.0,1207.0,insa,TOM
2023-02-13,28.0,20.0,16.0,7.5,5.0,16.0,0.0,0.0,7.5,2005.0,insa,O
2023-02-11,28.0,20.0,16.0,8.0,5.0,16.0,0.0,0.0,7.0,1457.0,insa,TOM
2023-02-06,27.0,21.0,16.0,8.0,5.0,15.5,0.0,0.0,7.5,2008.0,insa,O
2023-02-04,28.0,21.0,16.0,8.0,5.0,15.0,0.0,0.0,7.0,1462.0,insa,TOM
2023-01-30,28.5,20.5,16.0,7.5,5.0,15.0,0.0,0.0,7.5,2007.0,insa,O
2023-01-28,29.0,20.0,16.0,7.0,5.0,15.0,0.0,0.0,8.0,1506.0,insa,TOM
2023-01-23,28.0,20.5,16.5,7.5,4.5,15.0,0.0,0.0,8.0,2009.0,insa,O
2023-01-21,28.0,20.0,16.0,7.0,5.0,15.0,0.0,0.0,9.0,1504.0,insa,TOM
2023-01-16,28.0,21.0,16.5,7.5,5.0,15.0,0.0,0.0,7.0,2006.0,insa,O
2023-01-14,27.0,20.0,17.0,8.0,5.0,15.0,0.0,0.0,8.0,1202.0,insa,TOM
2023-01-09,27.0,20.0,17.5,7.5,5.0,15.0,0.0,0.0,8.0,2006.0,insa,O
2023-01-08,27.0,20.0,18.0,7.0,5.0,15.0,0.0,0.0,8.0,1465.0,insa,TOM
2023-01-02,27.0,20.0,17.5,7.5,4.5,15.0,0.0,0.0,8.5,2010.0,insa,O
2022-12-31,26.0,20.0,18.0,7.0,5.0,15.0,0.0,0.0,9.0,1205.0,insa,TOM
2022-12-24,27.0,21.0,17.0,8.0,5.0,14.0,0.0,0.0,8.0,1203.0,insa,TOM
2022-12-19,27.5,21.0,17.5,7.5,4.5,14.5,0.0,0.0,7.5,2005.0,insa,O
2022-12-17,27.0,21.0,18.0,7.0,5.0,15.0,0.0,0.0,7.0,1501.0,insa,TOM
2022-12-13,28.5,20.0,18.0,7.0,4.5,15.5,0.0,0.0,6.5,2007.0,insa,O
2022-12-11,28.0,20.0,18.0,7.0,4.0,15.0,0.0,0.0,8.0,1502.0,insa,TOM
2022-12-06,28.0,20.5,17.0,7.0,5.0,14.5,0.0,0.0,8.0,2008.0,insa,O
2022-12-03,28.0,20.0,17.0,7.0,5.0,15.0,0.0,0.0,8.0,1502.0,insa,TOM
2022-11-28,27.0,21.0,17.5,7.0,5.0,15.0,0.0,0.0,7.5,2006.0,insa,O
2022-11-27,27.0,21.0,18.0,7.0,5.0,15.0,0.0,0.0,7.0,1501.0,insa,TOM
2022-11-21,28.0,20.0,17.0,7.5,5.0,15.0,0.0,0.0,7.5,2004.0,insa,O
2022-11-20,28.0,20.0,17.0,7.0,5.0,15.0,0.0,0.0,8.0,1314.0,insa,TOM
2022-11-14,27.5,20.5,17.5,7.0,4.5,15.0,0.0,0.0,8.0,2010.0,insa,O
2022-11-13,28.0,21.0,18.0,7.0,4.0,15.0,0.0,0.0,7.0,1255.0,insa,TOM
2022-11-07,27.0,21.0,17.5,8.0,4.5,14.5,0.0,0.0,7.5,2007.0,insa,O
2022-11-01,26.0,20.5,18.0,9.0,4.5,15.0,0.0,0.0,7.0,2009.0,insa,O
2022-10-30,26.0,20.0,18.0,9.0,5.0,15.0,0.0,0.0,7.0,1230.0,insa,TOM
2022-10-25,26.5,20.5,17.5,8.5,4.5,15.0,0.0,0.0,7.5,2007.0,insa,O
2022-10-23,27.0,20.0,18.0,8.0,5.0,15.0,0.0,0.0,7.0,1503.0,insa,TOM
2022-10-17,27.5,19.5,18.5,7.5,4.5,15.5,0.0,0.0,7.0,2000.0,insa,O
2022-10-16,28.0,19.0,18.0,8.0,5.0,15.0,0.0,0.0,7.0,1327.0,insa,TOM
2022-10-10,27.5,19.5,19.0,7.5,5.0,15.0,0.0,0.0,6.5,2005.0,insa,O
2022-10-08,27.0,19.0,19.0,8.0,5.0,15.0,0.0,0.0,7.0,1315.0,insa,TOM
2022-10-04,27.5,19.0,18.5,8.0,5.5,15.0,0.0,0.0,6.5,2008.0,insa,O
2022-10-01,28.0,19.0,18.0,8.0,6.0,15.0,0.0,0.0,6.0,1210.0,insa,TOM
2022-09-26,27.5,18.0,19.5,8.0,5.5,15.0,0.0,0.0,6.5,2102.0,insa,O
2022-09-24,28.0,19.0,19.0,8.0,5.0,14.0,0.0,0.0,7.0,1255.0,insa,TOM
2022-09-20,28.5,18.5,19.0,7.5,5.5,14.0,0.0,0.0,7.0,2080.0,insa,O
2022-09-17,28.0,19.0,19.0,7.0,6.0,13.0,0.0,0.0,8.0,1476.0,insa,TOM
2022-09-12,28.0,18.0,20.0,8.0,5.5,13.5,0.0,0.0,7.0,2039.0,insa,O
2022-09-10,27.0,19.0,20.0,8.0,5.0,13.0,0.0,0.0,8.0,1443.0,insa,TOM
2022-09-06,28.0,18.0,20.5,7.5,5.5,13.5,0.0,0.0,7.0,2004.0,insa,O
2022-09-03,28.0,19.0,20.0,8.0,5.0,13.0,0.0,0.0,7.0,1203.0,insa,TOM
2022-08-29,27.5,19.0,20.5,8.0,5.5,13.0,0.0,0.0,6.5,2138.0,insa,O
2022-08-27,28.0,20.0,21.0,8.0,5.0,12.0,0.0,0.0,6.0,1204.0,insa,TOM
2022-08-22,28.0,18.5,21.0,7.5,5.5,13.0,0.0,0.0,6.5,2091.0,insa,O
2022-08-20,28.0,19.0,21.0,8.0,5.0,12.0,0.0,0.0,7.0,1427.0,insa,TOM
2022-08-15,28.0,19.0,22.0,8.0,5.0,12.0,0.0,0.0,6.0,2146.0,insa,O
2022-08-13,27.0,19.0,22.0,9.0,5.0,12.0,0.0,0.0,6.0,1502.0,insa,TOM
2022-08-08,27.0,18.0,21.5,8.0,5.5,12.5,0.0,0.0,7.5,2099.0,insa,O
2022-08-06,27.0,19.0,21.0,9.0,5.0,12.0,0.0,0.0,7.0,1701.0,insa,TOM
2022-08-01,26.5,18.5,22.0,8.0,5.0,12.0,0.0,0.0,8.0,2144.0,insa,O
2022-07-30,26.0,19.0,22.0,9.0,5.0,12.0,0.0,0.0,7.0,1202.0,insa,TOM
2022-07-25,26.5,18.5,22.0,8.0,5.0,12.0,0.0,0.0,8.0,2043.0,insa,O
2022-07-23,27.0,18.0,23.0,8.0,5.0,12.0,0.0,0.0,7.0,1501.0,insa,TOM
2022-07-18,26.5,18.5,22.0,8.0,4.5,12.0,0.0,0.0,8.5,2062.0,insa,O
2022-07-16,26.0,19.0,22.0,8.0,5.0,11.0,0.0,0.0,9.0,1277.0,insa,TOM
2022-07-12,27.0,20.0,21.0,8.5,4.5,11.0,0.0,0.0,8.0,2044.0,insa,O
2022-07-10,28.0,19.0,22.0,8.0,4.0,10.0,0.0,0.0,9.0,1202.0,insa,TOM
2022-07-04,28.0,19.0,21.0,9.5,4.0,11.0,0.0,0.0,7.5,2066.0,insa,O
2022-07-02,27.0,20.0,22.0,9.0,4.0,11.0,0.0,0.0,7.0,1253.0,insa,TOM
2022-06-27,27.0,20.0,21.5,9.0,4.0,10.5,0.0,0.0,8.0,2101.0,insa,O
2022-06-25,26.0,20.0,22.0,9.0,4.0,11.0,0.0,0.0,8.0,1414.0,insa,TOM
2022-06-20,28.0,19.5,21.0,9.5,4.0,10.0,0.0,0.0,8.0,2063.0,insa,O
2022-06-19,27.0,20.0,21.0,9.0,4.0,10.0,0.0,0.0,9.0,1501.0,insa,TOM
2022-06-13,27.5,20.0,21.0,9.5,3.5,10.5,0.0,0.0,8.0,2082.0,insa,O
2022-06-11,27.0,21.0,21.0,9.0,4.0,10.0,0.0,0.0,8.0,1203.0,insa,TOM
2022-06-07,27.0,20.0,21.5,9.5,3.5,10.5,0.0,0.0,8.0,2055.0,insa,O
2022-06-04,27.0,22.0,20.0,9.0,4.0,9.0,0.0,0.0,9.0,1501.0,insa,TOM
2022-05-30,27.0,22.0,20.5,8.5,3.5,10.0,0.0,0.0,8.5,2056.0,insa,O
2022-05-28,27.0,23.0,19.0,9.0,4.0,9.0,0.0,0.0,9.0,1337.0,insa,TOM
2022-05-23,28.5,22.0,20.0,8.5,3.0,10.5,0.0,0.0,7.5,2100.0,insa,O
2022-05-21,28.0,21.0,19.0,10.0,3.0,10.0,0.0,0.0,9.0,1214.0,insa,TOM
2022-05-16,28.0,21.5,20.5,9.0,3.0,11.0,0.0,0.0,7.0,2147.0,insa,O
2022-05-14,27.0,22.0,18.0,10.0,4.0,10.0,0.0,0.0,9.0,1501.0,insa,TOM
2022-05-09,27.5,22.5,19.0,10.0,3.5,10.5,0.0,0.0,7.0,2086.0,insa,O
2022-05-07,27.0,23.0,18.0,11.0,3.0,10.0,0.0,0.0,8.0,1501.0,insa,TOM
2022-05-02,27.0,23.0,19.0,9.5,4.5,10.5,0.0,0.0,6.5,2146.0,insa,O
2022-05-01,26.0,23.0,18.0,10.0,4.0,11.0,0.0,0.0,8.0,1202.0,insa,TOM
2022-04-25,26.5,24.0,18.0,9.0,4.5,11.5,0.0,0.0,6.5,2056.0,insa,O
2022-04-23,26.0,24.0,18.0,9.0,5.0,11.0,0.0,0.0,7.0,1296.0,insa,TOM
2022-04-19,26.0,23.5,19.0,9.0,4.5,11.0,0.0,0.0,7.0,2073.0,insa,O
2022-04-16,26.0,25.0,17.0,10.0,5.0,10.0,0.0,0.0,7.0,1402.0,insa,TOM
2022-04-11,27.0,25.0,17.5,9.0,4.5,11.0,0.0,0.0,6.0,2061.0,insa,O
2022-04-09,26.0,25.0,16.0,10.0,4.0,11.0,0.0,0.0,8.0,1503.0,insa,TOM
2022-04-04,26.0,25.0,17.5,10.5,4.5,10.5,0.0,0.0,6.0,2063.0,insa,O
2022-04-02,26.0,26.0,16.0,10.0,4.0,11.0,0.0,0.0,7.0,1501.0,insa,TOM
2022-03-29,26.0,25.0,16.5,10.0,5.5,10.5,0.0,0.0,6.5,2070.0,insa,O
2022-03-26,26.0,26.0,16.0,10.0,5.0,11.0,0.0,0.0,6.0,1205.0,insa,TOM
2022-03-21,26.5,24.5,16.5,11.0,4.5,11.0,0.0,0.0,6.0,2122.0,insa,O
2022-03-19,26.0,26.0,16.0,10.0,5.0,10.0,0.0,0.0,7.0,1198.0,insa,TOM
2022-03-14,25.5,25.0,15.5,10.5,5.0,10.5,0.0,0.0,8.0,2073.0,insa,O
2022-03-12,24.0,26.0,16.0,10.0,6.0,10.0,0.0,0.0,8.0,1201.0,insa,TOM
2022-03-07,24.5,25.0,15.5,11.0,6.0,10.5,0.0,0.0,7.5,2103.0,insa,O
2022-03-05,25.0,25.0,15.0,11.0,6.0,11.0,0.0,0.0,7.0,1185.0,insa,TOM
2022-03-01,27.0,23.0,15.5,11.0,6.5,10.5,0.0,0.0,6.5,2067.0,insa,O
2022-02-27,26.0,23.0,15.0,11.0,7.0,12.0,0.0,0.0,6.0,1405.0,insa,TOM
2022-02-21,27.0,23.0,14.5,12.5,6.0,11.0,0.0,0.0,6.0,1539.0,insa,O
2022-02-19,27.0,22.0,15.0,11.0,7.0,12.0,0.0,0.0,6.0,1303.0,insa,TOM
2022-02-14,26.0,22.5,15.0,12.0,6.0,12.0,0.0,0.0,6.5,2141.0,insa,O
2022-02-12,26.0,22.0,16.0,11.0,6.0,12.0,0.0,0.0,7.0,1504.0,insa,TOM
2022-02-07,26.0,23.0,15.0,12.0,7.0,11.0,0.0,0.0,6.0,2067.0,insa,O
2022-02-05,27.0,22.0,16.0,11.0,6.0,11.0,0.0,0.0,7.0,1202.0,insa,TOM
2022-01-31,25.0,24.0,15.0,12.5,6.5,10.0,0.0,0.0,7.0,2147.0,insa,O
2022-01-29,24.0,26.0,16.0,11.0,6.0,11.0,0.0,0.0,6.0,1383.0,insa,TOM
2022-01-24,24.0,26.0,15.0,11.5,6.0,11.0,0.0,0.0,6.5,2146.0,insa,O
2022-01-22,23.0,26.0,16.0,12.0,6.0,12.0,0.0,0.0,5.0,1204.0,insa,TOM
2022-01-17,22.5,26.0,15.5,12.0,6.0,12.0,0.0,0.0,6.0,2130.0,insa,O
2022-01-15,23.0,27.0,16.0,11.0,5.0,12.0,0.0,0.0,6.0,1504.0,insa,TOM
2022-01-10,23.0,26.5,15.0,12.0,5.0,12.0,0.0,0.0,6.5,2107.0,insa,O
2022-01-08,23.0,27.0,16.0,12.0,5.0,11.0,0.0,0.0,6.0,1504.0,insa,TOM
2022-01-03,23.0,26.5,15.5,11.0,6.0,11.5,0.0,0.0,6.5,2060.0,insa,O
2022-01-01,24.0,27.0,16.0,10.0,5.0,11.0,0.0,0.0,7.0,1201.0,insa,TOM
2021-12-26,23.0,28.0,15.0,11.0,5.0,11.0,0.0,0.0,7.0,1195.0,insa,TOM
2021-12-20,21.5,27.5,14.5,13.0,5.5,11.5,0.0,0.0,6.5,2075.0,insa,O
2021-12-18,23.0,27.0,14.0,12.0,5.0,12.0,0.0,0.0,7.0,1501.0,insa,TOM
2021-12-13,22.0,27.0,14.5,13.0,5.5,11.5,0.0,0.0,6.5,2221.0,insa,O
2021-12-11,22.0,26.0,15.0,13.0,5.0,11.0,0.0,0.0,8.0,1480.0,insa,TOM
2021-12-06,22.0,26.0,15.0,13.5,5.5,11.5,0.0,0.0,6.5,2119.0,insa,O
2021-12-04,21.0,26.0,15.0,13.0,5.0,12.0,0.0,0.0,8.0,1348.0,insa,TOM
2021-11-29,21.0,25.0,16.0,14.0,5.5,11.0,0.0,0.0,7.5,2129.0,insa,O
2021-11-27,21.0,26.0,15.0,13.0,6.0,12.0,0.0,0.0,7.0,1403.0,insa,TOM
2021-11-22,22.0,26.0,14.0,14.0,5.5,11.0,0.0,0.0,7.5,2096.0,insa,O
2021-11-20,21.0,26.0,15.0,13.0,5.0,12.0,0.0,0.0,8.0,1501.0,insa,TOM
2021-11-15,21.0,27.0,15.0,13.0,5.5,11.5,0.0,0.0,7.0,2091.0,insa,O
2021-11-13,22.0,26.0,15.0,13.0,5.0,11.0,0.0,0.0,8.0,1202.0,insa,TOM
2021-11-08,20.5,26.5,16.0,13.5,5.5,10.5,0.0,0.0,7.5,2112.0,insa,O
2021-11-06,21.0,27.0,15.0,14.0,5.0,11.0,0.0,0.0,7.0,1212.0,insa,TOM
2021-11-02,20.0,27.0,16.0,13.5,5.0,11.5,0.0,0.0,7.0,2140.0,insa,O
2021-10-30,21.0,27.0,16.0,13.0,5.0,11.0,0.0,0.0,7.0,1503.0,insa,TOM
2021-10-25,20.0,28.0,16.0,14.0,5.0,11.0,0.0,0.0,6.0,2105.0,insa,O
2021-10-23,20.0,27.0,17.0,14.0,4.0,11.0,0.0,0.0,7.0,1205.0,insa,TOM
2021-10-18,18.5,28.0,16.0,15.0,5.0,11.5,0.0,0.0,6.0,2140.0,insa,O
2021-10-16,19.0,28.0,16.0,13.0,4.0,11.0,0.0,0.0,9.0,1195.0,insa,TOM
2021-10-11,19.5,28.5,16.0,14.5,4.0,11.0,0.0,0.0,6.5,2101.0,insa,O
2021-10-09,20.0,28.0,15.0,14.0,5.0,10.0,0.0,0.0,8.0,1509.0,insa,TOM
2021-10-04,21.0,28.0,15.5,13.5,4.5,10.0,0.0,0.0,7.5,2000.0,insa,O
2021-10-02,21.0,28.0,16.0,12.0,5.0,10.0,0.0,0.0,8.0,1254.0,insa,TOM
2013-09-19,38.0,28.0,8.0,6.0,9.0,5.0,1.0,0.0,3.0,2248.0,insa,O
2013-09-09,39.0,28.0,11.0,4.0,8.0,3.0,1.0,0.0,3.0,2132.0,insa,O
2013-09-02,39.0,26.0,13.0,5.0,8.0,3.0,1.0,0.0,2.0,2135.0,insa,O
2013-08-26,39.0,25.0,14.0,6.0,7.0,3.0,2.0,0.0,1.0,2128.0,insa,O
2013-08-20,38.0,26.0,15.0,5.0,8.0,3.0,1.0,0.0,1.0,2122.0,insa,O
2013-08-13,39.0,26.0,14.0,5.0,8.0,3.0,1.0,0.0,2.0,2121.0,insa,O
2013-08-05,39.0,26.0,14.0,5.0,8.0,2.0,1.0,0.0,3.0,2131.0,insa,O
2013-07-30,39.0,26.0,15.0,4.0,7.0,3.0,1.0,0.0,3.0,2128.0,insa,O
2013-07-23,38.0,26.0,15.0,5.0,7.0,3.0,1.0,0.0,3.0,2132.0,insa,O
2013-07-16,38.0,26.0,15.0,5.0,8.0,3.0,1.0,0.0,2.0,2122.0,insa,O
2013-07-09,39.0,26.0,14.0,5.0,7.0,3.0,1.0,0.0,3.0,2125.0,insa,O
2013-07-01,40.0,25.0,15.0,4.0,7.0,3.0,2.0,0.0,2.0,2121.0,insa,O
2013-06-24,39.0,26.0,16.0,4.0,7.0,2.0,1.0,0.0,3.0,2129.0,insa,O
2013-06-19,40.0,25.0,15.0,4.0,7.0,3.0,1.0,0.0,2.0,2317.0,insa,O
2013-06-11,39.0,26.0,14.0,5.0,7.0,3.0,1.0,0.0,3.0,2005.0,insa,O
2013-06-04,39.0,27.0,15.0,4.0,6.0,3.0,1.0,0.0,2.0,2633.0,insa,O
2013-06-01,39.0,26.0,14.0,4.0,7.0,4.0,1.0,0.0,2.0,1025.0,insa,O
2013-05-27,39.0,25.0,14.0,4.0,7.0,3.0,2.0,0.0,4.0,2019.0,insa,O
2013-05-22,38.0,26.0,13.0,5.0,8.0,3.0,2.0,0.0,3.0,2009.0,insa,O
2013-05-17,37.0,27.0,14.0,4.0,8.0,3.0,2.0,0.0,2.0,1023.0,insa,O
2013-05-13,37.0,27.0,15.0,4.0,7.0,3.0,1.0,0.0,3.0,2015.0,insa,O
2013-05-07,37.0,26.0,15.0,5.0,7.0,3.0,1.0,0.0,3.0,2044.0,insa,O
2013-04-29,38.0,26.0,16.0,5.0,7.0,3.0,1.0,0.0,2.0,2000.0,insa,O
2013-04-22,38.0,26.0,15.0,5.0,6.0,5.0,1.0,0.0,2.0,2030.0,insa,O
2013-04-21,39.0,26.0,14.0,5.0,6.0,4.0,1.0,0.0,3.0,1030.0,insa,O
2013-04-16,39.0,26.0,15.0,5.0,6.0,3.0,1.0,0.0,2.0,2018.0,insa,O
2013-04-09,39.0,26.0,16.0,5.0,7.0,0.0,2.0,0.0,3.0,2018.0,insa,O
2013-03-25,39.0,27.0,14.0,5.0,8.0,0.0,1.0,0.0,3.0,2006.0,insa,O
2013-03-22,40.0,27.0,15.0,5.0,7.0,0.0,1.0,0.0,3.0,2011.0,insa,O
2013-03-12,40.0,27.0,16.0,5.0,6.0,0.0,2.0,0.0,2.0,2022.0,insa,O
2013-03-04,41.0,26.0,15.0,5.0,7.0,0.0,1.0,0.0,2.0,2006.0,insa,O
2013-02-26,40.0,28.0,15.0,5.0,7.0,0.0,1.0,0.0,2.0,2028.0,insa,O
2013-02-19,40.0,29.0,15.0,5.0,6.0,0.0,1.0,0.0,2.0,2023.0,insa,O
2013-02-12,39.0,29.0,15.0,4.0,6.0,0.0,1.0,0.0,3.0,2011.0,insa,O
2013-02-04,40.0,29.0,15.0,4.0,6.0,0.0,2.0,0.0,2.0,2017.0,insa,O
2013-01-29,40.0,28.0,15.0,5.0,6.0,0.0,1.0,0.0,2.0,2012.0,insa,O
2013-01-22,41.0,27.0,14.0,4.0,7.0,0.0,1.0,0.0,3.0,1997.0,insa,O
2013-01-15,39.0,28.0,15.0,4.0,7.0,0.0,2.0,0.0,2.0,2023.0,insa,O
2013-01-07,39.0,28.0,14.0,4.0,7.0,0.0,2.0,0.0,3.0,2026.0,insa,O
2012-12-18,36.0,29.0,13.0,5.0,7.0,0.0,2.0,0.0,4.0,2012.0,insa,O
2012-12-11,37.0,29.0,14.0,4.0,7.0,0.0,2.0,0.0,4.0,2020.0,insa,O
2012-12-04,35.0,29.0,15.0,5.0,7.0,0.0,2.0,0.0,3.0,2022.0,insa,O
2012-11-27,36.0,29.0,15.0,4.0,7.0,0.0,2.0,0.0,3.0,2041.0,insa,O
2012-11-19,38.0,29.0,14.0,4.0,7.0,0.0,2.0,0.0,2.0,2019.0,insa,O
2012-11-13,38.0,30.0,14.0,5.0,6.0,0.0,1.0,0.0,2.0,2023.0,insa,O
2012-11-06,38.0,30.0,14.0,4.0,6.0,0.0,2.0,0.0,3.0,2003.0,insa,O
2012-10-30,37.0,30.0,13.0,4.0,7.0,0.0,2.0,0.0,3.0,2034.0,insa,O
2012-10-23,35.0,32.0,13.0,4.0,7.0,0.0,2.0,0.0,3.0,2019.0,insa,O
2012-10-15,36.0,31.0,12.0,4.0,7.0,0.0,2.0,0.0,4.0,2013.0,insa,O
2012-10-09,36.0,30.0,11.0,5.0,7.0,0.0,2.0,0.0,4.0,2006.0,insa,O
2012-10-02,36.0,29.0,13.0,4.0,7.0,0.0,2.0,0.0,4.0,2008.0,insa,O
2012-09-25,36.0,30.0,14.0,5.0,6.0,0.0,1.0,0.0,3.0,2030.0,insa,O
2012-09-20,36.0,29.0,13.0,4.0,7.0,0.0,1.0,0.0,4.0,2039.0,insa,O
2012-09-11,37.0,28.0,14.0,4.0,6.0,0.0,2.0,0.0,3.0,2029.0,insa,O
2012-09-04,36.0,29.0,14.0,4.0,6.0,0.0,2.0,0.0,3.0,2014.0,insa,O
2012-08-28,35.0,29.0,15.0,4.0,6.0,0.0,2.0,0.0,3.0,2020.0,insa,O
2012-08-21,36.0,28.0,15.0,4.0,6.0,0.0,1.0,0.0,3.0,2034.0,insa,O
2012-08-14,35.0,30.0,14.0,4.0,6.0,0.0,2.0,0.0,3.0,2031.0,insa,O
2012-08-07,36.0,30.0,13.0,5.0,6.0,0.0,2.0,0.0,2.0,2046.0,insa,O
2012-08-02,35.0,31.0,15.0,4.0,6.0,0.0,1.0,0.0,2.0,2020.0,insa,O
2012-07-24,35.0,30.0,15.0,5.0,6.0,0.0,1.0,0.0,2.0,2037.0,insa,O
2012-07-17,36.0,29.0,14.0,4.0,6.0,0.0,2.0,0.0,2.0,2020.0,insa,O
2012-07-03,35.0,29.0,14.0,4.0,5.0,0.0,2.0,0.0,3.0,2021.0,insa,O
2012-06-25,34.0,31.0,14.0,5.0,6.0,0.0,0.0,0.0,4.0,1987.0,insa,O
2012-06-19,35.0,31.0,14.0,5.0,5.0,0.0,0.0,0.0,3.0,2023.0,insa,O
2012-06-12,35.0,31.0,13.0,5.0,5.0,0.0,0.0,0.0,4.0,1999.0,insa,O
2012-06-05,34.0,32.0,14.0,5.0,4.0,0.0,0.0,0.0,4.0,2019.0,insa,O
2012-05-29,33.0,31.0,14.0,5.0,5.0,0.0,0.0,0.0,4.0,2027.0,insa,O
2012-05-22,33.0,32.0,14.0,4.0,6.0,0.0,0.0,0.0,3.0,2013.0,insa,O
2012-05-15,34.0,29.0,14.0,5.0,6.0,0.0,0.0,0.0,3.0,2031.0,insa,O
2012-05-09,35.0,27.0,15.0,5.0,6.0,0.0,0.0,0.0,4.0,2015.0,insa,O
2012-05-01,36.0,27.0,13.0,4.0,7.0,0.0,0.0,0.0,4.0,2098.0,insa,O
2012-04-23,35.0,26.0,15.0,4.0,6.0,0.0,0.0,0.0,4.0,2097.0,insa,O
2012-04-16,36.0,27.0,13.0,4.0,7.0,0.0,0.0,0.0,4.0,2075.0,insa,O
2012-04-11,35.0,28.0,13.0,4.0,7.0,0.0,0.0,0.0,4.0,2100.0,insa,O
2012-04-03,36.0,29.0,14.0,4.0,6.0,0.0,0.0,0.0,3.0,2085.0,insa,O
2012-03-27,36.0,29.0,15.0,4.0,7.0,0.0,0.0,0.0,3.0,2099.0,insa,O
2017-09-22,34.0,21.0,8.0,9.0,11.0,13.0,0.0,0.0,4.0,2000.0,insa,O
2017-09-18,36.0,22.0,7.0,9.0,11.0,11.0,0.0,0.0,4.0,2042.0,insa,O
2017-09-11,36.5,23.5,6.0,9.0,10.5,11.0,0.0,0.0,3.5,2054.0,insa,O
2017-09-04,36.5,23.5,6.5,8.5,10.0,10.5,0.0,0.0,4.5,2048.0,insa,O
2017-08-29,37.0,24.0,6.5,8.0,10.0,10.0,0.0,0.0,4.5,2034.0,insa,O
2017-08-22,38.0,24.0,7.0,9.0,9.0,10.0,0.0,0.0,3.0,2036.0,insa,O
2017-08-15,37.0,25.0,7.0,9.0,9.0,10.0,0.0,0.0,3.0,2025.0,insa,O
2017-08-07,37.0,25.0,6.5,9.0,10.5,9.0,0.0,0.0,3.0,2046.0,insa,O
2017-08-01,37.0,24.5,7.0,9.0,10.0,9.5,0.0,0.0,3.0,2046.0,insa,O
2017-07-25,37.5,25.0,6.5,8.5,10.5,9.0,0.0,0.0,3.0,2009.0,insa,O
2017-07-18,36.0,25.0,6.5,8.5,9.5,10.0,0.0,0.0,4.5,2026.0,insa,O
2017-07-10,36.0,25.0,6.5,9.0,9.5,9.5,0.0,0.0,4.5,2009.0,insa,O
2017-07-03,36.5,25.0,6.5,9.0,10.5,9.0,0.0,0.0,3.5,2044.0,insa,O
2017-06-27,37.0,26.0,6.5,9.0,10.0,8.5,0.0,0.0,3.0,2056.0,insa,O
2017-06-20,36.5,25.0,6.5,9.0,11.0,9.0,0.0,0.0,3.0,2040.0,insa,O
2017-06-12,37.5,23.5,6.5,9.0,11.0,9.0,0.0,0.0,3.5,2051.0,insa,O
2017-06-06,38.0,23.0,7.0,9.0,11.0,8.0,0.0,0.0,4.0,2037.0,insa,O
2017-05-29,35.5,26.0,6.0,10.0,10.0,9.0,0.0,0.0,3.5,2053.0,insa,O
2017-05-22,36.5,26.0,6.0,9.5,10.0,8.0,0.0,0.0,4.0,2042.0,insa,O
2017-05-16,36.0,27.0,6.0,8.0,9.0,10.0,0.0,0.0,4.0,2037.0,insa,O
2017-05-09,35.0,27.0,7.0,7.0,10.0,10.0,0.0,0.0,4.0,2067.0,insa,O
2017-05-02,34.0,28.5,6.5,7.0,10.5,9.0,0.0,0.0,4.5,2035.0,insa,O
2017-04-25,34.0,30.0,6.5,6.5,9.5,10.0,0.0,0.0,3.5,2041.0,insa,O
2017-04-19,34.0,30.5,6.0,6.5,9.0,10.0,0.0,0.0,4.0,2038.0,insa,O
2017-04-10,33.0,31.5,6.5,6.5,8.5,10.0,0.0,0.0,4.0,2030.0,insa,O
2017-04-03,32.0,32.5,6.5,6.5,9.0,9.0,0.0,0.0,4.5,2033.0,insa,O
2017-03-27,32.0,32.0,6.5,6.0,8.5,11.0,0.0,0.0,4.0,2034.0,insa,O
2017-03-20,31.0,32.0,6.5,6.5,8.5,11.5,0.0,0.0,4.0,1933.0,insa,O
2017-03-13,31.0,31.0,6.5,7.0,8.5,11.5,0.0,0.0,4.5,2051.0,insa,O
2017-03-07,30.5,31.5,6.5,7.5,8.5,11.0,0.0,0.0,4.5,2022.0,insa,O
2017-02-28,30.5,32.0,6.5,7.0,8.0,11.0,0.0,0.0,5.0,2004.0,insa,O
2017-02-21,31.5,30.0,6.5,5.5,9.5,11.0,0.0,0.0,6.0,2030.0,insa,O
2017-02-13,30.0,31.0,7.0,5.0,10.0,12.0,0.0,0.0,5.0,2028.0,insa,O
2017-02-06,30.0,31.0,7.0,6.0,10.0,12.0,0.0,0.0,4.0,2042.0,insa,O
2017-01-30,32.5,26.0,7.5,6.5,10.5,13.0,0.0,0.0,4.0,2088.0,insa,O
2017-01-23,32.5,21.0,8.5,7.5,11.0,14.5,0.0,0.0,5.0,1992.0,insa,O
2017-01-17,33.5,21.0,8.5,7.5,11.0,13.5,0.0,0.0,5.0,2031.0,insa,O
2017-01-09,32.0,21.0,9.0,7.0,11.0,15.0,0.0,0.0,5.0,2054.0,insa,O
2017-01-03,32.0,21.0,10.0,6.0,11.5,15.0,0.0,0.0,4.5,2099.0,insa,O
2016-12-23,31.5,20.5,10.0,6.0,11.5,15.5,0.0,0.0,5.0,2083.0,insa,O
2016-12-20,33.0,21.5,10.0,6.5,11.5,13.0,0.0,0.0,4.5,2116.0,insa,O
2016-12-13,32.0,21.5,11.5,5.5,12.0,13.0,0.0,0.0,4.5,1455.0,insa,O
2016-12-06,32.0,22.5,10.5,5.0,11.5,14.0,0.0,0.0,4.5,2080.0,insa,O
2016-11-28,32.5,22.0,10.0,5.5,11.5,13.5,0.0,0.0,5.0,2097.0,insa,O
2016-11-22,31.5,22.0,10.5,5.5,10.5,15.0,0.0,0.0,5.0,2030.0,insa,O
2016-11-14,30.0,22.5,10.5,6.5,11.5,14.5,0.0,0.0,4.5,2037.0,insa,O
2016-11-08,30.5,22.0,11.0,7.0,10.5,13.5,0.0,0.0,5.5,2045.0,insa,O
2016-11-02,30.5,22.5,11.0,6.5,11.5,13.0,0.0,0.0,5.0,2037.0,insa,O
2016-10-25,30.5,22.5,11.5,6.0,11.5,14.0,0.0,0.0,4.0,2043.0,insa,O
2016-10-18,29.5,21.5,12.0,6.5,12.5,13.5,0.0,0.0,4.5,2077.0,insa,O
2016-10-10,29.5,22.0,11.0,6.5,12.0,15.0,0.0,0.0,4.0,2085.0,insa,O
2016-10-05,30.0,21.0,11.5,7.0,11.5,15.0,0.0,0.0,4.0,2049.0,insa,O
2016-09-27,30.0,21.0,10.0,7.0,11.0,15.5,0.0,0.0,5.5,2048.0,insa,O
2016-09-19,30.0,22.0,11.0,7.0,10.0,15.0,0.0,0.0,5.0,2069.0,insa,O
2016-09-13,30.5,21.5,11.0,7.0,10.0,15.0,0.0,0.0,5.0,2035.0,insa,O
2016-09-05,30.5,21.5,11.5,6.5,9.5,15.0,0.0,0.0,5.5,2071.0,insa,O
2016-08-30,30.5,21.0,11.5,7.0,10.5,14.5,0.0,0.0,5.0,2013.0,insa,O
2016-08-23,31.0,21.0,11.5,6.5,10.5,14.0,0.0,0.0,5.5,2020.0,insa,O
2016-08-16,31.0,20.5,11.0,7.0,11.5,13.5,0.0,0.0,5.5,2046.0,insa,O
2016-08-09,31.5,21.0,11.5,6.5,11.5,13.0,0.0,0.0,5.0,2056.0,insa,O
2016-08-02,31.5,21.0,11.0,6.5,11.0,13.0,0.0,0.0,6.0,1973.0,insa,O
2016-07-26,31.5,21.5,12.0,6.5,11.5,12.0,0.0,0.0,5.0,2049.0,insa,O
2016-07-19,32.0,21.0,12.0,7.0,11.5,11.0,0.0,0.0,5.5,2038.0,insa,O
2016-07-11,31.0,20.5,12.0,7.5,11.0,12.5,0.0,0.0,5.5,2034.0,insa,O
2016-07-04,30.0,21.0,12.0,8.0,10.0,14.5,0.0,0.0,4.5,2001.0,insa,O
2016-06-27,30.0,19.0,13.0,8.0,11.0,14.0,0.0,0.0,5.0,2054.0,insa,O
2016-06-20,31.0,20.0,13.0,7.0,11.0,13.0,0.0,0.0,5.0,2017.0,insa,O
2016-06-13,30.0,19.5,12.0,8.0,11.0,14.0,0.0,0.0,5.5,2047.0,insa,O
2016-06-06,30.0,19.0,13.0,8.0,10.5,14.0,0.0,0.0,5.5,2032.0,insa,O
2016-05-31,30.0,19.0,13.0,8.0,9.5,15.0,0.0,0.0,5.5,2053.0,insa,O
2016-05-23,30.5,19.5,13.0,7.0,10.0,15.0,0.0,0.0,5.0,2022.0,insa,O
2016-05-17,30.5,19.5,13.0,7.5,10.5,15.0,0.0,0.0,4.0,1947.0,insa,O
2016-05-09,30.5,19.5,13.0,8.0,10.0,15.0,0.0,0.0,4.0,2048.0,insa,O
2016-05-02,32.0,19.5,13.0,8.0,10.0,13.5,0.0,0.0,4.0,2036.0,insa,O
2016-04-25,31.0,19.5,14.0,8.0,10.0,13.5,0.0,0.0,4.0,2054.0,insa,O
2016-04-18,31.5,19.5,13.0,7.0,9.5,13.5,0.0,0.0,6.0,2010.0,insa,O
2016-04-11,31.5,19.5,13.5,7.5,9.5,12.5,0.0,0.0,6.0,1997.0,insa,O
2016-04-04,32.0,20.0,12.5,7.5,9.0,13.0,0.0,0.0,6.0,2036.0,insa,O
2016-03-29,32.0,20.0,12.5,6.0,11.0,13.0,0.0,0.0,5.5,1873.0,insa,O
2016-03-21,33.0,22.0,11.0,7.0,10.5,12.0,0.0,0.0,4.5,2022.0,insa,O
2016-03-14,32.0,22.0,10.0,6.5,11.0,13.0,0.0,0.0,5.5,2004.0,insa,O
2016-03-08,32.5,23.0,11.0,6.5,10.0,11.5,0.0,0.0,5.5,2011.0,insa,O
2016-02-29,32.5,23.0,11.0,6.5,11.0,11.5,0.0,0.0,4.5,2007.0,insa,O
2016-02-22,32.5,22.5,10.5,6.5,10.0,12.5,0.0,0.0,5.5,2001.0,insa,O
2016-02-15,32.5,22.5,11.0,7.0,9.5,12.5,0.0,0.0,5.0,2014.0,insa,O
2016-02-09,32.5,22.0,11.0,6.0,10.5,12.0,0.0,0.0,6.0,2054.0,insa,O
2016-02-01,33.0,23.0,10.0,6.0,10.0,12.5,0.0,0.0,5.5,2007.0,insa,O
2016-01-25,32.5,23.0,10.0,6.0,9.0,13.0,0.0,0.0,6.5,2047.0,insa,O
2016-01-18,32.5,22.5,9.5,6.5,10.0,12.5,0.0,0.0,6.5,2051.0,insa,O
2016-01-11,35.0,21.5,10.0,6.0,10.0,11.5,0.0,0.0,6.0,2039.0,insa,O
2016-01-04,36.0,22.5,10.0,5.0,10.0,9.5,0.0,0.0,7.0,2022.0,insa,O
2015-12-21,35.5,23.0,9.5,6.0,11.0,9.5,0.0,0.0,5.5,2066.0,insa,O
2015-12-14,35.0,23.5,9.0,5.5,10.0,10.0,0.0,0.0,7.0,2030.0,insa,O
2015-12-08,35.0,23.5,9.5,6.0,9.5,10.0,0.0,0.0,6.5,2012.0,insa,O
2015-11-30,34.5,23.5,9.5,5.5,9.5,10.5,0.0,0.0,7.0,2016.0,insa,O
2015-11-23,34.5,23.0,9.0,6.0,10.5,10.0,0.0,0.0,7.0,2025.0,insa,O
2015-11-16,35.0,23.5,10.0,5.0,10.0,10.5,0.0,0.0,6.0,2057.0,insa,O
2015-11-09,34.0,24.0,10.0,6.0,11.0,10.0,0.0,0.0,5.0,2017.0,insa,O
2015-11-02,35.5,24.5,10.0,5.5,10.0,8.0,0.0,0.0,6.5,2173.0,insa,O
2015-10-27,35.0,24.5,11.0,4.5,9.5,8.5,0.0,0.0,7.0,2196.0,insa,O
2015-10-19,37.0,25.0,9.5,5.0,9.5,7.5,0.0,0.0,6.5,2173.0,insa,O
2015-10-12,38.0,24.5,10.0,5.0,9.0,6.5,0.0,0.0,7.0,2190.0,insa,O
2015-10-06,39.0,24.0,9.5,5.0,10.0,6.0,0.0,0.0,6.5,2183.0,insa,O
2015-09-28,38.5,23.5,10.5,4.0,10.5,6.0,0.0,0.0,7.0,2201.0,insa,O
2015-09-21,39.5,24.5,9.5,4.0,10.0,6.0,0.0,0.0,6.5,2187.0,insa,O
2015-09-14,40.0,24.0,10.0,4.0,9.5,5.5,0.0,0.0,7.0,2172.0,insa,O
2015-09-08,41.5,24.0,10.5,4.0,9.5,5.0,0.0,0.0,5.5,2151.0,insa,O
2015-08-31,41.5,23.5,10.0,4.0,9.5,4.5,0.0,0.0,7.0,2169.0,insa,O
2015-08-26,42.0,23.5,10.5,4.0,9.5,3.5,0.0,0.0,7.0,2169.0,insa,O
2015-08-17,41.0,24.5,11.0,4.5,9.0,4.0,0.0,0.0,6.0,2178.0,insa,O
2015-08-11,42.5,23.0,10.5,4.5,9.0,4.0,0.0,0.0,6.5,2161.0,insa,O
2015-08-03,43.0,24.5,10.0,4.0,9.5,3.0,0.0,0.0,6.0,2166.0,insa,O
2015-07-28,41.5,25.5,9.5,4.0,9.5,3.0,0.0,0.0,7.0,2167.0,insa,O
2015-07-20,42.0,25.0,9.5,4.0,9.5,3.0,0.0,0.0,5.5,2187.0,insa,O
2015-07-13,42.0,25.5,9.5,4.0,9.5,3.5,0.0,0.0,6.0,2178.0,insa,O
2015-07-07,43.0,24.0,10.0,4.0,9.0,4.0,0.0,0.0,5.0,2189.0,insa,O
2015-06-30,39.5,24.5,9.5,5.0,9.5,4.5,0.0,0.0,5.5,2187.0,insa,O
2015-06-23,40.0,25.0,10.0,4.0,9.5,4.5,0.0,0.0,7.0,2179.0,insa,O
2015-06-15,41.0,24.0,9.5,4.5,10.5,4.5,0.0,0.0,6.0,2177.0,insa,O
2015-06-10,40.0,24.0,10.0,5.0,10.0,5.0,0.0,0.0,6.0,2189.0,insa,O
2015-06-01,41.0,25.0,10.0,5.0,8.5,5.0,0.0,0.0,5.5,2168.0,insa,O
2015-05-27,41.0,24.5,9.5,5.0,9.5,5.5,0.0,0.0,5.0,2163.0,insa,O
2015-05-19,40.5,24.0,10.0,4.5,9.5,5.5,0.0,0.0,6.0,2175.0,insa,O
2015-05-13,41.5,24.5,9.0,3.0,9.5,6.0,0.0,0.0,6.5,2149.0,insa,O
2015-05-04,41.0,25.0,9.5,3.0,9.5,6.0,0.0,0.0,4.0,2148.0,insa,O
2015-04-27,40.5,25.0,11.0,3.0,8.5,6.0,0.0,0.0,4.5,2169.0,insa,O
2015-04-21,41.0,24.5,10.0,3.5,9.0,6.5,0.0,0.0,5.5,2174.0,insa,O
2015-04-14,41.0,23.5,10.0,3.0,9.5,6.5,0.0,0.0,6.5,2161.0,insa,O
2015-04-09,42.0,24.0,9.0,3.0,9.0,6.5,0.0,0.0,6.5,2174.0,insa,O
2015-03-31,43.0,23.5,10.0,3.0,9.0,6.0,0.0,0.0,5.5,1978.0,insa,O
2015-03-24,41.0,24.0,9.5,4.0,9.0,6.5,0.0,0.0,6.0,2012.0,insa,O
2015-03-17,41.0,22.5,9.5,3.5,10.0,7.5,0.0,0.0,6.0,1998.0,insa,O
2015-03-11,41.0,24.5,9.5,3.0,9.0,7.5,0.0,0.0,5.5,1997.0,insa,O
2015-03-02,41.0,24.0,9.5,3.0,9.0,7.5,0.0,0.0,6.0,2019.0,insa,O
2015-02-24,41.0,24.5,9.5,3.0,8.5,7.5,0.0,0.0,6.0,1992.0,insa,O
2015-02-18,42.0,24.0,10.0,3.0,8.5,7.0,0.0,0.0,5.5,2011.0,insa,O
2015-02-10,40.5,25.0,10.5,3.0,8.5,7.5,0.0,0.0,5.0,2005.0,insa,O
2015-02-02,41.0,25.0,10.0,2.5,9.0,7.0,0.0,0.0,5.5,2013.0,insa,O
2015-01-26,42.0,24.0,10.0,3.0,8.5,7.0,0.0,0.0,5.5,2005.0,insa,O
2015-01-20,42.0,23.0,10.0,3.5,9.0,7.0,0.0,0.0,4.0,2019.0,insa,O
2015-01-15,43.0,23.0,10.0,2.5,9.0,7.5,0.0,0.0,3.5,2058.0,insa,O
2015-01-06,42.5,24.0,9.0,2.0,9.5,7.5,0.0,0.0,5.5,2036.0,insa,O
2014-12-16,41.5,24.5,9.5,2.0,10.0,7.5,0.0,0.0,5.0,2017.0,insa,O
2014-12-11,41.0,24.0,9.5,2.0,9.5,8.0,0.0,0.0,6.0,2046.0,insa,O
2014-12-02,41.5,23.0,9.0,2.0,10.0,8.5,0.0,0.0,6.0,2047.0,insa,O
2014-11-24,41.0,24.0,9.0,2.5,10.5,7.5,0.0,0.0,5.5,1979.0,insa,O
2014-11-17,40.0,25.0,10.0,2.5,10.0,7.0,0.0,0.0,5.5,2017.0,insa,O
2014-11-11,41.0,24.5,10.0,3.5,9.0,8.0,0.0,0.0,4.0,2028.0,insa,O
2014-11-05,41.0,25.0,9.0,2.5,9.0,8.0,0.0,0.0,4.0,2020.0,insa,O
2014-10-28,41.0,24.0,10.0,2.0,9.0,8.0,0.0,0.0,4.5,2003.0,insa,O
2014-10-21,40.5,24.5,9.0,2.5,9.0,8.0,0.0,0.0,5.0,2005.0,insa,O
2014-10-13,40.0,24.0,10.0,2.0,9.0,9.0,0.0,0.0,6.0,2043.0,insa,O
2014-10-07,39.0,24.0,11.0,3.0,8.0,8.0,0.0,0.0,7.0,2030.0,insa,O
2014-09-29,38.5,25.0,11.0,3.0,9.5,8.5,0.0,0.0,4.5,2037.0,insa,O
2014-09-24,39.5,24.0,10.0,3.0,9.0,8.0,0.0,0.0,6.5,2019.0,insa,O
2014-09-16,39.0,25.0,10.0,3.5,9.5,7.0,0.0,0.0,6.0,2020.0,insa,O
2014-09-10,39.5,23.0,11.0,3.5,9.0,6.0,0.0,0.0,6.0,2030.0,insa,O
2014-09-02,40.0,25.0,10.0,3.0,10.0,6.0,0.0,0.0,6.0,2036.0,insa,O
2014-08-27,42.0,25.0,10.0,3.5,9.5,5.0,0.0,0.0,5.0,1998.0,insa,O
2014-08-20,41.0,26.0,10.0,3.5,9.0,5.0,0.0,0.0,5.5,2005.0,insa,O
2014-08-13,42.0,26.0,9.5,3.0,9.0,5.5,0.0,0.0,5.0,2006.0,insa,O
2014-08-05,41.0,25.0,9.5,3.0,9.5,4.5,0.0,0.0,5.5,2032.0,insa,O
2014-07-29,40.0,24.5,10.5,3.5,9.0,5.0,0.0,0.0,6.0,2014.0,insa,O
2014-07-23,41.0,24.0,10.0,3.5,9.0,6.0,0.0,0.0,5.0,2044.0,insa,O
2014-07-14,40.0,24.0,11.0,3.5,9.0,6.0,0.0,0.0,5.0,2018.0,insa,O
2014-07-08,40.0,25.0,10.0,4.0,9.0,5.5,0.0,0.0,4.0,2033.0,insa,O
2014-06-30,41.0,24.0,10.0,3.5,9.0,6.0,0.0,0.0,4.5,2044.0,insa,O
2014-06-23,40.5,24.0,11.0,3.0,9.0,6.0,0.0,0.0,4.5,2020.0,insa,O
2014-06-16,39.5,25.0,11.0,4.0,8.5,6.0,0.0,0.0,4.5,1993.0,insa,O
2014-06-11,39.0,24.5,11.0,4.5,9.0,6.5,0.0,0.0,3.5,2036.0,insa,O
2014-06-03,38.0,26.0,11.0,3.5,9.0,6.0,0.0,0.0,4.0,2014.0,insa,O
2014-05-27,39.0,26.0,10.0,4.0,9.0,6.0,0.0,0.0,4.0,2009.0,insa,O
2014-05-19,40.0,25.0,10.0,4.0,9.0,5.0,0.0,0.0,5.0,2009.0,insa,O
2014-05-13,40.0,23.5,11.0,4.0,10.0,5.5,0.0,0.0,4.0,2033.0,insa,O
2014-05-05,41.0,25.0,11.0,3.0,9.0,5.0,0.0,0.0,4.0,2082.0,insa,O
2014-04-29,41.5,24.0,10.0,4.5,9.0,5.5,0.0,0.0,3.5,2093.0,insa,O
2014-04-23,41.0,24.5,10.5,4.5,9.0,5.0,0.0,0.0,3.5,2089.0,insa,O
2014-04-14,40.5,23.5,10.0,5.0,10.0,5.5,0.0,0.0,3.5,2080.0,insa,O
2014-04-08,41.0,24.0,10.0,4.0,10.0,6.0,0.0,0.0,3.0,2085.0,insa,O
2014-04-01,41.0,24.5,11.0,3.0,9.0,5.0,0.0,0.0,4.5,2087.0,insa,O
2014-03-26,41.0,25.0,10.0,4.0,10.0,5.0,0.0,0.0,3.0,2088.0,insa,O
2014-03-19,40.5,24.5,10.0,4.0,10.0,5.0,0.0,0.0,4.0,2102.0,insa,O
2014-03-11,41.0,25.5,10.0,4.0,8.5,5.5,0.0,0.0,3.5,2085.0,insa,O
2014-03-04,41.0,24.5,11.0,4.0,9.5,5.0,0.0,0.0,3.0,2043.0,insa,O
2014-02-25,40.5,25.5,10.0,4.0,9.0,5.5,0.0,0.0,3.0,2100.0,insa,O
2014-02-17,41.0,25.0,10.0,4.0,10.0,5.0,0.0,0.0,2.5,2080.0,insa,O
2014-02-11,41.0,26.0,9.0,4.0,9.5,5.0,0.0,0.0,3.5,2102.0,insa,O
2014-02-03,41.5,25.0,9.5,4.0,9.0,5.0,0.0,0.0,3.5,2110.0,insa,O
2014-01-27,41.0,26.5,9.5,4.5,8.5,4.0,0.0,0.0,3.5,2079.0,insa,O
2014-01-22,41.0,26.0,9.5,4.5,9.0,4.0,0.0,0.0,6.0,2096.0,insa,O
2014-01-13,41.0,26.0,10.0,4.0,9.5,4.0,0.0,0.0,5.5,2083.0,insa,O
2014-01-06,41.5,25.0,9.0,4.0,10.0,5.0,0.0,0.0,5.5,2067.0,insa,O
2013-12-17,42.0,27.0,9.0,4.0,9.0,4.0,0.0,0.0,5.0,2100.0,insa,O
2013-12-09,42.0,25.0,10.0,4.0,9.5,4.5,0.0,0.0,5.0,2090.0,insa,O
2013-12-03,42.5,24.0,11.0,3.5,9.5,4.0,0.0,0.0,5.5,2093.0,insa,O
2013-11-27,40.5,25.5,10.5,4.0,9.0,4.0,0.0,0.0,6.5,2095.0,insa,O
2013-11-20,41.0,25.0,10.0,4.0,9.5,4.5,0.0,0.0,6.0,2093.0,insa,O
2013-11-12,42.0,25.0,11.0,4.0,8.5,4.5,0.0,0.0,5.0,2099.0,insa,O
2013-11-06,42.0,26.0,10.5,3.5,9.0,4.0,0.0,0.0,5.0,2086.0,insa,O
2013-10-30,42.0,26.5,10.0,3.5,9.0,4.5,0.0,0.0,4.5,2097.0,insa,O
2013-10-21,43.0,26.0,10.0,3.5,8.5,4.0,0.0,0.0,5.0,2117.0,insa,O
2013-10-15,42.0,26.0,9.0,4.0,9.0,6.0,0.0,0.0,4.0,1998.0,insa,O
2013-10-10,43.0,25.0,9.0,4.0,9.0,5.0,1.0,0.0,2.0,2030.0,insa,O
2021-09-20,22.0,25.0,15.0,12.0,6.5,11.0,0.0,0.0,8.5,2054.0,insa,O
2021-09-18,21.0,26.0,15.0,12.0,6.0,11.0,3.0,0.0,6.0,1502.0,insa,TOM
2021-09-13,20.5,26.0,15.0,12.5,6.5,11.5,0.0,0.0,8.0,2062.0,insa,O
2021-09-11,20.0,26.0,15.0,13.0,6.0,11.0,0.0,0.0,9.0,1152.0,insa,TOM
2021-09-06,20.5,26.0,15.5,12.5,6.5,11.0,3.0,0.0,5.0,2052.0,insa,O
2021-09-04,20.0,25.0,16.0,13.0,7.0,12.0,0.0,0.0,7.0,1427.0,insa,TOM
2021-08-30,20.0,25.0,16.5,13.5,7.0,11.0,0.0,0.0,7.0,2015.0,insa,O
2021-08-28,21.0,24.0,17.0,13.0,6.0,11.0,0.0,0.0,8.0,1247.0,insa,TOM
2021-08-23,23.0,23.0,17.0,13.0,7.0,11.0,0.0,0.0,6.0,2119.0,insa,O
2021-08-21,22.0,22.0,17.0,13.0,7.0,12.0,0.0,0.0,7.0,1352.0,insa,TOM
2021-08-16,25.0,20.0,17.5,12.5,6.5,11.0,0.0,0.0,7.5,2080.0,insa,O
2021-08-14,25.0,20.0,18.0,12.0,7.0,11.0,0.0,0.0,7.0,1450.0,insa,TOM
2021-08-09,25.5,17.5,17.5,12.5,6.5,11.5,3.5,0.0,5.5,2118.0,insa,O
2021-08-07,26.0,18.0,18.0,12.0,7.0,11.0,0.0,0.0,8.0,2002.0,insa,TOM
2021-08-02,27.5,18.0,18.0,13.0,7.0,11.0,0.0,0.0,5.5,2080.0,insa,O
2021-07-31,27.0,17.0,18.0,13.0,6.0,11.0,0.0,0.0,8.0,1196.0,insa,TOM
2021-07-26,27.0,17.5,17.5,13.0,6.0,12.0,0.0,0.0,7.0,2007.0,insa,O
2021-07-24,27.0,17.0,18.0,13.0,7.0,11.0,0.0,0.0,7.0,1316.0,insa,TOM
2021-07-19,29.0,16.5,18.0,12.0,6.0,11.5,0.0,0.0,7.0,2064.0,insa,O
2021-07-17,28.0,17.0,18.0,12.0,7.0,11.0,0.0,0.0,7.0,1354.0,insa,TOM
2021-07-12,28.0,17.0,17.0,12.5,7.0,11.0,0.0,0.0,7.5,2087.0,insa,O
2021-07-10,28.0,17.0,17.0,12.0,8.0,11.0,0.0,0.0,7.0,1352.0,insa,TOM
2021-07-06,29.0,16.5,18.0,12.5,7.0,10.0,0.0,0.0,7.0,2056.0,insa,O
2021-07-04,28.0,17.0,18.0,12.0,7.0,10.0,0.0,0.0,8.0,1352.0,insa,TOM
2021-06-28,29.5,16.0,18.0,13.0,7.5,11.0,0.0,0.0,5.0,2060.0,insa,O
2021-06-27,28.0,17.0,19.0,12.0,7.0,11.0,0.0,0.0,6.0,1203.0,insa,TOM
2021-06-21,28.5,15.5,19.0,14.0,7.0,10.5,0.0,0.0,5.5,2082.0,insa,O
2021-06-20,28.0,16.0,20.0,13.0,6.0,11.0,0.0,0.0,6.0,1502.0,insa,TOM
2021-06-14,27.5,16.5,19.5,13.5,6.0,11.0,0.0,0.0,6.0,2038.0,insa,O
2021-06-12,27.0,16.0,20.0,13.0,6.0,11.0,0.0,0.0,7.0,1401.0,insa,TOM
2021-06-07,26.5,15.5,20.5,13.5,7.0,11.0,0.0,0.0,6.0,2015.0,insa,O
2021-06-06,26.0,17.0,21.0,12.0,6.0,12.0,0.0,0.0,6.0,1380.0,insa,TOM
2021-05-31,25.5,15.5,21.5,13.5,6.5,11.0,0.0,0.0,6.5,2040.0,insa,O
2021-05-29,25.0,16.0,22.0,13.0,7.0,12.0,0.0,0.0,5.0,1301.0,insa,TOM
2021-05-25,26.0,16.0,22.0,12.5,6.5,11.5,0.0,0.0,5.5,2128.0,insa,O
2021-05-23,24.0,17.0,23.0,13.0,6.0,12.0,0.0,0.0,5.0,1405.0,insa,TOM
2021-05-17,25.5,16.0,23.0,12.5,6.5,11.0,0.0,0.0,5.5,2023.0,insa,O
2021-05-16,25.0,16.0,24.0,11.0,7.0,12.0,0.0,0.0,5.0,1350.0,insa,TOM
2021-05-10,25.5,15.0,23.5,12.0,7.5,11.0,0.0,0.0,5.5,2055.0,insa,O
2021-05-03,24.0,15.0,24.0,12.0,7.0,12.0,0.0,0.0,6.0,2075.0,insa,O
2021-04-26,23.0,16.0,23.0,12.0,8.0,12.0,0.0,0.0,6.0,2082.0,insa,O
2021-04-23,24.0,17.0,23.0,12.0,8.0,11.0,0.0,0.0,5.0,1000.0,insa,O
2021-04-20,27.0,16.0,22.0,11.0,7.0,12.0,0.0,0.0,5.0,1000.0,insa,O
2021-04-20,28.0,16.0,21.0,11.0,7.0,12.0,0.0,0.0,5.0,3057.0,insa,O
2021-04-16,28.0,18.0,20.0,10.0,8.0,12.0,0.0,0.0,4.0,1007.0,insa,O
2021-04-12,27.5,17.0,20.5,10.0,7.0,12.0,0.0,0.0,6.0,3174.0,insa,O
2021-04-05,27.0,17.0,21.0,10.0,7.0,12.0,0.0,0.0,6.0,3020.0,insa,O
2021-03-29,26.0,18.0,21.0,10.5,7.0,11.0,0.0,0.0,6.5,3049.0,insa,O
2021-03-22,28.0,18.0,20.0,10.5,7.0,11.0,0.0,0.0,5.5,3104.0,insa,O
2021-03-20,28.0,18.0,20.0,10.0,8.0,11.0,0.0,0.0,5.0,1042.0,insa,O
2021-03-15,29.5,17.0,17.0,10.5,8.0,11.5,0.0,0.0,6.5,2068.0,insa,O
2021-03-08,30.0,17.0,17.0,10.5,9.0,11.5,0.0,0.0,5.0,2049.0,insa,O
2021-03-02,32.5,17.0,17.0,10.0,8.0,11.0,0.0,0.0,4.5,2032.0,insa,O
2021-02-23,33.5,16.0,17.0,9.0,8.0,11.0,0.0,0.0,5.5,2075.0,insa,O
2021-02-15,33.5,17.0,17.0,9.0,9.0,10.5,0.0,0.0,4.0,2051.0,insa,O
2021-02-08,34.5,16.0,17.5,9.0,8.5,10.5,0.0,0.0,4.0,2107.0,insa,O
2021-02-02,36.5,15.0,17.0,8.0,7.5,11.0,0.0,0.0,5.0,2044.0,insa,O
2021-01-26,35.0,16.0,17.0,8.0,8.0,10.0,0.0,0.0,6.0,2038.0,insa,O
2021-01-18,35.0,15.0,17.0,9.0,8.0,11.0,0.0,0.0,5.0,1835.0,insa,O
2021-01-12,36.0,15.0,18.0,7.5,8.0,10.0,0.0,0.0,5.5,2042.0,insa,O
2021-01-05,36.0,15.0,18.0,7.5,7.5,11.0,0.0,0.0,5.0,2072.0,insa,O
2021-01-05,36.0,15.0,18.0,7.5,7.5,11.0,0.0,0.0,5.0,2072.0,insa,O
2020-12-22,35.0,16.0,16.5,8.0,7.5,11.0,0.0,0.0,6.0,2055.0,insa,O
2020-12-15,36.0,17.0,17.0,7.0,7.5,10.0,0.0,0.0,5.5,2002.0,insa,O
2020-12-08,35.5,15.5,17.5,8.0,7.5,10.0,0.0,0.0,6.0,2057.0,insa,O
2020-11-30,35.5,15.5,17.5,7.5,7.0,11.0,0.0,0.0,6.0,2046.0,insa,O
2020-11-24,36.0,15.5,17.5,7.0,7.0,11.0,0.0,0.0,6.0,2063.0,insa,O
2020-11-17,36.5,15.5,17.5,7.0,7.5,11.0,0.0,0.0,5.0,2077.0,insa,O
2020-11-10,34.5,15.5,17.5,7.0,7.5,12.0,0.0,0.0,6.0,2030.0,insa,O
2020-11-03,34.5,15.5,18.0,6.5,8.5,11.0,0.0,0.0,6.0,2035.0,insa,O
2020-10-27,35.5,14.5,17.5,6.5,7.5,12.0,0.0,0.0,6.5,2069.0,insa,O
2020-10-20,35.0,14.5,18.0,7.5,8.0,11.5,0.0,0.0,5.5,2074.0,insa,O
2020-10-13,35.0,14.5,18.5,7.0,8.0,11.0,0.0,0.0,6.0,2084.0,insa,O
2020-10-06,36.0,14.5,18.5,6.0,7.0,11.5,0.0,0.0,6.5,2058.0,insa,O
2020-09-29,35.0,15.5,19.0,6.5,6.5,11.5,0.0,0.0,6.0,2065.0,insa,O
2020-09-22,35.0,15.5,17.5,6.5,7.5,12.0,0.0,0.0,6.0,2067.0,insa,O
2020-09-15,35.5,16.0,17.0,7.0,7.5,11.5,0.0,0.0,5.5,2036.0,insa,O
2020-09-08,35.0,16.0,18.0,6.5,8.0,11.0,0.0,0.0,5.5,2068.0,insa,O
2020-09-01,36.5,16.0,17.5,6.0,7.5,11.0,0.0,0.0,5.5,2068.0,insa,O
2020-08-25,35.5,17.0,16.0,6.5,9.0,11.0,0.0,0.0,5.0,2067.0,insa,O
2020-08-18,36.0,18.0,16.0,6.0,8.0,11.0,0.0,0.0,5.0,2101.0,insa,O
2020-08-12,36.0,18.0,15.0,7.0,9.0,11.0,0.0,0.0,4.0,1012.0,insa,O
2020-08-11,36.5,16.0,16.0,6.5,8.5,11.0,0.0,0.0,5.5,2036.0,insa,O
2020-08-04,36.5,15.0,16.5,6.5,8.5,11.0,0.0,0.0,6.0,2090.0,insa,O
2020-07-28,36.5,15.0,16.0,7.0,8.0,11.0,0.0,0.0,6.5,2039.0,insa,O
2020-07-21,36.5,16.0,16.0,7.5,7.5,10.0,0.0,0.0,6.5,2049.0,insa,O
2020-07-14,37.0,14.5,16.5,7.0,8.5,11.0,0.0,0.0,5.5,2051.0,insa,O
2020-07-07,36.0,15.0,17.0,7.0,8.0,11.0,0.0,0.0,6.0,2040.0,insa,O
2020-06-30,36.5,16.0,17.0,7.0,8.0,10.5,0.0,0.0,5.0,2051.0,insa,O
2020-06-22,36.5,15.0,18.5,6.0,8.5,10.0,0.0,0.0,5.5,2058.0,insa,O
2020-06-15,37.0,15.0,18.0,7.0,8.0,10.0,0.0,0.0,5.0,2069.0,insa,O
2020-06-09,38.0,14.0,17.5,6.5,8.5,10.0,0.0,0.0,5.5,2051.0,insa,O
2020-06-02,38.5,14.0,18.0,5.5,8.0,10.0,0.0,0.0,6.0,2047.0,insa,O
2020-05-25,37.0,15.0,18.0,6.0,8.0,9.5,0.0,0.0,6.5,2062.0,insa,O
2020-05-18,37.0,14.0,18.0,6.0,7.5,10.5,0.0,0.0,7.0,2092.0,insa,O
2020-05-12,37.5,14.0,16.5,6.5,7.5,11.0,0.0,0.0,7.0,2061.0,insa,O
2020-05-04,37.5,15.0,17.0,6.0,7.5,11.0,0.0,0.0,6.0,2101.0,insa,O
2020-04-28,38.0,15.5,16.0,7.0,7.0,10.5,0.0,0.0,6.0,2071.0,insa,O
2020-04-21,38.5,15.0,16.0,7.0,7.5,10.5,0.0,0.0,5.5,2054.0,insa,O
2020-04-14,37.5,16.0,16.0,7.0,7.5,10.5,0.0,0.0,5.5,2108.0,insa,O
2020-04-06,38.0,16.0,18.0,5.5,7.0,10.0,0.0,0.0,5.5,2062.0,insa,O
2020-03-31,35.0,15.0,18.0,6.5,7.5,12.0,0.0,0.0,6.0,2061.0,insa,O
2020-03-23,33.5,15.0,20.0,6.5,7.0,12.0,0.0,0.0,6.0,2070.0,insa,O
2020-03-16,28.5,14.5,23.0,6.5,9.5,13.0,0.0,0.0,5.0,2049.0,insa,O
2020-03-09,26.5,15.5,22.0,6.5,9.5,14.0,0.0,0.0,6.0,2050.0,insa,O
2020-03-03,26.5,16.0,23.0,6.0,10.0,13.5,0.0,0.0,5.0,2061.0,insa,O
2020-02-25,26.5,14.5,22.0,7.0,10.5,13.0,0.0,0.0,6.5,2033.0,insa,O
2020-02-18,26.5,14.5,20.5,7.5,9.5,15.0,0.0,0.0,6.5,2065.0,insa,O
2020-02-11,27.5,12.5,22.0,8.0,10.0,14.0,0.0,0.0,6.0,2086.0,insa,O
2020-02-03,28.0,13.0,22.0,9.0,8.0,14.0,0.0,0.0,6.0,2059.0,insa,O
2020-01-27,27.0,14.0,20.5,9.0,8.5,15.0,0.0,0.0,6.0,2081.0,insa,O
2020-01-21,27.5,13.0,21.0,8.5,9.5,15.0,0.0,0.0,5.5,2122.0,insa,O
2020-01-14,27.0,12.5,21.0,9.5,9.0,15.0,0.0,0.0,6.0,2040.0,insa,O
2020-01-06,29.0,13.0,21.5,9.0,8.5,14.0,0.0,0.0,5.0,2048.0,insa,O
2019-12-24,28.0,13.0,21.0,10.0,8.0,15.0,0.0,0.0,5.0,2034.0,insa,O
2019-12-16,27.0,13.0,21.0,8.5,9.5,15.0,0.0,0.0,6.0,2020.0,insa,O
2019-12-09,28.0,14.0,20.5,8.5,8.5,15.0,0.0,0.0,5.5,2052.0,insa,O
2019-12-02,26.5,13.5,21.5,8.5,9.0,15.0,0.0,0.0,6.0,2060.0,insa,O
2019-11-26,26.5,14.5,22.0,8.5,9.5,14.0,0.0,0.0,5.0,2069.0,insa,O
2019-11-18,25.0,15.5,21.0,8.5,10.0,15.0,0.0,0.0,5.0,4115.0,insa,O
2019-11-12,25.5,15.5,20.5,8.0,9.5,15.0,0.0,0.0,6.0,2096.0,insa,O
2019-11-04,25.5,13.5,21.0,8.0,10.0,16.0,0.0,0.0,6.0,2047.0,insa,O
2019-10-29,26.0,13.5,23.0,7.5,9.0,15.5,0.0,0.0,5.5,2042.0,insa,O
2019-10-22,27.0,13.5,22.5,7.5,9.0,15.0,0.0,0.0,5.5,2041.0,insa,O
2019-10-15,28.0,14.0,21.5,7.5,8.0,15.0,0.0,0.0,6.0,2052.0,insa,O
2019-10-08,27.0,13.0,21.0,8.5,9.0,16.0,0.0,0.0,5.5,2059.0,insa,O
2019-09-30,26.5,13.0,22.0,8.0,8.0,16.0,0.0,0.0,6.5,2058.0,insa,O
2019-09-23,26.0,14.0,22.0,8.0,8.0,16.0,0.0,0.0,6.0,2052.0,insa,O
2019-09-16,26.5,13.5,22.5,7.5,7.5,16.0,0.0,0.0,6.5,2053.0,insa,O
2019-09-10,27.0,13.5,22.0,8.0,7.5,15.5,0.0,0.0,6.5,2033.0,insa,O
2019-09-02,26.0,14.5,23.5,8.5,7.0,15.0,0.0,0.0,5.5,2017.0,insa,O
2019-08-26,26.0,13.0,24.0,8.0,8.0,15.0,0.0,0.0,6.0,2058.0,insa,O
2019-08-20,26.5,13.0,24.5,9.0,8.0,14.5,0.0,0.0,4.5,2056.0,insa,O
2019-08-13,27.5,12.0,23.5,9.0,8.0,14.5,0.0,0.0,5.5,2060.0,insa,O
2019-08-05,27.5,11.5,23.5,9.0,9.0,15.0,0.0,0.0,4.5,2049.0,insa,O
2019-07-30,27.0,12.5,24.5,9.0,8.0,14.5,0.0,0.0,4.5,2036.0,insa,O
2019-07-22,28.5,12.5,22.5,8.0,8.0,14.5,0.0,0.0,6.0,2081.0,insa,O
2019-07-15,26.0,14.0,23.0,9.0,9.0,14.0,0.0,0.0,5.0,2043.0,insa,O
2019-07-09,27.0,13.5,24.0,8.0,8.5,14.0,0.0,0.0,5.0,2069.0,insa,O
2019-07-01,27.0,13.0,24.0,8.0,8.0,14.0,0.0,0.0,6.0,2053.0,insa,O
2019-06-25,25.5,12.5,25.5,8.5,9.0,13.5,0.0,0.0,5.5,2078.0,insa,O
2019-06-18,25.0,13.0,25.0,9.0,9.0,13.5,0.0,0.0,5.5,2060.0,insa,O
2019-06-11,24.0,13.0,26.5,9.0,7.5,13.5,0.0,0.0,6.5,2074.0,insa,O
2019-06-03,26.0,14.0,25.0,8.0,8.0,13.0,0.0,0.0,6.0,1000.0,insa,O
2019-05-28,27.5,15.5,19.0,9.5,9.0,13.5,0.0,0.0,6.0,2039.0,insa,O
2019-05-21,28.0,15.5,18.5,10.0,9.0,14.0,0.0,0.0,5.0,2074.0,insa,O
2019-05-13,28.5,16.0,19.0,9.5,9.0,14.0,0.0,0.0,4.0,2044.0,insa,O
2019-05-07,28.5,16.0,20.0,9.0,8.5,14.0,0.0,0.0,4.0,2089.0,insa,O
2019-04-29,28.0,16.0,19.0,10.0,9.0,14.0,0.0,0.0,4.0,2005.0,insa,O
2019-04-23,30.0,16.0,17.0,10.0,10.0,14.0,0.0,0.0,3.0,1005.0,insa,O
2019-04-15,30.5,15.5,18.0,9.0,9.0,14.0,0.0,0.0,4.0,2013.0,insa,O
2019-04-09,29.0,15.5,19.0,10.0,8.5,14.0,0.0,0.0,4.0,2040.0,insa,O
2019-04-01,29.5,16.5,17.5,10.0,8.5,13.5,0.0,0.0,4.5,4000.0,insa,O
2019-03-26,30.5,15.5,17.5,9.0,9.0,13.5,0.0,0.0,5.0,2012.0,insa,O
2019-03-18,29.5,16.0,17.5,9.0,9.0,14.5,0.0,0.0,4.5,2030.0,insa,O
2019-03-12,30.5,15.0,17.5,10.0,9.0,14.5,0.0,0.0,3.5,2005.0,insa,O
2019-03-03,29.0,17.0,15.5,10.0,10.0,14.5,0.0,0.0,4.0,4000.0,insa,O
2019-02-26,29.5,18.0,15.5,9.5,9.0,14.0,0.0,0.0,4.5,2048.0,insa,O
2019-02-18,30.0,18.0,15.0,9.0,9.5,14.0,0.0,0.0,4.5,2046.0,insa,O
2019-02-11,29.5,15.5,18.5,8.5,10.5,14.0,0.0,0.0,3.5,2051.0,insa,O
2019-02-05,30.0,14.5,18.5,8.5,10.5,14.0,0.0,0.0,4.0,2034.0,insa,O
2019-01-28,30.0,15.0,18.0,9.0,10.0,14.0,0.0,0.0,4.0,2056.0,insa,O
2019-01-21,31.0,13.5,19.5,9.5,9.5,13.0,0.0,0.0,4.0,2044.0,insa,O
2019-01-14,29.0,14.5,18.0,9.5,10.5,14.5,0.0,0.0,4.0,2028.0,insa,O
2019-01-08,30.0,15.0,17.0,10.0,10.0,15.0,0.0,0.0,3.0,2056.0,insa,O
2019-01-04,29.0,15.0,18.0,10.0,10.0,14.0,0.0,0.0,4.0,1026.0,insa,O
2018-12-22,29.0,14.0,19.0,9.0,9.0,15.0,0.0,0.0,5.0,1029.0,insa,O
2018-12-18,29.0,15.0,18.0,9.5,9.5,15.0,0.0,0.0,4.0,2077.0,insa,O
2018-12-10,29.0,15.0,17.0,10.0,10.0,15.0,0.0,0.0,4.0,2047.0,insa,O
2018-12-03,27.5,13.5,18.0,9.5,11.0,16.0,0.0,0.0,4.5,2069.0,insa,O
2018-11-26,27.5,14.0,19.0,8.5,10.0,16.0,0.0,0.0,5.0,2062.0,insa,O
2018-11-19,25.5,14.5,20.0,9.5,10.0,15.5,0.0,0.0,5.0,2047.0,insa,O
2018-11-12,25.5,14.0,20.0,9.0,10.0,16.5,0.0,0.0,5.0,2070.0,insa,O
2018-11-05,24.5,13.5,19.0,10.0,11.0,16.5,0.0,0.0,5.5,3183.0,insa,O
2018-10-29,25.0,14.0,20.0,9.5,11.0,16.5,0.0,0.0,4.0,2052.0,insa,O
2018-10-23,26.0,15.0,19.0,9.0,10.5,17.0,0.0,0.0,3.5,2061.0,insa,O
2018-10-16,26.5,15.0,17.0,9.5,10.5,18.0,0.0,0.0,3.5,2061.0,insa,O
2018-10-09,26.0,16.0,15.0,10.0,11.0,18.0,0.0,0.0,4.0,2054.0,insa,O
2018-10-01,26.0,16.0,14.5,10.0,11.5,18.5,0.0,0.0,3.5,2041.0,insa,O
2018-09-24,27.0,16.0,14.5,10.0,11.5,18.0,0.0,0.0,3.0,2051.0,insa,O
2018-09-21,27.5,16.5,14.5,10.0,11.0,17.5,0.0,0.0,3.0,1040.0,insa,O
2018-09-17,28.5,17.0,13.0,9.0,10.5,17.5,0.0,0.0,4.5,2054.0,insa,O
2018-09-11,28.0,17.0,13.5,9.0,10.5,17.5,0.0,0.0,4.5,2042.0,insa,O
2018-09-03,28.5,16.0,13.5,9.5,10.0,17.0,0.0,0.0,5.5,2069.0,insa,O
2018-08-28,28.0,16.5,13.5,10.0,10.5,16.5,0.0,0.0,5.0,2079.0,insa,O
2018-08-21,28.0,16.5,13.5,10.0,12.0,16.0,0.0,0.0,4.0,3129.0,insa,O
2018-08-14,29.0,17.5,12.5,9.5,11.0,17.0,0.0,0.0,3.5,2034.0,insa,O
2018-08-07,30.0,17.0,12.5,8.5,11.0,17.0,0.0,0.0,4.0,2096.0,insa,O
2018-07-31,29.0,18.0,12.0,9.0,10.5,17.5,0.0,0.0,4.0,2074.0,insa,O
2018-07-24,29.0,18.0,12.0,9.0,10.5,17.5,0.0,0.0,4.0,2056.0,insa,O
2018-07-16,29.0,17.0,13.0,9.5,10.0,17.5,0.0,0.0,4.0,2084.0,insa,O
2018-07-09,29.0,17.0,12.0,9.5,11.0,17.5,0.0,0.0,4.0,2061.0,insa,O
2018-07-03,29.0,19.0,12.0,9.0,11.0,16.5,0.0,0.0,3.5,2089.0,insa,O
2018-06-26,29.0,19.5,11.0,9.0,11.0,16.0,0.0,0.0,4.5,2036.0,insa,O
2018-06-19,29.0,19.0,11.0,8.0,12.0,16.0,0.0,0.0,5.0,2060.0,insa,O
2018-06-12,31.0,17.0,11.0,8.0,12.0,16.0,0.0,0.0,5.0,2038.0,insa,O
2018-06-04,32.0,17.0,11.0,8.0,11.5,16.0,0.0,0.0,4.5,2067.0,insa,O
2018-05-29,32.0,17.0,11.5,8.0,12.0,15.5,0.0,0.0,4.0,2062.0,insa,O
2018-05-23,32.5,16.5,11.5,8.0,11.0,15.5,0.0,0.0,5.0,2044.0,insa,O
2018-05-14,32.5,17.0,11.5,8.0,11.0,15.5,0.0,0.0,4.5,2098.0,insa,O
2018-05-08,32.5,17.0,11.5,8.5,10.5,15.5,0.0,0.0,4.5,2065.0,insa,O
2018-04-30,33.0,17.0,11.5,9.0,10.5,15.5,0.0,0.0,3.5,2097.0,insa,O
2018-04-24,31.5,18.0,12.0,9.5,10.5,15.5,0.0,0.0,3.0,2091.0,insa,O
2018-04-17,31.5,18.5,11.5,9.0,11.0,15.0,0.0,0.0,3.5,2054.0,insa,O
2018-04-10,31.5,17.5,11.5,9.0,12.0,15.5,0.0,0.0,3.0,2048.0,insa,O
2018-04-03,32.0,18.0,10.0,10.0,12.0,15.0,0.0,0.0,3.0,1074.0,insa,O
2018-03-26,32.5,17.0,10.5,10.0,12.0,15.0,0.0,0.0,3.0,2051.0,insa,O
2018-03-20,32.0,17.5,10.5,10.0,12.0,15.0,0.0,0.0,3.0,2066.0,insa,O
2018-03-13,32.0,17.5,11.0,9.5,12.0,15.0,0.0,0.0,3.0,2033.0,insa,O
2018-03-05,33.0,15.0,12.0,10.0,12.0,15.0,0.0,0.0,3.0,1052.0,insa,O
2018-02-26,32.5,15.5,12.0,9.0,12.0,16.0,0.0,0.0,3.0,1063.0,insa,O
2018-02-19,32.0,15.5,13.0,9.0,11.0,16.0,0.0,0.0,3.5,2040.0,insa,O
2018-02-12,29.5,16.5,13.0,10.5,11.5,15.0,0.0,0.0,4.0,2608.0,insa,O
2018-02-05,30.5,17.0,12.5,10.0,11.0,15.0,0.0,0.0,4.0,2034.0,insa,O
2018-01-29,33.5,17.5,11.0,9.0,11.0,14.0,0.0,0.0,4.0,2073.0,insa,O
2018-01-23,31.5,18.0,10.0,10.0,11.0,14.0,0.0,0.0,5.5,1169.0,insa,O
2018-01-15,31.5,18.5,10.0,9.5,11.5,14.0,0.0,0.0,5.0,2000.0,insa,O
2018-01-08,31.5,19.5,10.0,10.0,11.0,13.5,0.0,0.0,4.5,2028.0,insa,O
2018-01-02,32.5,19.5,10.0,10.0,11.0,13.0,0.0,0.0,4.0,2012.0,insa,O
2017-12-23,33.0,20.5,9.5,10.5,10.0,13.0,0.0,0.0,3.5,2203.0,insa,O
2017-12-19,31.0,21.0,10.0,9.0,11.0,14.0,0.0,0.0,4.0,2031.0,insa,O
2017-12-12,31.0,22.0,10.5,9.0,10.5,13.5,0.0,0.0,3.5,2013.0,insa,O
2017-12-05,31.0,22.0,10.0,10.0,11.0,13.0,0.0,0.0,3.0,2063.0,insa,O
2017-11-27,32.0,22.0,10.0,10.0,10.0,13.0,0.0,0.0,3.0,2003.0,insa,O
2017-11-23,32.0,21.0,10.0,12.0,10.0,12.0,0.0,0.0,3.0,1069.0,insa,O
2017-11-21,30.0,21.0,10.0,11.0,11.0,14.0,0.0,0.0,3.0,1034.0,insa,O
2017-11-21,31.0,21.0,9.5,10.0,11.5,14.0,0.0,0.0,3.0,2027.0,insa,O
2017-11-14,32.0,20.0,9.0,10.5,10.5,13.5,0.0,0.0,4.5,2049.0,insa,O
2017-11-07,31.0,22.0,8.5,10.5,10.5,13.5,0.0,0.0,4.0,2023.0,insa,O
2017-10-30,31.0,21.0,10.0,11.0,10.0,13.0,0.0,0.0,4.0,1024.0,insa,O
2017-10-24,33.0,21.0,9.0,10.0,10.0,13.0,0.0,0.0,4.0,1002.0,insa,O
2017-10-16,32.0,21.5,9.5,10.0,9.0,13.0,0.0,0.0,5.0,2011.0,insa,O
2017-10-10,32.0,22.0,9.0,11.0,9.0,13.0,0.0,0.0,4.0,2015.0,insa,O
2017-10-01,31.0,21.0,10.0,12.0,9.0,13.0,0.0,0.0,4.0,1071.0,insa,O
2026-08-20,22.0,12.0,14.0,4.0,12.0,27.0,0.0,0.0,9.0,1319.0,politbarometer,TOM
2026-07-31,23.0,12.0,13.0,4.0,12.0,28.0,0.0,0.0,8.0,1405.0,politbarometer,TOM
2026-07-17,23.0,12.0,14.0,4.0,13.0,27.0,0.0,0.0,7.0,1284.0,politbarometer,TOM
2026-06-19,24.0,13.0,12.0,4.0,11.0,28.0,0.0,0.0,8.0,1190.0,politbarometer,TOM
2026-06-05,25.0,12.0,14.0,3.0,11.0,27.0,0.0,0.0,8.0,1247.0,politbarometer,TOM
2026-05-22,24.0,12.0,15.0,3.0,12.0,26.0,0.0,0.0,8.0,1340.0,politbarometer,TOM
2026-05-08,25.0,12.0,13.0,3.0,11.0,27.0,0.0,0.0,9.0,1240.0,politbarometer,TOM
2026-04-17,25.0,12.0,14.0,3.0,11.0,26.0,0.0,0.0,9.0,1355.0,politbarometer,TOM
2026-03-27,26.0,13.0,15.0,0.0,10.0,26.0,0.0,0.0,10.0,1206.0,politbarometer,TOM
2026-02-27,26.0,15.0,12.0,0.0,11.0,24.0,0.0,0.0,12.0,1262.0,politbarometer,TOM
2026-02-06,26.0,15.0,13.0,0.0,10.0,24.0,0.0,0.0,12.0,1289.0,politbarometer,TOM
2026-01-16,26.0,15.0,12.0,0.0,10.0,25.0,0.0,0.0,12.0,1245.0,politbarometer,TOM
2025-12-12,26.0,14.0,12.0,0.0,11.0,25.0,0.0,0.0,12.0,1295.0,politbarometer,TOM
2025-11-21,27.0,14.0,12.0,0.0,9.0,27.0,0.0,0.0,11.0,1207.0,politbarometer,TOM
2025-11-07,26.0,14.0,12.0,0.0,10.0,26.0,0.0,0.0,12.0,1322.0,politbarometer,TOM
2025-10-24,27.0,15.0,11.0,0.0,10.0,25.0,0.0,0.0,12.0,1272.0,politbarometer,TOM
2025-10-02,27.0,15.0,11.0,3.0,11.0,25.0,0.0,0.0,8.0,1300.0,politbarometer,TOM
2025-09-19,26.0,15.0,10.0,3.0,11.0,26.0,0.0,3.0,6.0,1419.0,politbarometer,TOM
2025-09-05,27.0,15.0,11.0,3.0,10.0,25.0,0.0,3.0,6.0,1269.0,politbarometer,TOM
2025-08-14,27.0,15.0,12.0,3.0,11.0,23.0,0.0,3.0,6.0,1370.0,politbarometer,TOM
2025-07-25,27.0,15.0,11.0,3.0,11.0,24.0,0.0,3.0,6.0,1367.0,politbarometer,TOM
2025-06-27,29.0,15.0,12.0,3.0,10.0,22.0,0.0,3.0,6.0,1378.0,politbarometer,TOM
2025-06-06,27.0,15.0,12.0,3.0,11.0,23.0,0.0,3.0,6.0,1247.0,politbarometer,TOM
2025-05-23,26.0,16.0,12.0,4.0,10.0,23.0,0.0,3.0,6.0,1328.0,politbarometer,TOM
2025-05-02,27.0,15.0,11.0,4.0,10.0,23.0,0.0,3.0,7.0,1297.0,politbarometer,TOM
2025-04-11,26.0,15.0,12.0,4.0,10.0,24.0,0.0,3.0,6.0,1322.0,politbarometer,TOM
2025-03-21,27.0,16.0,12.0,4.0,10.0,22.0,0.0,3.0,6.0,1305.0,politbarometer,TOM
2025-03-07,28.0,15.0,13.0,4.0,10.0,21.0,0.0,3.0,6.0,1249.0,politbarometer,TOM
2025-02-20,28.0,16.0,14.0,4.5,8.0,21.0,0.0,4.5,4.0,1349.0,politbarometer,TOM
2025-02-14,30.0,16.0,14.0,4.0,7.0,20.0,0.0,4.0,5.0,1348.0,politbarometer,TOM
2025-02-07,30.0,15.0,15.0,4.0,6.0,20.0,0.0,4.0,6.0,1341.0,politbarometer,TOM
2025-01-30,29.0,15.0,14.0,4.0,5.0,21.0,0.0,4.0,8.0,1428.0,politbarometer,TOM
2025-01-24,30.0,15.0,14.0,4.0,5.0,21.0,0.0,3.0,8.0,1345.0,politbarometer,TOM
2025-01-10,30.0,14.0,15.0,4.0,4.0,21.0,0.0,4.0,8.0,1433.0,politbarometer,TOM
2024-12-20,31.0,15.0,14.0,3.0,4.0,19.0,0.0,5.0,9.0,1362.0,politbarometer,TOM
2024-12-06,33.0,15.0,14.0,4.0,3.0,17.0,0.0,5.0,9.0,1433.0,politbarometer,TOM
2024-11-22,32.0,16.0,12.0,3.0,4.0,18.0,0.0,5.0,10.0,1399.0,politbarometer,TOM
2024-11-08,33.0,16.0,12.0,3.0,4.0,18.0,0.0,6.0,8.0,1231.0,politbarometer,TOM
2024-10-18,31.0,16.0,11.0,3.0,4.0,18.0,0.0,8.0,9.0,1249.0,politbarometer,TOM
2024-09-27,31.0,16.0,12.0,4.0,4.0,17.0,0.0,8.0,8.0,1348.0,politbarometer,TOM
2024-09-06,33.0,15.0,11.0,4.0,4.0,17.0,0.0,7.0,9.0,1328.0,politbarometer,TOM
2024-08-15,32.0,14.0,13.0,4.0,3.0,16.0,0.0,8.0,10.0,1334.0,politbarometer,TOM
2024-07-12,32.0,14.0,13.0,4.0,3.0,17.0,0.0,7.0,10.0,1341.0,politbarometer,TOM
2024-06-28,31.0,14.0,13.0,4.0,3.0,17.0,0.0,7.0,11.0,1186.0,politbarometer,TOM
2024-06-13,30.0,14.0,14.0,5.0,0.0,16.0,0.0,7.0,14.0,1334.0,politbarometer,TOM
2024-05-17,31.0,15.0,13.0,5.0,4.0,16.0,0.0,5.0,11.0,1247.0,politbarometer,TOM
2024-04-26,30.0,15.0,15.0,4.0,4.0,17.0,0.0,5.0,10.0,1228.0,politbarometer,TOM
2024-04-12,31.0,16.0,12.0,4.0,3.0,18.0,0.0,6.0,10.0,1254.0,politbarometer,TOM
2024-03-22,31.0,16.0,13.0,4.0,3.0,18.0,0.0,6.0,9.0,1296.0,politbarometer,TOM
2024-03-08,30.0,15.0,15.0,4.0,3.0,18.0,3.0,5.0,7.0,1260.0,politbarometer,TOM
2024-02-23,30.0,15.0,14.0,4.0,4.0,19.0,0.0,5.0,9.0,1294.0,politbarometer,TOM
2024-02-02,31.0,15.0,13.0,4.0,3.0,19.0,3.0,6.0,6.0,1217.0,politbarometer,TOM
2024-01-12,31.0,13.0,14.0,4.0,4.0,22.0,4.0,4.0,4.0,1337.0,politbarometer,TOM
2023-12-15,32.0,14.0,14.0,5.0,4.0,22.0,3.0,0.0,6.0,1146.0,politbarometer,TOM
2023-11-24,31.0,15.0,15.0,5.0,4.0,22.0,0.0,0.0,8.0,1242.0,politbarometer,TOM
2023-11-10,30.0,16.0,15.0,5.0,4.0,21.0,3.0,0.0,6.0,1234.0,politbarometer,TOM
2023-10-20,30.0,15.0,14.0,5.0,5.0,21.0,3.0,0.0,7.0,1252.0,politbarometer,TOM
2023-09-15,26.0,17.0,16.0,6.0,5.0,21.0,3.0,0.0,6.0,1201.0,politbarometer,TOM
2023-08-18,26.0,19.0,15.0,7.0,5.0,20.0,0.0,0.0,8.0,1288.0,politbarometer,TOM
2023-07-14,27.0,17.0,16.0,7.0,4.0,20.0,0.0,0.0,9.0,1346.0,politbarometer,TOM
2023-06-30,28.0,18.0,16.0,6.0,5.0,19.0,0.0,0.0,8.0,1379.0,politbarometer,TOM
2023-06-16,28.0,19.0,16.0,6.0,5.0,18.0,0.0,0.0,8.0,1224.0,politbarometer,TOM
2023-05-26,28.0,20.0,16.0,6.0,5.0,17.0,0.0,0.0,8.0,1257.0,politbarometer,TOM
2023-05-05,30.0,19.0,17.0,6.0,5.0,15.0,0.0,0.0,8.0,1225.0,politbarometer,TOM
2023-04-21,31.0,18.0,18.0,6.0,4.0,15.0,0.0,0.0,8.0,1266.0,politbarometer,TOM
2023-03-31,30.0,19.0,17.0,7.0,5.0,15.0,0.0,0.0,7.0,1379.0,politbarometer,TOM
2023-03-17,29.0,21.0,19.0,5.0,5.0,14.0,0.0,0.0,7.0,1146.0,politbarometer,TOM
2023-03-03,29.0,21.0,18.0,5.0,5.0,15.0,0.0,0.0,7.0,1165.0,politbarometer,TOM
2023-02-17,30.0,20.0,19.0,5.0,5.0,14.0,0.0,0.0,7.0,1361.0,politbarometer,TOM
2023-01-27,27.0,21.0,19.0,6.0,6.0,15.0,0.0,0.0,6.0,1345.0,politbarometer,TOM
2023-01-13,27.0,20.0,21.0,6.0,6.0,14.0,0.0,0.0,6.0,1259.0,politbarometer,TOM
2022-12-16,28.0,20.0,20.0,6.0,5.0,15.0,0.0,0.0,6.0,1365.0,politbarometer,TOM
2022-11-25,28.0,19.0,22.0,5.0,6.0,14.0,0.0,0.0,6.0,1273.0,politbarometer,TOM
2022-11-11,28.0,19.0,22.0,5.0,5.0,15.0,0.0,0.0,6.0,1310.0,politbarometer,TOM
2022-10-21,28.0,19.0,21.0,6.0,5.0,15.0,0.0,0.0,6.0,1389.0,politbarometer,TOM
2022-09-30,27.0,18.0,22.0,7.0,5.0,14.0,0.0,0.0,7.0,1355.0,politbarometer,TOM
2022-09-09,28.0,19.0,23.0,6.0,5.0,13.0,0.0,0.0,6.0,1299.0,politbarometer,TOM
2022-08-12,26.0,19.0,26.0,7.0,4.0,12.0,0.0,0.0,6.0,1389.0,politbarometer,TOM
2022-07-15,26.0,21.0,25.0,6.0,5.0,11.0,0.0,0.0,6.0,1167.0,politbarometer,TOM
2022-07-01,27.0,21.0,25.0,6.0,5.0,10.0,0.0,0.0,6.0,1186.0,politbarometer,TOM
2022-06-17,26.0,22.0,25.0,6.0,5.0,10.0,0.0,0.0,6.0,1133.0,politbarometer,TOM
2022-05-20,26.0,22.0,24.0,7.0,4.0,10.0,0.0,0.0,7.0,1162.0,politbarometer,TOM
2022-04-29,23.0,25.0,21.0,9.0,4.0,11.0,0.0,0.0,7.0,1170.0,politbarometer,TOM
2022-04-08,24.0,27.0,19.0,8.0,4.0,11.0,0.0,0.0,7.0,1230.0,politbarometer,TOM
2022-03-11,24.0,27.0,18.0,9.0,5.0,10.0,0.0,0.0,7.0,1345.0,politbarometer,TOM
2022-03-02,24.0,26.0,17.0,9.0,6.0,11.0,0.0,0.0,7.0,1103.0,politbarometer,TOM
2022-02-11,25.0,25.0,16.0,9.0,6.0,11.0,0.0,0.0,8.0,1224.0,politbarometer,TOM
2022-01-28,23.0,24.0,18.0,10.0,7.0,10.0,0.0,0.0,8.0,1249.0,politbarometer,TOM
2022-01-14,22.0,27.0,16.0,11.0,6.0,10.0,0.0,0.0,8.0,1128.0,politbarometer,TOM
2021-12-10,21.0,28.0,17.0,12.0,5.0,10.0,0.0,0.0,7.0,1303.0,politbarometer,TOM
2021-11-26,19.0,28.0,17.0,13.0,5.0,11.0,0.0,0.0,7.0,1344.0,politbarometer,TOM
2021-11-12,20.0,28.0,16.0,13.0,5.0,11.0,0.0,0.0,7.0,1257.0,politbarometer,TOM
2021-10-29,20.0,27.0,16.0,14.0,5.0,11.0,0.0,0.0,7.0,1208.0,politbarometer,TOM
2021-10-15,19.0,28.0,17.0,13.0,5.0,11.0,0.0,0.0,7.0,1329.0,politbarometer,TOM
2021-10-01,20.0,28.0,16.0,13.0,5.0,10.0,0.0,0.0,8.0,1249.0,politbarometer,TOM
2021-09-23,23.0,25.0,16.5,11.0,6.0,10.0,3.0,0.0,5.5,1273.0,politbarometer,TOM
2021-09-17,22.0,25.0,16.0,11.0,6.0,11.0,0.0,0.0,9.0,1406.0,politbarometer,TOM
2021-09-10,22.0,25.0,17.0,11.0,6.0,11.0,3.0,0.0,5.0,1281.0,politbarometer,TOM
2021-09-03,22.0,25.0,17.0,11.0,7.0,11.0,0.0,0.0,7.0,1301.0,politbarometer,TOM
2021-08-27,22.0,22.0,20.0,10.0,6.0,11.0,3.0,0.0,6.0,1300.0,politbarometer,TOM
2021-08-13,26.0,19.0,19.0,11.0,7.0,11.0,0.0,0.0,7.0,1252.0,politbarometer,TOM
2021-07-30,28.0,16.0,21.0,10.0,7.0,11.0,3.0,0.0,4.0,1268.0,politbarometer,TOM
2021-07-16,30.0,15.0,20.0,10.0,7.0,10.0,0.0,0.0,8.0,1224.0,politbarometer,TOM
2021-06-25,29.0,14.0,22.0,10.0,7.0,10.0,0.0,0.0,8.0,1271.0,politbarometer,TOM
2021-06-10,28.0,15.0,22.0,10.0,7.0,11.0,3.0,0.0,4.0,1232.0,politbarometer,TOM
2021-05-21,24.0,14.0,25.0,11.0,7.0,11.0,3.0,0.0,5.0,1229.0,politbarometer,TOM
2021-05-07,25.0,14.0,26.0,10.0,7.0,11.0,0.0,0.0,7.0,1271.0,politbarometer,TOM
2021-04-16,31.0,14.0,21.0,9.0,7.0,11.0,0.0,0.0,7.0,1292.0,politbarometer,TOM
2021-03-26,28.0,15.0,23.0,9.0,7.0,12.0,0.0,0.0,6.0,1030.0,politbarometer,TOM
2021-02-26,35.0,16.0,19.0,7.0,7.0,10.0,0.0,0.0,6.0,1202.0,politbarometer,TOM
2021-01-28,37.0,15.0,20.0,6.0,7.0,9.0,0.0,0.0,6.0,1371.0,politbarometer,TOM
2021-01-15,37.0,15.0,20.0,5.0,8.0,10.0,0.0,0.0,5.0,1262.0,politbarometer,TOM
2020-12-10,37.0,16.0,20.0,5.0,8.0,10.0,0.0,0.0,4.0,1246.0,politbarometer,TOM
2020-11-27,37.0,16.0,21.0,5.0,7.0,9.0,0.0,0.0,5.0,1330.0,politbarometer,TOM
2020-11-13,37.0,16.0,20.0,5.0,7.0,9.0,0.0,0.0,6.0,1347.0,politbarometer,TOM
2020-10-23,38.0,15.0,20.0,5.0,8.0,9.0,0.0,0.0,5.0,1297.0,politbarometer,TOM
2020-10-09,37.0,16.0,20.0,5.0,7.0,10.0,0.0,0.0,5.0,1229.0,politbarometer,TOM
2020-09-17,37.0,17.0,19.0,5.0,7.0,10.0,0.0,0.0,5.0,1241.0,politbarometer,TOM
2020-08-28,38.0,16.0,19.0,5.0,8.0,9.0,0.0,0.0,5.0,1303.0,politbarometer,TOM
2020-07-31,38.0,14.0,21.0,5.0,8.0,9.0,0.0,0.0,5.0,1249.0,politbarometer,TOM
2020-07-10,39.0,15.0,20.0,5.0,7.0,9.0,0.0,0.0,5.0,1226.0,politbarometer,TOM
2020-06-26,40.0,15.0,19.0,5.0,7.0,9.0,0.0,0.0,5.0,1227.0,politbarometer,TOM
2020-06-12,39.0,15.0,20.0,4.0,7.0,9.0,0.0,0.0,6.0,1270.0,politbarometer,TOM
2020-05-29,39.0,15.0,19.0,4.0,8.0,9.0,0.0,0.0,6.0,1377.0,politbarometer,TOM
2020-05-15,38.0,15.0,18.0,5.0,8.0,10.0,0.0,0.0,6.0,1282.0,politbarometer,TOM
2020-04-24,39.0,16.0,18.0,5.0,7.0,9.0,0.0,0.0,6.0,1323.0,politbarometer,TOM
2020-04-09,35.0,17.0,20.0,5.0,7.0,10.0,0.0,0.0,6.0,1175.0,politbarometer,TOM
2020-03-27,33.0,15.0,22.0,6.0,8.0,10.0,0.0,0.0,6.0,1473.0,politbarometer,TOM
2020-03-06,26.0,16.0,23.0,6.0,8.0,14.0,0.0,0.0,7.0,1276.0,politbarometer,TOM
2020-02-07,27.0,14.0,22.0,6.0,10.0,14.0,0.0,0.0,7.0,1067.0,politbarometer,TOM
2020-01-16,27.0,14.0,23.0,7.0,9.0,14.0,0.0,0.0,6.0,1282.0,politbarometer,TOM
2019-12-13,27.0,13.0,23.0,8.0,9.0,14.0,0.0,0.0,6.0,1366.0,politbarometer,TOM
2019-11-29,27.0,13.0,23.0,7.0,10.0,14.0,0.0,0.0,6.0,1340.0,politbarometer,TOM
2019-11-08,27.0,14.0,22.0,7.0,10.0,14.0,0.0,0.0,6.0,1264.0,politbarometer,TOM
2019-10-18,29.0,14.0,24.0,6.0,8.0,13.0,0.0,0.0,6.0,1226.0,politbarometer,TOM
2019-09-27,27.0,13.0,27.0,6.0,7.0,14.0,0.0,0.0,6.0,1325.0,politbarometer,TOM
2019-09-05,28.0,15.0,24.0,6.0,7.0,13.0,0.0,0.0,7.0,1270.0,politbarometer,TOM
2019-08-09,28.0,13.0,25.0,7.0,7.0,13.0,0.0,0.0,7.0,1307.0,politbarometer,TOM
2019-07-19,28.0,13.0,25.0,8.0,8.0,12.0,0.0,0.0,6.0,1290.0,politbarometer,TOM
2019-06-21,27.0,14.0,26.0,7.0,7.0,13.0,0.0,0.0,6.0,1291.0,politbarometer,TOM
2019-06-06,27.0,13.0,26.0,7.0,7.0,13.0,0.0,0.0,7.0,1297.0,politbarometer,TOM
2019-05-10,30.0,16.0,20.0,7.0,8.0,14.0,0.0,0.0,5.0,1357.0,politbarometer,TOM
2019-04-12,28.0,17.0,20.0,8.0,9.0,13.0,0.0,0.0,5.0,1282.0,politbarometer,TOM
2019-03-28,30.0,15.0,19.0,9.0,9.0,13.0,0.0,0.0,5.0,1325.0,politbarometer,TOM
2019-03-15,31.0,16.0,19.0,8.0,8.0,12.0,0.0,0.0,6.0,1290.0,politbarometer,TOM
2019-02-22,31.0,15.0,20.0,7.0,9.0,13.0,0.0,0.0,5.0,1266.0,politbarometer,TOM
2019-02-08,30.0,16.0,20.0,8.0,9.0,12.0,0.0,0.0,5.0,1350.0,politbarometer,TOM
2019-01-25,31.0,14.0,20.0,8.0,9.0,13.0,0.0,0.0,5.0,1285.0,politbarometer,TOM
2019-01-11,29.0,14.0,21.0,8.0,9.0,14.0,0.0,0.0,5.0,1267.0,politbarometer,TOM
2018-12-14,30.0,15.0,19.0,7.0,9.0,15.0,0.0,0.0,5.0,1268.0,politbarometer,TOM
2018-11-23,27.0,14.0,22.0,8.0,9.0,16.0,0.0,0.0,4.0,1336.0,politbarometer,TOM
2018-11-09,27.0,14.0,22.0,9.0,9.0,14.0,0.0,0.0,5.0,1200.0,politbarometer,TOM
2018-10-19,27.0,14.0,20.0,8.0,10.0,16.0,0.0,0.0,5.0,1117.0,politbarometer,TOM
2018-09-28,28.0,17.0,17.0,8.0,10.0,16.0,0.0,0.0,4.0,1260.0,politbarometer,TOM
2018-09-14,30.0,20.0,16.0,7.0,8.0,15.0,0.0,0.0,4.0,1339.0,politbarometer,TOM
2018-08-31,31.0,18.0,14.0,8.0,8.0,17.0,0.0,0.0,4.0,1216.0,politbarometer,TOM
2018-08-10,31.0,18.0,15.0,8.0,9.0,16.0,0.0,0.0,3.0,1294.0,politbarometer,TOM
2018-07-13,31.0,18.0,14.0,7.0,11.0,15.0,0.0,0.0,4.0,1340.0,politbarometer,TOM
2018-06-29,32.0,18.0,14.0,9.0,10.0,14.0,0.0,0.0,3.0,1290.0,politbarometer,TOM
2018-06-08,33.0,20.0,13.0,8.0,10.0,13.0,0.0,0.0,3.0,1284.0,politbarometer,TOM
2018-05-18,34.0,20.0,12.0,8.0,9.0,14.0,0.0,0.0,3.0,1200.0,politbarometer,TOM
2018-04-27,34.0,20.0,13.0,7.0,10.0,13.0,0.0,0.0,3.0,1285.0,politbarometer,TOM
2018-04-13,33.0,19.0,14.0,8.0,9.0,13.0,0.0,0.0,4.0,1159.0,politbarometer,TOM
2018-03-16,32.0,19.0,12.0,9.0,11.0,13.0,0.0,0.0,4.0,1214.0,politbarometer,TOM
2018-02-23,33.0,17.0,12.0,8.0,11.0,14.0,0.0,0.0,5.0,1360.0,politbarometer,TOM
2018-02-02,31.0,19.0,14.0,7.0,11.0,14.0,0.0,0.0,4.0,1302.0,politbarometer,TOM
2018-01-19,33.0,20.0,12.0,8.0,10.0,12.0,0.0,0.0,5.0,1332.0,politbarometer,TOM
2017-12-08,32.0,23.0,12.0,8.0,9.0,12.0,0.0,0.0,4.0,1353.0,politbarometer,TOM
2017-11-17,33.0,21.0,12.0,10.0,9.0,11.0,0.0,0.0,4.0,1303.0,politbarometer,TOM
2017-10-27,33.0,21.0,11.0,10.0,9.0,12.0,0.0,0.0,4.0,1325.0,politbarometer,TOM
2017-10-13,31.0,21.0,11.0,11.0,10.0,12.0,0.0,0.0,4.0,1180.0,politbarometer,TOM
2017-09-29,32.0,21.0,11.0,10.0,10.0,12.0,0.0,0.0,4.0,1425.0,politbarometer,TOM
2002-09-13,37.0,40.0,7.0,7.5,4.5,0.0,0.0,0.0,4.0,1326.0,politbarometer,TOM
2002-09-06,38.0,38.0,7.0,8.0,4.0,0.0,0.0,0.0,5.0,1476.0,politbarometer,TOM
2002-08-30,39.0,38.0,7.0,8.0,4.0,0.0,0.0,0.0,4.0,1254.0,politbarometer,TOM
2002-08-23,39.0,38.0,7.0,9.0,4.0,0.0,0.0,0.0,3.0,1292.0,politbarometer,TOM
2002-08-16,41.0,36.0,7.0,9.0,4.0,0.0,0.0,0.0,3.0,1068.0,politbarometer,TOM
2002-08-09,41.0,36.0,6.0,9.0,5.0,0.0,0.0,0.0,3.0,1106.0,politbarometer,TOM
2002-07-26,41.0,36.0,6.0,9.0,5.0,0.0,0.0,0.0,3.0,1262.0,politbarometer,TOM
2002-07-12,40.0,37.0,6.0,8.0,5.0,0.0,0.0,0.0,4.0,1031.0,politbarometer,TOM
2002-06-28,39.0,36.0,7.0,9.0,5.0,0.0,0.0,0.0,4.0,1281.0,politbarometer,TOM
2002-06-14,39.0,35.0,7.0,10.0,5.0,0.0,0.0,0.0,4.0,1018.0,politbarometer,TOM
2002-05-31,40.0,35.0,6.0,9.0,5.0,0.0,0.0,0.0,5.0,1312.0,politbarometer,TOM
2002-05-10,41.0,36.0,6.0,8.0,5.0,0.0,0.0,0.0,4.0,1014.0,politbarometer,TOM
2002-04-26,41.0,36.0,6.0,8.0,5.0,0.0,0.0,0.0,4.0,1287.0,politbarometer,TOM
2002-04-12,41.0,36.0,6.0,8.0,5.0,0.0,0.0,0.0,4.0,1000.0,politbarometer,TOM
2002-03-22,40.0,36.0,6.0,8.0,6.0,0.0,0.0,0.0,4.0,1274.0,politbarometer,TOM
2002-03-08,41.0,37.0,5.0,8.0,5.0,0.0,0.0,0.0,4.0,1050.0,politbarometer,TOM
2002-02-22,40.0,38.0,5.0,8.0,5.0,0.0,0.0,0.0,4.0,1191.0,politbarometer,TOM
2002-02-08,40.0,39.0,4.0,8.0,6.0,0.0,0.0,0.0,3.0,1027.0,politbarometer,TOM
2002-01-18,40.0,38.0,5.0,7.0,6.0,0.0,0.0,0.0,4.0,1306.0,politbarometer,TOM
2002-01-11,39.0,39.0,5.0,7.0,6.0,0.0,0.0,0.0,4.0,1038.0,politbarometer,TOM
2001-12-14,37.0,41.0,5.0,7.0,6.0,0.0,0.0,0.0,4.0,1254.0,politbarometer,TOM
2001-11-15,38.0,41.0,5.0,7.0,6.0,0.0,0.0,0.0,3.0,1098.0,politbarometer,TOM
2001-10-12,38.0,41.0,5.0,7.0,5.0,0.0,0.0,0.0,4.0,1250.0,politbarometer,TOM
2001-09-14,38.0,40.0,5.0,7.0,5.0,0.0,0.0,0.0,5.0,1031.0,politbarometer,TOM
2001-08-24,37.0,39.0,6.0,8.0,5.0,0.0,0.0,0.0,5.0,1245.0,politbarometer,TOM
2001-07-20,35.0,41.0,5.0,9.0,5.0,0.0,0.0,0.0,5.0,1224.0,politbarometer,TOM
2001-06-22,36.0,41.0,5.0,8.0,5.0,0.0,0.0,0.0,5.0,1237.0,politbarometer,TOM
2001-05-18,36.0,41.0,5.0,8.0,5.0,0.0,0.0,0.0,5.0,1266.0,politbarometer,TOM
2001-04-06,38.0,41.0,6.0,6.0,5.0,0.0,0.0,0.0,4.0,1264.0,politbarometer,TOM
2001-03-16,37.0,42.0,6.0,6.0,5.0,0.0,0.0,0.0,4.0,1264.0,politbarometer,TOM
2001-02-16,36.0,43.0,5.0,7.0,5.0,0.0,0.0,0.0,4.0,1207.0,politbarometer,TOM
2001-01-19,38.0,41.0,6.0,6.0,5.0,0.0,0.0,0.0,4.0,1276.0,politbarometer,TOM
2000-12-15,38.0,41.0,6.0,6.0,5.0,0.0,0.0,0.0,4.0,1271.0,politbarometer,TOM
2000-11-17,38.0,41.0,6.0,6.0,5.0,0.0,0.0,0.0,4.0,1259.0,politbarometer,TOM
2000-10-20,37.0,41.0,6.0,6.0,5.0,0.0,0.0,0.0,5.0,1294.0,politbarometer,TOM
2000-09-22,38.0,40.0,6.0,6.0,5.0,0.0,0.0,0.0,5.0,1174.0,politbarometer,TOM
2000-08-25,36.0,42.0,6.0,7.0,5.0,0.0,0.0,0.0,4.0,1219.0,politbarometer,TOM
2000-07-28,38.0,40.0,5.0,7.0,5.0,0.0,0.0,0.0,5.0,1255.0,politbarometer,TOM
2000-06-23,39.0,38.0,6.0,7.0,5.0,0.0,0.0,0.0,5.0,,politbarometer,TOM
2000-05-19,37.0,40.0,6.0,7.0,5.0,0.0,0.0,0.0,5.0,,politbarometer,TOM
2000-04-14,36.0,42.0,6.0,6.0,5.0,0.0,0.0,0.0,5.0,,politbarometer,TOM
2000-03-17,35.0,43.0,6.0,6.0,5.0,0.0,0.0,0.0,5.0,,politbarometer,TOM
2000-02-18,35.0,42.0,7.0,6.0,6.0,0.0,0.0,0.0,4.0,,politbarometer,TOM
2000-01-21,40.0,39.0,6.0,5.0,6.0,0.0,0.0,0.0,4.0,,politbarometer,TOM
1999-12-10,45.0,36.0,5.0,4.0,6.0,0.0,0.0,0.0,4.0,,politbarometer,TOM
1999-11-12,48.0,33.0,5.0,4.0,6.0,0.0,0.0,0.0,4.0,,politbarometer,TOM
1999-10-15,47.0,33.0,6.0,4.0,6.0,0.0,0.0,0.0,4.0,,politbarometer,TOM
1999-09-24,47.0,34.0,5.0,5.0,5.0,0.0,0.0,0.0,4.0,,politbarometer,TOM
1999-08-20,45.0,36.0,5.0,5.0,5.0,0.0,0.0,0.0,4.0,,politbarometer,TOM
1999-07-23,44.0,38.0,5.0,5.0,5.0,0.0,0.0,0.0,3.0,,politbarometer,TOM
1999-06-25,44.0,38.0,5.0,5.0,4.0,0.0,0.0,0.0,4.0,,politbarometer,TOM
1999-05-21,42.0,40.0,5.0,5.0,4.0,0.0,0.0,0.0,4.0,,politbarometer,TOM
1999-04-16,41.0,41.0,5.0,5.0,4.0,0.0,0.0,0.0,4.0,,politbarometer,TOM
1999-03-19,41.0,41.0,5.0,5.0,4.0,0.0,0.0,0.0,4.0,,politbarometer,TOM
1999-02-26,39.0,42.0,6.0,4.0,4.0,0.0,0.0,0.0,5.0,,politbarometer,TOM
1999-01-22,37.0,44.0,6.0,4.0,4.0,0.0,0.0,0.0,5.0,,politbarometer,TOM
1998-12-11,36.0,44.0,7.0,4.0,4.0,0.0,0.0,0.0,5.0,,politbarometer,TOM
1998-11-13,35.0,44.0,7.0,4.0,4.0,0.0,0.0,0.0,6.0,,politbarometer,TOM
1998-10-16,35.0,44.0,6.0,5.0,4.0,0.0,0.0,0.0,6.0,,politbarometer,TOM
2005-09-09,41.0,34.0,7.0,7.0,8.0,0.0,0.0,0.0,3.0,1299.0,politbarometer,TOM
2005-09-02,43.0,32.0,7.0,7.0,8.0,0.0,0.0,0.0,3.0,1305.0,politbarometer,TOM
2005-08-26,43.0,30.0,8.0,8.0,8.0,0.0,0.0,0.0,3.0,1305.0,politbarometer,TOM
2005-08-19,43.0,29.0,9.0,8.0,8.0,0.0,0.0,0.0,3.0,1257.0,politbarometer,TOM
2005-08-12,42.0,29.0,9.0,8.0,9.0,0.0,0.0,0.0,3.0,1227.0,politbarometer,TOM
2005-08-05,42.0,28.0,9.0,8.0,9.0,0.0,0.0,0.0,4.0,1303.0,politbarometer,TOM
2005-07-22,43.0,26.0,10.0,7.0,10.0,0.0,0.0,0.0,4.0,1300.0,politbarometer,TOM
2005-07-08,44.0,27.0,9.0,7.0,8.0,0.0,0.0,0.0,5.0,1257.0,politbarometer,TOM
2005-06-24,44.0,27.0,9.0,7.0,8.0,0.0,0.0,0.0,5.0,1175.0,politbarometer,TOM
2005-06-10,44.0,29.0,8.0,7.0,5.0,0.0,0.0,0.0,7.0,1298.0,politbarometer,TOM
2005-05-27,45.0,30.0,8.0,6.0,5.0,0.0,0.0,0.0,6.0,1162.0,politbarometer,TOM
2005-04-29,44.0,30.0,9.0,6.0,5.0,0.0,0.0,0.0,6.0,1285.0,politbarometer,TOM
2005-04-15,43.0,31.0,9.0,6.0,5.0,0.0,0.0,0.0,6.0,1280.0,politbarometer,TOM
2005-03-18,42.0,31.0,10.0,6.0,5.0,0.0,0.0,0.0,6.0,1237.0,politbarometer,TOM
2005-02-25,41.0,32.0,9.0,7.0,5.0,0.0,0.0,0.0,6.0,1268.0,politbarometer,TOM
2005-01-28,40.0,32.0,10.0,7.0,5.0,0.0,0.0,0.0,6.0,1257.0,politbarometer,TOM
2005-01-14,39.0,32.0,10.0,7.0,6.0,0.0,0.0,0.0,6.0,1273.0,politbarometer,TOM
2004-12-10,41.0,30.0,10.0,7.0,6.0,0.0,0.0,0.0,6.0,1233.0,politbarometer,TOM
2004-11-26,41.0,30.0,10.0,7.0,6.0,0.0,0.0,0.0,6.0,1289.0,politbarometer,TOM
2004-11-12,41.0,29.0,11.0,7.0,6.0,0.0,0.0,0.0,6.0,1265.0,politbarometer,TOM
2004-10-29,40.0,30.0,11.0,7.0,6.0,0.0,0.0,0.0,6.0,1239.0,politbarometer,TOM
2004-10-15,42.0,28.0,11.0,6.0,6.0,0.0,0.0,0.0,7.0,1240.0,politbarometer,TOM
2004-09-24,44.0,27.0,10.0,6.0,6.0,0.0,0.0,0.0,7.0,1245.0,politbarometer,TOM
2004-08-27,45.0,26.0,10.0,6.0,6.0,0.0,0.0,0.0,7.0,1173.0,politbarometer,TOM
2004-07-23,45.0,26.0,11.0,7.0,5.0,0.0,0.0,0.0,6.0,1225.0,politbarometer,TOM
2004-07-09,46.0,25.0,12.0,7.0,5.0,0.0,0.0,0.0,5.0,1255.0,politbarometer,TOM
2004-06-25,46.0,27.0,11.0,7.0,5.0,0.0,0.0,0.0,4.0,1230.0,politbarometer,TOM
2004-05-28,48.0,29.0,9.0,6.0,4.0,0.0,0.0,0.0,4.0,1217.0,politbarometer,TOM
2004-05-14,48.0,28.0,10.0,6.0,4.0,0.0,0.0,0.0,4.0,1213.0,politbarometer,TOM
2004-04-23,48.0,29.0,10.0,5.0,4.0,0.0,0.0,0.0,4.0,1289.0,politbarometer,TOM
2004-04-02,48.0,29.0,10.0,5.0,4.0,0.0,0.0,0.0,4.0,1315.0,politbarometer,TOM
2004-03-19,48.0,29.0,10.0,5.0,4.0,0.0,0.0,0.0,4.0,1230.0,politbarometer,TOM
2004-03-05,49.0,28.0,10.0,5.0,4.0,0.0,0.0,0.0,4.0,1285.0,politbarometer,TOM
2004-02-13,48.0,29.0,10.0,5.0,4.0,0.0,0.0,0.0,4.0,1250.0,politbarometer,TOM
2004-01-16,48.0,28.0,10.0,5.0,4.0,0.0,0.0,0.0,5.0,1305.0,politbarometer,TOM
2003-12-12,48.0,28.0,10.0,5.0,4.0,0.0,0.0,0.0,5.0,1263.0,politbarometer,TOM
2003-11-28,48.0,29.0,10.0,5.0,4.0,0.0,0.0,0.0,4.0,1274.0,politbarometer,TOM
2003-11-14,48.0,29.0,10.0,5.0,4.0,0.0,0.0,0.0,4.0,1240.0,politbarometer,TOM
2003-10-24,48.0,29.0,9.0,6.0,4.0,0.0,0.0,0.0,4.0,1199.0,politbarometer,TOM
2003-10-10,47.0,30.0,10.0,6.0,3.0,0.0,0.0,0.0,4.0,1274.0,politbarometer,TOM
2003-09-12,45.0,30.0,10.0,7.0,4.0,0.0,0.0,0.0,4.0,1251.0,politbarometer,TOM
2003-08-22,45.0,31.0,10.0,6.0,4.0,0.0,0.0,0.0,4.0,1189.0,politbarometer,TOM
2003-07-18,46.0,32.0,8.0,6.0,4.0,0.0,0.0,0.0,4.0,1272.0,politbarometer,TOM
2003-06-27,47.0,30.0,9.0,6.0,4.0,0.0,0.0,0.0,4.0,1284.0,politbarometer,TOM
2003-06-06,46.0,31.0,9.0,6.0,4.0,0.0,0.0,0.0,4.0,1255.0,politbarometer,TOM
2003-05-16,46.0,31.0,9.0,6.0,4.0,0.0,0.0,0.0,4.0,1263.0,politbarometer,TOM
2003-05-02,46.0,32.0,9.0,6.0,4.0,0.0,0.0,0.0,3.0,1230.0,politbarometer,TOM
2003-04-11,45.0,33.0,9.0,6.0,4.0,0.0,0.0,0.0,3.0,1297.0,politbarometer,TOM
2003-03-28,47.0,32.0,9.0,5.0,4.0,0.0,0.0,0.0,3.0,1274.0,politbarometer,TOM
2003-03-14,48.0,31.0,9.0,5.0,4.0,0.0,0.0,0.0,3.0,1252.0,politbarometer,TOM
2003-02-21,48.0,30.0,9.0,6.0,4.0,0.0,0.0,0.0,3.0,1267.0,politbarometer,TOM
2003-02-07,48.0,30.0,9.0,6.0,4.0,0.0,0.0,0.0,3.0,1308.0,politbarometer,TOM
2003-01-24,47.0,31.0,9.0,5.0,4.0,0.0,0.0,0.0,4.0,1333.0,politbarometer,TOM
2002-12-13,46.0,32.0,9.0,5.0,4.0,0.0,0.0,0.0,4.0,1280.0,politbarometer,TOM
2002-11-15,44.0,34.0,9.0,5.0,4.0,0.0,0.0,0.0,4.0,1268.0,politbarometer,TOM
2002-10-18,40.0,38.0,8.0,6.0,4.0,0.0,0.0,0.0,4.0,1277.0,politbarometer,TOM
2009-09-18,36.0,25.0,10.0,13.0,11.0,0.0,0.0,0.0,5.0,1352.0,politbarometer,TOM
2009-09-11,36.0,23.0,11.0,14.0,11.0,0.0,0.0,0.0,5.0,1336.0,politbarometer,TOM
2009-09-04,37.0,23.0,11.0,15.0,10.0,0.0,0.0,0.0,4.0,1332.0,politbarometer,TOM
2009-08-28,37.0,23.0,12.0,14.0,9.0,0.0,0.0,0.0,5.0,1338.0,politbarometer,TOM
2009-08-21,37.0,23.0,12.0,14.0,9.0,0.0,0.0,0.0,5.0,1262.0,politbarometer,TOM
2009-08-07,36.0,23.0,12.0,14.0,9.0,0.0,0.0,0.0,6.0,1194.0,politbarometer,TOM
2009-07-24,36.0,24.0,11.0,14.0,9.0,0.0,0.0,0.0,6.0,1224.0,politbarometer,TOM
2009-07-03,36.0,25.0,11.0,13.0,9.0,0.0,0.0,0.0,6.0,1206.0,politbarometer,TOM
2009-06-12,37.0,25.0,11.0,13.0,8.0,0.0,0.0,0.0,6.0,1343.0,politbarometer,TOM
2009-05-29,36.0,28.0,10.0,12.0,9.0,0.0,0.0,0.0,5.0,1348.0,politbarometer,TOM
2009-05-08,37.0,27.0,9.0,13.0,10.0,0.0,0.0,0.0,4.0,1343.0,politbarometer,TOM
2009-04-24,37.0,26.0,9.0,14.0,10.0,0.0,0.0,0.0,4.0,1445.0,politbarometer,TOM
2009-03-27,37.0,25.0,9.0,15.0,10.0,0.0,0.0,0.0,4.0,1245.0,politbarometer,TOM
2009-03-06,37.0,24.0,10.0,15.0,10.0,0.0,0.0,0.0,4.0,1319.0,politbarometer,TOM
2009-02-13,38.0,25.0,10.0,13.0,10.0,0.0,0.0,0.0,4.0,1202.0,politbarometer,TOM
2009-01-30,37.0,26.0,9.0,14.0,9.0,0.0,0.0,0.0,5.0,1296.0,politbarometer,TOM
2009-01-09,40.0,26.0,8.0,11.0,10.0,0.0,0.0,0.0,5.0,1369.0,politbarometer,TOM
2008-12-12,39.0,26.0,9.0,11.0,10.0,0.0,0.0,0.0,5.0,1268.0,politbarometer,TOM
2008-11-21,39.0,25.0,10.0,11.0,10.0,0.0,0.0,0.0,5.0,1301.0,politbarometer,TOM
2008-11-07,40.0,25.0,9.0,11.0,10.0,0.0,0.0,0.0,5.0,1171.0,politbarometer,TOM
2008-10-24,38.0,25.0,9.0,11.0,11.0,0.0,0.0,0.0,6.0,1327.0,politbarometer,TOM
2008-10-10,38.0,25.0,8.0,11.0,12.0,0.0,0.0,0.0,6.0,1276.0,politbarometer,TOM
2008-09-12,40.0,26.0,9.0,9.0,11.0,0.0,0.0,0.0,5.0,1250.0,politbarometer,TOM
2008-08-15,40.0,25.0,10.0,9.0,11.0,0.0,0.0,0.0,5.0,1263.0,politbarometer,TOM
2008-07-11,39.0,26.0,9.0,10.0,12.0,0.0,0.0,0.0,4.0,1292.0,politbarometer,TOM
2008-06-13,39.0,26.0,10.0,10.0,11.0,0.0,0.0,0.0,4.0,1257.0,politbarometer,TOM
2008-05-30,40.0,25.0,10.0,9.0,11.0,0.0,0.0,0.0,5.0,1224.0,politbarometer,TOM
2008-05-09,40.0,27.0,9.0,8.0,11.0,0.0,0.0,0.0,5.0,1191.0,politbarometer,TOM
2008-04-18,40.0,27.0,9.0,8.0,11.0,0.0,0.0,0.0,5.0,1210.0,politbarometer,TOM
2008-04-04,39.0,28.0,9.0,9.0,11.0,0.0,0.0,0.0,4.0,1230.0,politbarometer,TOM
2008-03-14,40.0,29.0,9.0,8.0,10.0,0.0,0.0,0.0,4.0,1232.0,politbarometer,TOM
2008-02-29,40.0,30.0,7.0,8.0,11.0,0.0,0.0,0.0,4.0,1280.0,politbarometer,TOM
2008-02-08,41.0,30.0,7.0,7.0,10.0,0.0,0.0,0.0,5.0,1275.0,politbarometer,TOM
2008-01-11,42.0,30.0,7.0,7.0,9.0,0.0,0.0,0.0,5.0,1280.0,politbarometer,TOM
2007-12-14,41.0,31.0,8.0,7.0,9.0,0.0,0.0,0.0,4.0,1352.0,politbarometer,TOM
2007-11-23,40.0,31.0,9.0,6.0,9.0,0.0,0.0,0.0,5.0,1303.0,politbarometer,TOM
2007-11-09,40.0,30.0,8.0,7.0,10.0,0.0,0.0,0.0,5.0,1255.0,politbarometer,TOM
2007-10-19,40.0,31.0,8.0,7.0,9.0,0.0,0.0,0.0,5.0,1260.0,politbarometer,TOM
2007-10-05,41.0,30.0,8.0,7.0,10.0,0.0,0.0,0.0,4.0,1329.0,politbarometer,TOM
2007-09-14,40.0,29.0,9.0,8.0,10.0,0.0,0.0,0.0,4.0,1209.0,politbarometer,TOM
2007-08-17,40.0,29.0,8.0,9.0,9.0,0.0,0.0,0.0,5.0,1267.0,politbarometer,TOM
2007-07-20,40.0,29.0,8.0,9.0,10.0,0.0,0.0,0.0,4.0,1174.0,politbarometer,TOM
2007-06-22,38.0,31.0,8.0,9.0,10.0,0.0,0.0,0.0,4.0,1306.0,politbarometer,TOM
2007-06-01,39.0,31.0,8.0,8.0,9.0,0.0,0.0,0.0,5.0,1234.0,politbarometer,TOM
2007-05-18,38.0,32.0,9.0,8.0,9.0,0.0,0.0,0.0,4.0,1260.0,politbarometer,TOM
2007-04-20,37.0,32.0,10.0,9.0,8.0,0.0,0.0,0.0,4.0,1251.0,politbarometer,TOM
2007-03-30,37.0,31.0,9.0,9.0,9.0,0.0,0.0,0.0,5.0,1287.0,politbarometer,TOM
2007-03-16,37.0,32.0,9.0,9.0,8.0,0.0,0.0,0.0,5.0,1235.0,politbarometer,TOM
2007-03-02,37.0,31.0,9.0,10.0,8.0,0.0,0.0,0.0,5.0,1286.0,politbarometer,TOM
2007-02-09,37.0,30.0,10.0,10.0,8.0,0.0,0.0,0.0,5.0,1185.0,politbarometer,TOM
2007-01-12,36.0,32.0,9.0,10.0,8.0,0.0,0.0,0.0,5.0,1269.0,politbarometer,TOM
2006-12-15,37.0,31.0,10.0,9.0,8.0,0.0,0.0,0.0,5.0,1202.0,politbarometer,TOM
2006-11-24,36.0,31.0,10.0,10.0,8.0,0.0,0.0,0.0,5.0,1310.0,politbarometer,TOM
2006-11-10,35.0,31.0,9.0,11.0,8.0,0.0,0.0,0.0,6.0,1303.0,politbarometer,TOM
2006-10-27,34.0,31.0,10.0,11.0,9.0,0.0,0.0,0.0,5.0,1275.0,politbarometer,TOM
2006-10-13,33.0,32.0,10.0,11.0,8.0,0.0,0.0,0.0,6.0,1300.0,politbarometer,TOM
2006-09-29,33.0,31.0,9.0,13.0,7.0,0.0,0.0,0.0,7.0,1288.0,politbarometer,TOM
2006-09-01,36.0,30.0,9.0,11.0,8.0,0.0,0.0,0.0,6.0,1290.0,politbarometer,TOM
2006-08-18,36.0,30.0,9.0,12.0,7.0,0.0,0.0,0.0,6.0,1259.0,politbarometer,TOM
2006-07-14,37.0,31.0,8.0,11.0,7.0,0.0,0.0,0.0,6.0,1207.0,politbarometer,TOM
2006-06-16,39.0,32.0,8.0,9.0,8.0,0.0,0.0,0.0,4.0,1210.0,politbarometer,TOM
2006-05-19,41.0,32.0,8.0,9.0,7.0,0.0,0.0,0.0,3.0,1164.0,politbarometer,TOM
2006-04-28,42.0,31.0,7.0,8.0,8.0,0.0,0.0,0.0,4.0,1194.0,politbarometer,TOM
2006-04-07,41.0,32.0,8.0,7.0,8.0,0.0,0.0,0.0,4.0,1234.0,politbarometer,TOM
2006-03-10,41.0,32.0,7.0,8.0,8.0,0.0,0.0,0.0,4.0,1277.0,politbarometer,TOM
2006-02-17,41.0,32.0,8.0,8.0,7.0,0.0,0.0,0.0,4.0,1260.0,politbarometer,TOM
2006-01-27,41.0,33.0,7.0,8.0,8.0,0.0,0.0,0.0,3.0,1279.0,politbarometer,TOM
2006-01-13,39.0,33.0,8.0,9.0,8.0,0.0,0.0,0.0,3.0,1249.0,politbarometer,TOM
2005-12-09,38.0,34.0,8.0,9.0,8.0,0.0,0.0,0.0,3.0,1237.0,politbarometer,TOM
2005-11-25,37.0,34.0,9.0,9.0,8.0,0.0,0.0,0.0,3.0,1298.0,politbarometer,TOM
2005-11-11,36.0,33.0,9.0,9.0,9.0,0.0,0.0,0.0,4.0,1230.0,politbarometer,TOM
2005-10-28,37.0,35.0,8.0,9.0,8.0,0.0,0.0,0.0,3.0,1269.0,politbarometer,TOM
2005-10-14,38.0,35.0,7.0,8.0,8.0,0.0,0.0,0.0,4.0,1280.0,politbarometer,TOM
2005-10-07,39.0,34.0,7.0,7.0,9.0,0.0,0.0,0.0,4.0,1259.0,politbarometer,TOM
2005-09-23,37.0,35.0,8.0,8.0,8.0,0.0,0.0,0.0,4.0,1345.0,politbarometer,TOM
2013-09-19,40.0,27.0,9.0,5.5,8.5,4.0,0.0,0.0,6.0,1369.0,politbarometer,TOM
2013-09-13,40.0,26.0,11.0,6.0,8.0,4.0,0.0,0.0,5.0,1298.0,politbarometer,TOM
2013-09-05,41.0,26.0,10.0,6.0,8.0,3.0,0.0,0.0,6.0,1296.0,politbarometer,TOM
2013-08-29,41.0,26.0,12.0,6.0,7.0,3.0,0.0,0.0,5.0,1358.0,politbarometer,TOM
2013-08-23,41.0,25.0,13.0,6.0,8.0,0.0,0.0,0.0,7.0,1287.0,politbarometer,TOM
2013-08-16,41.0,25.0,13.0,5.0,8.0,0.0,0.0,0.0,5.0,1316.0,politbarometer,TOM
2013-08-02,40.0,27.0,14.0,5.0,7.0,0.0,0.0,0.0,7.0,1340.0,politbarometer,TOM
2013-07-12,41.0,26.0,13.0,5.0,7.0,3.0,0.0,0.0,5.0,1338.0,politbarometer,TOM
2013-06-28,43.0,26.0,13.0,4.0,6.0,3.0,0.0,0.0,5.0,1276.0,politbarometer,TOM
2013-06-07,42.0,28.0,13.0,4.0,6.0,3.0,0.0,0.0,4.0,1275.0,politbarometer,TOM
2013-05-17,41.0,29.0,13.0,4.0,6.0,3.0,0.0,0.0,4.0,1244.0,politbarometer,TOM
2013-04-26,40.0,28.0,14.0,4.0,6.0,3.0,0.0,0.0,5.0,1231.0,politbarometer,TOM
2013-04-12,42.0,27.0,14.0,4.0,6.0,0.0,0.0,0.0,7.0,1302.0,politbarometer,TOM
2013-03-22,40.0,29.0,14.0,4.0,7.0,0.0,0.0,0.0,3.0,1296.0,politbarometer,TOM
2013-03-08,41.0,28.0,14.0,4.0,7.0,0.0,0.0,0.0,6.0,1345.0,politbarometer,TOM
2013-02-22,40.0,30.0,14.0,4.0,6.0,0.0,0.0,0.0,4.0,1298.0,politbarometer,TOM
2013-01-25,41.0,29.0,13.0,4.0,6.0,0.0,0.0,0.0,4.0,1249.0,politbarometer,TOM
2013-01-11,42.0,28.0,13.0,4.0,6.0,0.0,0.0,0.0,4.0,1358.0,politbarometer,TOM
2012-12-14,40.0,30.0,13.0,4.0,7.0,0.0,0.0,0.0,3.0,1280.0,politbarometer,TOM
2012-11-30,38.0,29.0,14.0,4.0,7.0,0.0,0.0,0.0,4.0,1288.0,politbarometer,TOM
2012-11-16,39.0,30.0,13.0,4.0,6.0,0.0,0.0,0.0,4.0,1262.0,politbarometer,TOM
2012-10-26,39.0,29.0,13.0,4.0,6.0,0.0,0.0,0.0,5.0,1286.0,politbarometer,TOM
2012-10-11,38.0,31.0,12.0,4.0,6.0,0.0,0.0,0.0,4.0,1225.0,politbarometer,TOM
2012-09-28,38.0,29.0,13.0,4.0,6.0,0.0,0.0,0.0,4.0,1187.0,politbarometer,TOM
2012-09-14,36.0,30.0,13.0,4.0,6.0,0.0,0.0,0.0,5.0,1198.0,politbarometer,TOM
2012-08-24,37.0,29.0,12.0,5.0,6.0,0.0,0.0,0.0,5.0,1154.0,politbarometer,TOM
2012-07-13,36.0,30.0,13.0,4.0,6.0,0.0,0.0,0.0,4.0,1255.0,politbarometer,TOM
2012-06-15,34.0,32.0,13.0,5.0,5.0,0.0,0.0,0.0,4.0,1232.0,politbarometer,TOM
2012-05-25,36.0,31.0,14.0,4.0,5.0,0.0,0.0,0.0,3.0,1312.0,politbarometer,TOM
2012-05-16,35.0,30.0,13.0,4.0,5.0,0.0,0.0,0.0,4.0,1053.0,politbarometer,TOM
2012-04-27,35.0,29.0,14.0,3.0,6.0,0.0,0.0,0.0,4.0,1254.0,politbarometer,TOM
2012-03-30,36.0,29.0,14.0,3.0,7.0,0.0,0.0,0.0,3.0,1271.0,politbarometer,TOM
2012-03-09,36.0,30.0,14.0,3.0,7.0,0.0,0.0,0.0,4.0,1246.0,politbarometer,TOM
2012-02-10,37.0,29.0,14.0,3.0,7.0,0.0,0.0,0.0,4.0,1272.0,politbarometer,TOM
2012-01-27,36.0,30.0,16.0,3.0,7.0,0.0,0.0,0.0,3.0,1262.0,politbarometer,TOM
2012-01-13,36.0,31.0,15.0,4.0,6.0,0.0,0.0,0.0,4.0,1359.0,politbarometer,TOM
2011-12-16,34.0,31.0,17.0,4.0,6.0,0.0,0.0,0.0,4.0,1232.0,politbarometer,TOM
2011-11-25,35.0,30.0,16.0,4.0,6.0,0.0,0.0,0.0,4.0,1276.0,politbarometer,TOM
2011-11-11,34.0,30.0,17.0,4.0,7.0,0.0,0.0,0.0,3.0,1278.0,politbarometer,TOM
2011-10-28,34.0,31.0,16.0,4.0,6.0,0.0,0.0,0.0,3.0,1226.0,politbarometer,TOM
2011-10-14,34.0,30.0,16.0,4.0,6.0,0.0,0.0,0.0,4.0,1255.0,politbarometer,TOM
2011-09-23,34.0,30.0,18.0,4.0,6.0,0.0,0.0,0.0,4.0,1229.0,politbarometer,TOM
2011-09-09,34.0,30.0,20.0,4.0,6.0,0.0,0.0,0.0,6.0,1287.0,politbarometer,TOM
2011-08-12,34.0,29.0,20.0,4.0,7.0,0.0,0.0,0.0,6.0,1280.0,politbarometer,TOM
2011-07-15,33.0,29.0,22.0,4.0,7.0,0.0,0.0,0.0,5.0,1273.0,politbarometer,TOM
2011-06-10,34.0,28.0,22.0,4.0,7.0,0.0,0.0,0.0,5.0,1332.0,politbarometer,TOM
2011-05-27,34.0,28.0,22.0,4.0,7.0,0.0,0.0,0.0,5.0,1228.0,politbarometer,TOM
2011-05-06,35.0,26.0,23.0,4.0,7.0,0.0,0.0,0.0,5.0,1325.0,politbarometer,TOM
2011-04-15,34.0,27.0,23.0,4.0,7.0,0.0,0.0,0.0,5.0,1254.0,politbarometer,TOM
2011-04-01,34.0,28.0,19.0,5.0,8.0,0.0,0.0,0.0,6.0,1283.0,politbarometer,TOM
2011-02-25,36.0,29.0,15.0,5.0,9.0,0.0,0.0,0.0,6.0,1306.0,politbarometer,TOM
2011-02-11,36.0,27.0,17.0,5.0,9.0,0.0,0.0,0.0,6.0,1257.0,politbarometer,TOM
2011-01-28,36.0,27.0,19.0,5.0,8.0,0.0,0.0,0.0,5.0,1336.0,politbarometer,TOM
2011-01-14,35.0,29.0,18.0,5.0,8.0,0.0,0.0,0.0,5.0,1245.0,politbarometer,TOM
2010-12-17,34.0,28.0,19.0,5.0,9.0,0.0,0.0,0.0,5.0,1421.0,politbarometer,TOM
2010-12-03,34.0,27.0,20.0,5.0,9.0,0.0,0.0,0.0,5.0,1317.0,politbarometer,TOM
2010-11-12,33.0,28.0,20.0,5.0,9.0,0.0,0.0,0.0,5.0,1262.0,politbarometer,TOM
2010-10-22,32.0,29.0,20.0,5.0,9.0,0.0,0.0,0.0,5.0,1250.0,politbarometer,TOM
2010-10-01,31.0,30.0,19.0,5.0,9.0,0.0,0.0,0.0,6.0,1323.0,politbarometer,TOM
2010-09-24,31.0,30.0,19.0,5.0,9.0,0.0,0.0,0.0,6.0,1227.0,politbarometer,TOM
2010-09-10,32.0,31.0,17.0,5.0,10.0,0.0,0.0,0.0,5.0,1221.0,politbarometer,TOM
2010-08-27,33.0,31.0,16.0,5.0,10.0,0.0,0.0,0.0,5.0,1211.0,politbarometer,TOM
2010-07-16,33.0,32.0,15.0,5.0,10.0,0.0,0.0,0.0,5.0,1178.0,politbarometer,TOM
2010-06-18,33.0,31.0,15.0,5.0,11.0,0.0,0.0,0.0,5.0,1265.0,politbarometer,TOM
2010-06-04,34.0,29.0,15.0,6.0,10.0,0.0,0.0,0.0,6.0,1271.0,politbarometer,TOM
2010-05-21,36.0,27.0,14.0,6.0,11.0,0.0,0.0,0.0,6.0,1260.0,politbarometer,TOM
2010-04-23,38.0,26.0,13.0,8.0,10.0,0.0,0.0,0.0,5.0,1203.0,politbarometer,TOM
2010-03-26,37.0,26.0,13.0,9.0,11.0,0.0,0.0,0.0,4.0,1260.0,politbarometer,TOM
2010-03-12,36.0,25.0,14.0,10.0,10.0,0.0,0.0,0.0,5.0,1204.0,politbarometer,TOM
2010-02-26,36.0,25.0,14.0,10.0,10.0,0.0,0.0,0.0,5.0,1324.0,politbarometer,TOM
2010-01-29,37.0,26.0,12.0,10.0,10.0,0.0,0.0,0.0,5.0,1256.0,politbarometer,TOM
2010-01-15,36.0,25.0,12.0,11.0,11.0,0.0,0.0,0.0,5.0,1256.0,politbarometer,TOM
2009-12-11,35.0,25.0,11.0,12.0,11.0,0.0,0.0,0.0,6.0,1221.0,politbarometer,TOM
2009-11-27,35.0,24.0,10.0,13.0,12.0,0.0,0.0,0.0,6.0,1253.0,politbarometer,TOM
2009-10-30,36.0,22.0,11.0,13.0,13.0,0.0,0.0,0.0,5.0,1207.0,politbarometer,TOM
2009-10-16,35.0,22.0,11.0,14.0,13.0,0.0,0.0,0.0,5.0,1298.0,politbarometer,TOM
2009-10-02,35.0,22.0,11.0,14.0,13.0,0.0,0.0,0.0,5.0,1326.0,politbarometer,TOM
2017-09-21,36.0,21.5,8.0,10.0,8.5,11.0,0.0,0.0,5.0,1725.0,politbarometer,TOM
2017-09-15,36.0,23.0,8.0,10.0,9.0,10.0,0.0,0.0,4.0,1383.0,politbarometer,TOM
2017-09-08,38.0,22.0,8.0,9.0,9.0,9.0,0.0,0.0,5.0,1378.0,politbarometer,TOM
2017-09-01,39.0,22.0,8.0,10.0,9.0,8.0,0.0,0.0,4.0,1309.0,politbarometer,TOM
2017-08-25,39.0,22.0,8.0,9.0,9.0,9.0,0.0,0.0,4.0,1283.0,politbarometer,TOM
2017-08-11,40.0,24.0,8.0,8.0,8.0,8.0,0.0,0.0,4.0,1352.0,politbarometer,TOM
2017-07-21,40.0,24.0,8.0,8.0,8.0,8.0,0.0,0.0,4.0,1277.0,politbarometer,TOM
2017-07-07,40.0,24.0,8.0,8.0,9.0,7.0,0.0,0.0,4.0,1321.0,politbarometer,TOM
2017-06-23,39.0,25.0,8.0,8.0,9.0,7.0,0.0,0.0,4.0,1261.0,politbarometer,TOM
2017-06-02,39.0,25.0,7.0,8.0,9.0,8.0,0.0,0.0,4.0,1301.0,politbarometer,TOM
2017-05-19,38.0,27.0,7.0,8.0,9.0,7.0,0.0,0.0,4.0,1344.0,politbarometer,TOM
2017-04-28,37.0,29.0,8.0,6.0,9.0,8.0,0.0,0.0,3.0,1328.0,politbarometer,TOM
2017-04-07,35.0,32.0,7.0,5.0,8.0,9.0,0.0,0.0,4.0,1384.0,politbarometer,TOM
2017-03-10,34.0,32.0,7.0,5.0,8.0,9.0,0.0,0.0,5.0,1212.0,politbarometer,TOM
2017-02-17,34.0,30.0,9.0,6.0,7.0,10.0,0.0,0.0,4.0,1231.0,politbarometer,TOM
2017-01-27,36.0,24.0,8.0,6.0,10.0,11.0,0.0,0.0,5.0,1303.0,politbarometer,TOM
2017-01-13,36.0,21.0,10.0,6.0,9.0,13.0,0.0,0.0,5.0,1292.0,politbarometer,TOM
2016-12-09,36.0,22.0,10.0,5.0,10.0,12.0,0.0,0.0,5.0,1234.0,politbarometer,TOM
2016-11-25,36.0,21.0,11.0,5.0,10.0,13.0,0.0,0.0,4.0,1258.0,politbarometer,TOM
2016-11-11,34.0,22.0,13.0,5.0,10.0,12.0,0.0,0.0,4.0,1276.0,politbarometer,TOM
2016-10-28,33.0,23.0,12.0,5.0,10.0,12.0,0.0,0.0,5.0,1287.0,politbarometer,TOM
2016-10-14,34.0,22.0,12.0,5.0,10.0,13.0,0.0,0.0,4.0,1188.0,politbarometer,TOM
2016-09-23,33.0,22.0,13.0,5.0,10.0,13.0,0.0,0.0,4.0,1241.0,politbarometer,TOM
2016-08-12,35.0,22.0,13.0,6.0,9.0,11.0,0.0,0.0,4.0,1221.0,politbarometer,TOM
2016-07-22,35.0,24.0,13.0,5.0,8.0,11.0,0.0,0.0,4.0,1271.0,politbarometer,TOM
2016-07-08,34.0,23.0,13.0,6.0,9.0,11.0,0.0,0.0,4.0,1320.0,politbarometer,TOM
2016-06-24,34.0,22.0,12.0,6.0,9.0,12.0,0.0,0.0,5.0,1224.0,politbarometer,TOM
2016-06-03,33.0,21.0,13.0,6.0,9.0,13.0,0.0,0.0,5.0,1292.0,politbarometer,TOM
2016-05-13,33.0,21.0,14.0,7.0,8.0,13.0,0.0,0.0,4.0,1263.0,politbarometer,TOM
2016-04-22,33.0,22.0,14.0,7.0,8.0,12.0,0.0,0.0,4.0,1226.0,politbarometer,TOM
2016-04-08,36.0,22.0,12.0,7.0,7.0,12.0,0.0,0.0,4.0,1261.0,politbarometer,TOM
2016-03-18,35.0,23.0,12.0,6.0,8.0,12.0,0.0,0.0,4.0,1205.0,politbarometer,TOM
2016-02-19,36.0,25.0,10.0,5.0,9.0,10.0,0.0,0.0,5.0,1289.0,politbarometer,TOM
2016-01-29,37.0,24.0,11.0,5.0,8.0,11.0,0.0,0.0,4.0,1380.0,politbarometer,TOM
2016-01-15,37.0,24.0,10.0,5.0,8.0,11.0,0.0,0.0,5.0,1203.0,politbarometer,TOM
2015-12-11,39.0,24.0,10.0,4.0,9.0,9.0,0.0,0.0,5.0,1246.0,politbarometer,TOM
2015-11-27,39.0,25.0,9.0,4.0,8.0,9.0,0.0,0.0,6.0,1246.0,politbarometer,TOM
2015-11-13,39.0,26.0,9.0,4.0,9.0,8.0,0.0,0.0,5.0,1262.0,politbarometer,TOM
2015-10-23,39.0,25.0,10.0,5.0,9.0,6.0,0.0,0.0,6.0,1258.0,politbarometer,TOM
2015-10-09,41.0,25.0,9.0,4.0,9.0,6.0,0.0,0.0,6.0,1268.0,politbarometer,TOM
2015-09-25,41.0,26.0,10.0,4.0,9.0,5.0,0.0,0.0,5.0,1252.0,politbarometer,TOM
2015-09-11,42.0,26.0,10.0,4.0,8.0,4.0,0.0,0.0,6.0,1352.0,politbarometer,TOM
2015-08-21,42.0,26.0,10.0,4.0,9.0,3.0,0.0,0.0,6.0,1251.0,politbarometer,TOM
2015-07-24,41.0,25.0,11.0,4.0,9.0,4.0,0.0,0.0,6.0,1304.0,politbarometer,TOM
2015-07-03,41.0,26.0,11.0,4.0,9.0,4.0,0.0,0.0,5.0,1234.0,politbarometer,TOM
2015-06-12,41.0,25.0,11.0,4.0,10.0,4.0,0.0,0.0,5.0,1230.0,politbarometer,TOM
2015-05-22,40.0,26.0,11.0,4.0,9.0,5.0,0.0,0.0,5.0,1230.0,politbarometer,TOM
2015-04-17,41.0,26.0,10.0,3.0,9.0,6.0,0.0,0.0,5.0,1224.0,politbarometer,TOM
2015-03-27,41.0,25.0,11.0,3.0,9.0,6.0,0.0,0.0,5.0,1219.0,politbarometer,TOM
2015-03-13,43.0,24.0,10.0,3.0,9.0,6.0,0.0,0.0,5.0,1266.0,politbarometer,TOM
2015-02-27,41.0,25.0,11.0,3.0,8.0,7.0,0.0,0.0,5.0,1154.0,politbarometer,TOM
2015-01-30,41.0,25.0,12.0,3.0,8.0,6.0,0.0,0.0,5.0,1258.0,politbarometer,TOM
2015-01-16,42.0,25.0,11.0,3.0,8.0,6.0,0.0,0.0,5.0,1287.0,politbarometer,TOM
2014-12-12,42.0,25.0,12.0,0.0,8.0,6.0,0.0,0.0,7.0,1269.0,politbarometer,TOM
2014-11-28,41.0,26.0,11.0,0.0,8.0,6.0,0.0,0.0,8.0,1289.0,politbarometer,TOM
2014-11-14,41.0,26.0,10.0,0.0,8.0,7.0,0.0,0.0,8.0,1242.0,politbarometer,TOM
2014-10-24,41.0,26.0,9.0,3.0,8.0,7.0,0.0,0.0,6.0,1268.0,politbarometer,TOM
2014-10-10,41.0,25.0,9.0,3.0,8.0,8.0,0.0,0.0,6.0,1379.0,politbarometer,TOM
2014-09-26,41.0,26.0,9.0,3.0,8.0,7.0,0.0,0.0,6.0,1184.0,politbarometer,TOM
2014-09-05,42.0,25.0,9.0,3.0,9.0,6.0,0.0,0.0,6.0,1179.0,politbarometer,TOM
2014-08-22,41.0,25.0,10.0,4.0,9.0,4.0,0.0,0.0,7.0,1264.0,politbarometer,TOM
2014-07-18,41.0,24.0,11.0,3.0,9.0,5.0,0.0,0.0,7.0,1273.0,politbarometer,TOM
2014-06-27,39.0,25.0,11.0,3.0,9.0,6.0,0.0,0.0,7.0,1315.0,politbarometer,TOM
2014-06-05,39.0,26.0,11.0,3.0,9.0,5.0,0.0,0.0,7.0,1215.0,politbarometer,TOM
2014-05-09,40.0,25.0,11.0,4.0,10.0,4.0,0.0,0.0,6.0,1223.0,politbarometer,TOM
2014-04-11,41.0,25.0,10.0,4.0,10.0,4.0,0.0,0.0,6.0,1226.0,politbarometer,TOM
2014-03-28,41.0,25.0,10.0,3.0,10.0,5.0,0.0,0.0,6.0,1255.0,politbarometer,TOM
2014-03-14,41.0,25.0,10.0,4.0,10.0,4.0,0.0,0.0,6.0,1284.0,politbarometer,TOM
2014-02-21,43.0,24.0,10.0,4.0,10.0,4.0,0.0,0.0,5.0,1219.0,politbarometer,TOM
2014-01-31,43.0,25.0,10.0,4.0,9.0,4.0,0.0,0.0,5.0,1208.0,politbarometer,TOM
2014-01-17,43.0,24.0,9.0,4.0,10.0,4.0,0.0,0.0,6.0,1237.0,politbarometer,TOM
2013-12-13,42.0,25.0,9.0,4.0,10.0,4.0,0.0,0.0,6.0,1255.0,politbarometer,TOM
2013-11-29,42.0,26.0,8.0,3.0,10.0,5.0,0.0,0.0,6.0,1270.0,politbarometer,TOM
2013-11-08,42.0,26.0,9.0,3.0,9.0,5.0,0.0,0.0,6.0,1288.0,politbarometer,TOM
2013-09-27,43.0,26.0,7.0,3.0,10.0,5.0,0.0,0.0,6.0,1293.0,politbarometer,TOM
2026-08-18,20.0,12.0,15.0,5.0,12.0,28.0,0.0,3.0,5.0,1744.0,yougov,O
2026-07-14,20.0,12.0,14.0,5.0,12.0,27.0,0.0,4.0,6.0,1827.0,yougov,O
2026-06-16,20.0,12.0,14.0,5.0,12.0,29.0,0.0,4.0,5.0,1793.0,yougov,O
2026-05-12,22.0,13.0,13.0,4.0,11.0,28.0,0.0,4.0,5.0,1783.0,yougov,O
2026-04-15,23.0,13.0,14.0,4.0,10.0,27.0,0.0,4.0,5.0,1763.0,yougov,O
2026-03-17,26.0,14.0,13.0,3.0,9.0,26.0,0.0,3.0,6.0,1851.0,yougov,O
2026-02-11,25.0,16.0,11.0,4.0,10.0,25.0,0.0,4.0,6.0,1657.0,yougov,O
2026-01-14,25.0,16.0,12.0,4.0,10.0,25.0,0.0,3.0,5.0,1673.0,yougov,O
2025-12-17,26.0,14.0,12.0,4.0,10.0,26.0,0.0,4.0,5.0,1743.0,yougov,O
2025-11-19,27.0,14.0,11.0,4.0,11.0,25.0,0.0,4.0,5.0,2005.0,yougov,O
2025-10-15,27.0,14.0,11.0,3.0,10.0,26.0,0.0,4.0,5.0,1880.0,yougov,O
2025-09-17,26.0,15.0,11.0,4.0,9.0,27.0,0.0,5.0,4.0,1649.0,yougov,O
2025-08-20,27.0,14.0,12.0,3.0,10.0,25.0,0.0,5.0,4.0,1831.0,yougov,O
2025-07-16,27.0,14.0,11.0,3.0,10.0,25.0,0.0,5.0,5.0,1820.0,yougov,O
2025-06-18,28.0,14.0,12.0,3.0,8.0,23.0,0.0,5.0,5.0,1912.0,yougov,O
2025-05-14,27.0,15.0,12.0,3.0,9.0,25.0,0.0,4.0,4.0,1927.0,yougov,O
2025-04-30,26.0,14.0,12.0,4.0,10.0,26.0,0.0,5.0,3.0,1987.0,yougov,O
2025-03-26,26.0,15.0,12.0,3.0,10.0,24.0,0.0,5.0,4.0,1890.0,yougov,O
2025-02-21,29.0,16.0,13.0,4.0,8.0,20.0,0.0,5.0,5.0,1681.0,yougov,O
2025-02-17,27.0,17.0,12.0,4.0,9.0,20.0,0.0,5.0,5.0,2131.0,yougov,O
2025-02-12,29.0,16.0,12.0,4.0,6.0,21.0,0.0,5.0,6.0,2083.0,yougov,O
2025-02-05,29.0,18.0,12.0,4.0,6.0,22.0,0.0,6.0,4.0,2181.0,yougov,O
2025-01-29,29.0,15.0,13.0,3.0,5.0,23.0,0.0,6.0,5.0,1781.0,yougov,O
2025-01-22,28.0,19.0,15.0,4.0,4.0,19.0,0.0,6.0,6.0,1858.0,yougov,O
2025-01-15,30.0,18.0,14.0,4.0,4.0,21.0,0.0,6.0,5.0,1771.0,yougov,O
2025-01-08,29.0,16.0,14.0,5.0,3.0,21.0,0.0,6.0,6.0,1908.0,yougov,O
2024-12-05,30.0,18.0,13.0,4.0,3.0,19.0,1.0,7.0,6.0,1879.0,yougov,O
2024-11-14,33.0,15.0,12.0,5.0,3.0,19.0,1.0,7.0,6.0,1805.0,yougov,O
2024-10-10,32.0,16.0,11.0,5.0,3.0,18.0,1.0,8.0,6.0,1773.0,yougov,O
2024-09-13,32.0,14.0,13.0,4.0,4.0,18.0,1.0,8.0,6.0,1752.0,yougov,O
2024-08-16,31.0,15.0,12.0,5.0,3.0,19.0,1.0,8.0,6.0,1998.0,yougov,O
2024-07-05,30.0,14.0,12.0,6.0,3.0,19.0,2.0,9.0,6.0,1711.0,yougov,O
2024-06-07,29.0,14.0,12.0,4.0,4.0,18.0,2.0,9.0,8.0,1894.0,yougov,O
2024-05-10,30.0,16.0,14.0,4.0,4.0,19.0,1.0,7.0,5.0,1749.0,yougov,O
2024-04-11,29.0,14.0,15.0,5.0,4.0,19.0,1.0,7.0,6.0,1588.0,yougov,O
2024-03-07,29.0,15.0,14.0,4.0,4.0,19.0,1.0,7.0,7.0,1762.0,yougov,O
2024-02-08,31.0,14.0,12.0,4.0,3.0,20.0,1.0,7.0,6.0,2018.0,yougov,O
2024-01-11,29.0,15.0,12.0,6.0,5.0,24.0,2.0,0.0,7.0,1614.0,yougov,O
2023-12-08,30.0,14.0,14.0,6.0,4.0,23.0,2.0,0.0,7.0,1669.0,yougov,O
2023-11-10,29.0,15.0,15.0,5.0,5.0,22.0,2.0,0.0,7.0,1732.0,yougov,O
2023-10-13,29.0,16.0,15.0,5.0,6.0,21.0,2.0,0.0,5.0,1842.0,yougov,O
2023-09-08,29.0,16.0,14.0,5.0,5.0,23.0,1.0,0.0,8.0,1833.0,yougov,O
2023-08-04,27.0,17.0,14.0,5.0,6.0,23.0,1.0,0.0,7.0,1756.0,yougov,O
2023-07-07,27.0,18.0,14.0,6.0,6.0,21.0,1.0,0.0,6.0,1694.0,yougov,O
2023-06-09,28.0,19.0,13.0,5.0,6.0,20.0,1.0,0.0,7.0,1628.0,yougov,O
2023-05-12,31.0,16.0,16.0,5.0,6.0,17.0,2.0,0.0,7.0,1700.0,yougov,O
2023-04-06,30.0,20.0,15.0,6.0,6.0,17.0,1.0,0.0,6.0,1522.0,yougov,O
2023-03-10,28.0,20.0,16.0,6.0,7.0,17.0,1.0,0.0,6.0,1649.0,yougov,O
2023-02-10,27.0,19.0,16.0,6.0,6.0,17.0,2.0,0.0,7.0,1736.0,yougov,O
2023-01-13,27.0,18.0,17.0,8.0,6.0,16.0,1.0,0.0,6.0,1561.0,yougov,O
2022-12-22,30.0,19.0,17.0,7.0,5.0,14.0,1.0,0.0,8.0,1608.0,yougov,O
2022-11-11,29.0,18.0,20.0,5.0,7.0,16.0,1.0,0.0,5.0,1608.0,yougov,O
2022-10-14,29.0,16.0,19.0,6.0,6.0,15.0,2.0,0.0,7.0,1617.0,yougov,O
2022-09-16,29.0,16.0,19.0,6.0,7.0,14.0,1.0,0.0,7.0,1635.0,yougov,O
2022-08-12,27.0,19.0,21.0,6.0,6.0,14.0,1.0,0.0,7.0,1595.0,yougov,O
2022-07-08,28.0,19.0,20.0,7.0,5.0,12.0,1.0,0.0,8.0,1655.0,yougov,O
2022-06-10,30.0,18.0,21.0,7.0,6.0,12.0,1.0,0.0,6.0,1633.0,yougov,O
2022-05-12,28.0,20.0,19.0,9.0,5.0,10.0,1.0,0.0,7.0,1659.0,yougov,O
2022-04-14,26.0,21.0,18.0,9.0,6.0,12.0,1.0,0.0,7.0,1643.0,yougov,O
2022-03-11,26.0,23.0,16.0,9.0,6.0,11.0,1.0,0.0,7.0,1629.0,yougov,O
2022-02-21,27.0,21.0,17.0,9.0,7.0,11.0,1.0,0.0,6.0,1659.0,yougov,O
2022-01-28,26.0,23.0,15.0,8.0,8.0,12.0,2.0,0.0,7.0,1602.0,yougov,O
2021-12-17,23.0,27.0,16.0,10.0,6.0,11.0,2.0,0.0,6.0,1715.0,yougov,O
2021-11-26,23.0,25.0,16.0,11.0,6.0,12.0,2.0,0.0,5.0,1797.0,yougov,O
2021-09-23,21.0,25.0,14.0,11.0,7.0,12.0,2.0,0.0,7.0,2364.0,yougov,O
2021-09-16,20.0,25.0,15.0,10.0,8.0,11.0,3.0,0.0,7.0,1816.0,yougov,O
2021-09-10,21.0,26.0,15.0,10.0,6.0,12.0,0.0,0.0,10.0,1700.0,yougov,O
2021-09-03,20.0,25.0,15.0,13.0,8.0,12.0,0.0,0.0,8.0,1729.0,yougov,O
2021-08-27,22.0,24.0,16.0,13.0,8.0,11.0,0.0,0.0,7.0,1689.0,yougov,O
2021-07-30,28.0,16.0,16.0,12.0,8.0,12.0,0.0,0.0,8.0,1748.0,yougov,O
2021-07-02,30.0,15.0,19.0,11.0,7.0,11.0,0.0,0.0,7.0,1648.0,yougov,O
2021-05-27,26.0,15.0,22.0,12.0,7.0,11.0,0.0,0.0,7.0,1706.0,yougov,O
2021-04-30,24.0,14.0,25.0,11.0,8.0,11.0,0.0,0.0,7.0,1643.0,yougov,O
2021-04-01,27.0,17.0,21.0,10.0,8.0,11.0,0.0,0.0,6.0,1637.0,yougov,O
2021-02-26,33.0,16.0,18.0,8.0,8.0,11.0,0.0,0.0,6.0,1619.0,yougov,O
2021-02-04,36.0,15.0,18.0,7.0,9.0,10.0,0.0,0.0,5.0,1606.0,yougov,O
2021-01-06,36.0,15.0,18.0,6.0,9.0,10.0,0.0,0.0,6.0,1588.0,yougov,O
2020-11-26,37.0,15.0,18.0,6.0,9.0,10.0,0.0,0.0,5.0,1632.0,yougov,O
2020-10-30,35.0,15.0,18.0,6.0,9.0,12.0,0.0,0.0,5.0,1656.0,yougov,O
2020-09-25,35.0,15.0,18.0,5.0,9.0,12.0,0.0,0.0,6.0,1623.0,yougov,O
2020-08-28,36.0,16.0,18.0,5.0,8.0,11.0,0.0,0.0,6.0,1611.0,yougov,O
2020-08-06,36.0,14.0,18.0,6.0,9.0,11.0,0.0,0.0,6.0,1623.0,yougov,O
2020-06-26,37.0,15.0,17.0,5.0,9.0,11.0,0.0,0.0,6.0,1636.0,yougov,O
2020-05-28,37.0,15.0,16.0,5.0,9.0,11.0,0.0,0.0,7.0,1584.0,yougov,O
2020-04-30,37.0,16.0,16.0,5.0,9.0,11.0,0.0,0.0,6.0,1636.0,yougov,O
2020-04-03,34.0,16.0,18.0,6.0,9.0,12.0,0.0,0.0,5.0,1615.0,yougov,O
2020-03-06,27.0,15.0,21.0,6.0,10.0,14.0,0.0,0.0,7.0,1632.0,yougov,O
2019-12-18,27.0,13.0,21.0,7.0,10.0,15.0,0.0,0.0,7.0,1586.0,yougov,O
2019-11-27,26.0,13.0,22.0,7.0,10.0,15.0,0.0,0.0,7.0,1648.0,yougov,O
2019-11-06,27.0,13.0,22.0,7.0,10.0,14.0,0.0,0.0,7.0,1583.0,yougov,O
2019-10-03,26.0,13.0,22.0,8.0,8.0,15.0,0.0,0.0,8.0,1573.0,yougov,O
2019-09-11,27.0,15.0,22.0,6.0,8.0,14.0,0.0,0.0,8.0,1632.0,yougov,O
2019-07-31,26.0,13.0,24.0,8.0,8.0,14.0,0.0,0.0,7.0,1594.0,yougov,O
2019-07-03,26.0,13.0,25.0,7.0,8.0,13.0,0.0,0.0,8.0,1644.0,yougov,O
2019-05-23,29.0,18.0,18.0,8.0,9.0,12.0,0.0,0.0,6.0,1609.0,yougov,O
2019-05-03,29.0,18.0,17.0,9.0,9.0,13.0,0.0,0.0,5.0,1642.0,yougov,O
2019-03-28,30.0,18.0,17.0,9.0,9.0,12.0,0.0,0.0,5.0,1633.0,yougov,O
2019-02-27,30.0,18.0,17.0,9.0,9.0,13.0,0.0,0.0,4.0,1620.0,yougov,O
2019-01-31,32.0,15.0,18.0,8.0,9.0,14.0,0.0,0.0,4.0,1578.0,yougov,O
2018-12-28,30.0,16.0,18.0,8.0,10.0,14.0,0.0,0.0,4.0,1665.0,yougov,O
2018-11-28,27.0,15.0,21.0,9.0,10.0,14.0,0.0,0.0,4.0,1580.0,yougov,O
2018-11-07,25.0,14.0,21.0,10.0,10.0,16.0,0.0,0.0,4.0,1542.0,yougov,O
2018-09-27,27.0,17.0,14.0,9.0,11.0,18.0,0.0,0.0,4.0,1504.0,yougov,O
2018-08-30,28.0,17.0,13.0,9.0,11.0,17.0,0.0,0.0,5.0,1538.0,yougov,O
2018-07-25,30.0,17.0,12.0,9.0,11.0,17.0,0.0,0.0,4.0,1520.0,yougov,O
2018-06-27,30.0,17.0,12.0,10.0,11.0,16.0,0.0,0.0,4.0,1525.0,yougov,O
2018-05-30,33.0,17.0,11.0,9.0,11.0,16.0,0.0,0.0,3.0,1556.0,yougov,O
2018-04-25,32.0,18.0,12.0,9.0,10.0,15.0,0.0,0.0,4.0,1573.0,yougov,O
2018-03-28,34.0,17.0,11.0,8.0,11.0,15.0,0.0,0.0,4.0,1579.0,yougov,O
2018-02-28,32.0,16.0,12.0,8.0,12.0,16.0,0.0,0.0,4.0,1585.0,yougov,O
2018-01-25,34.0,19.0,10.0,8.0,11.0,14.0,0.0,0.0,4.0,1566.0,yougov,O
2017-12-28,33.0,21.0,10.0,9.0,10.0,13.0,0.0,0.0,4.0,1489.0,yougov,O
2017-11-29,32.0,21.0,10.0,9.0,10.0,13.0,0.0,0.0,5.0,1570.0,yougov,O
2017-09-21,36.0,23.0,7.0,9.0,10.0,10.0,0.0,0.0,5.0,1862.0,yougov,O
2017-09-13,36.0,23.0,8.0,9.0,10.0,10.0,0.0,0.0,4.0,1600.0,yougov,O
2017-09-06,34.0,24.0,7.0,9.0,9.0,11.0,0.0,0.0,6.0,1617.0,yougov,O
2017-08-30,36.0,25.0,7.0,7.0,10.0,10.0,0.0,0.0,5.0,1557.0,yougov,O
2017-08-24,37.0,25.0,7.0,8.0,9.0,9.0,0.0,0.0,5.0,1520.0,yougov,O
2017-08-16,37.0,25.0,7.0,9.0,9.0,9.0,0.0,0.0,4.0,1538.0,yougov,O
2017-08-10,38.0,24.0,6.0,9.0,9.0,9.0,0.0,0.0,5.0,1513.0,yougov,O
2017-08-03,37.0,25.0,7.0,9.0,9.0,8.0,0.0,0.0,5.0,2000.0,yougov,O
2017-07-27,38.0,25.0,7.0,9.0,9.0,8.0,0.0,0.0,4.0,2000.0,yougov,O
2017-07-12,38.0,24.0,8.0,9.0,9.0,8.0,0.0,0.0,4.0,1535.0,yougov,O
2017-06-29,38.0,25.0,8.0,8.0,9.0,8.0,0.0,0.0,4.0,2000.0,yougov,O
2017-06-23,36.0,25.0,8.0,9.0,10.0,7.0,0.0,0.0,5.0,1523.0,yougov,O
2017-06-02,37.0,23.0,8.0,9.0,10.0,9.0,0.0,0.0,4.0,2040.0,yougov,O
2017-05-19,38.0,25.0,7.0,9.0,9.0,9.0,0.0,0.0,3.0,2000.0,yougov,O
2017-05-12,37.0,25.0,7.0,9.0,8.0,9.0,0.0,0.0,5.0,2010.0,yougov,O
2017-05-05,35.0,28.0,7.0,7.0,9.0,9.0,0.0,0.0,5.0,1957.0,yougov,O
